Platform,Profiler,Benchmark Suite,Suite,Workload,benchmark_name,execution_time (microseconds),exp_name,peak_memory_kb (KB),read_freq (accesses/us),read_size,total_reads (count),total_reads_d,total_reads_i,total_writes (count),total_writes_d,total_writes_i,workingset_size (count),write_freq (accesses/us),write_size
CPU,DynamoRIO,spec2017,fprate,alberta_both/blender/both,,1403900703.0,DynamoRIOProfilers,885360.0,1.6860692297836966,8,2367073777.0,1,1,1082079646.0,1,1,4330435.0,0.7707665105428756,8
CPU,DynamoRIO,spec2017,fprate,alberta_both/bwaves/both,,2968917531.0,DynamoRIOProfilers,2746092.0,1.4543413294291332,8,4317819469.0,1,1,821678968.0,1,1,14405842.0,0.27676045542539524,8
CPU,DynamoRIO,spec2017,fprate,alberta_both/bwaves/both,,2920084671.0,DynamoRIOProfilers,2705228.0,1.480235706836461,8,4322413597.0,1,1,816525081.0,1,1,14174063.0,0.2796237688273526,8
CPU,DynamoRIO,spec2017,fprate,alberta_both/bwaves/both,,2987913793.0,DynamoRIOProfilers,2746348.0,1.4450879292821686,8,4317798156.0,1,1,821674896.0,1,1,14405532.0,0.2749995324245956,8
CPU,DynamoRIO,spec2017,fprate,alberta_both/bwaves/both,,2990431339.0,DynamoRIOProfilers,2532956.0,1.4500857733955148,8,4336381941.0,1,1,808949151.0,1,1,13217249.0,0.2705125312358827,8
CPU,DynamoRIO,spec2017,fprate,alberta_both/cactuBSSN/both,,2403339026.0,DynamoRIOProfilers,2059068.0,1.630907839716493,8,3919624459.0,1,1,1119530485.0,1,1,9751977.0,0.4658229541852411,8
CPU,DynamoRIO,spec2017,fprate,alberta_both/cam4/both,,1051392277.0,DynamoRIOProfilers,2105084.0,1.9197301883928524,4,2018389494.0,1,1,468002087.0,1,1,10486948.0,0.44512604594678795,1
CPU,DynamoRIO,spec2017,fprate,alberta_both/fotonik3d/both,,1362594527.0,DynamoRIOProfilers,135928.0,1.6483705845678918,8,2246060737.0,1,1,1495599140.0,1,1,381611.0,1.0976112925485133,8
CPU,DynamoRIO,spec2017,fprate,alberta_both/imagick/both,,736605487.0,DynamoRIOProfilers,165340.0,2.6590623618311438,2,1958679926.0,1,1,167264361.0,1,1,747490.0,0.22707455205258334,8
CPU,DynamoRIO,spec2017,fprate,alberta_both/lbm/both,,2239727206.0,DynamoRIOProfilers,1659984.0,1.2923945676266433,8,2894611274.0,1,1,1614410689.0,1,1,6702413.0,0.72080683963438,8
CPU,DynamoRIO,spec2017,fprate,alberta_both/nab/both,,1381865420.0,DynamoRIOProfilers,358308.0,1.7928805483822006,8,2477519632.0,1,1,1059137552.0,1,1,1862557.0,0.7664549214930062,8
CPU,DynamoRIO,spec2017,fprate,alberta_both/namd/both,,1310366618.0,DynamoRIOProfilers,421716.0,1.970859076020815,8,2582547942.0,1,1,864365048.0,1,1,2154993.0,0.6596360408808888,8
CPU,DynamoRIO,spec2017,fprate,alberta_both/povray/both,,1764553972.0,DynamoRIOProfilers,33792.0,2.0128046029526603,8,3551702357.0,1,1,1551820219.0,1,1,65326.0,0.8794404952324122,8
CPU,DynamoRIO,spec2017,fprate,alberta_both/roms/both,,2302660633.0,DynamoRIOProfilers,2750952.0,1.6147721569181837,8,3718272277.0,1,1,920673950.0,1,1,13738165.0,0.3998304990347225,8
CPU,DynamoRIO,spec2017,fprate,alberta_both/wrf/both,,1795093541.0,DynamoRIOProfilers,691432.0,1.7044229680062115,4,3059598661.0,1,1,868085589.0,1,1,2872147.0,0.4835879407801847,4
CPU,DynamoRIO,spec2017,fprate,baseline/blender/O1,,1493460796.0,DynamoRIOProfilers,815424.0,1.802365402700534,8,2691762069.0,1,1,1402914533.0,1,1,4040266.0,0.939371516652788,8
CPU,DynamoRIO,spec2017,fprate,baseline/blender/O2,,1355579129.0,DynamoRIOProfilers,854544.0,1.8235232640558012,8,2471930078.0,1,1,1142333110.0,1,1,4140342.0,0.8426900986906534,8
CPU,DynamoRIO,spec2017,fprate,baseline/blender/Ofast,,1317172285.0,DynamoRIOProfilers,902440.0,1.8235313484446722,8,2401904953.0,1,1,1103759221.0,1,1,4337823.0,0.8379763479460092,8
CPU,DynamoRIO,spec2017,fprate,baseline/bwaves/O1,,2640471489.0,DynamoRIOProfilers,2859988.0,1.675456190089542,8,4423994301.0,1,1,905225528.0,1,1,15176654.0,0.34282723058025794,8
CPU,DynamoRIO,spec2017,fprate,baseline/bwaves/O1,,2720812326.0,DynamoRIOProfilers,2815916.0,1.6628977231412323,8,4524432622.0,1,1,878892665.0,1,1,14938576.0,0.32302583188165107,8
CPU,DynamoRIO,spec2017,fprate,baseline/bwaves/O1,,2725113903.0,DynamoRIOProfilers,2858060.0,1.6234202702975973,8,4424005149.0,1,1,905209917.0,1,1,15176795.0,0.33217324090691414,8
CPU,DynamoRIO,spec2017,fprate,baseline/bwaves/O1,,2646644776.0,DynamoRIOProfilers,2606660.0,1.6732757690637665,8,4428566573.0,1,1,902570715.0,1,1,13946250.0,0.34102450135529633,8
CPU,DynamoRIO,spec2017,fprate,baseline/bwaves/O2,,2628002060.0,DynamoRIOProfilers,2750700.0,1.5577202995038748,8,4093692156.0,1,1,915737511.0,1,1,14362249.0,0.3484538786853158,8
CPU,DynamoRIO,spec2017,fprate,baseline/bwaves/O2,,2568419942.0,DynamoRIOProfilers,2715640.0,1.59846505739364,8,4105529530.0,1,1,909711014.0,1,1,14167704.0,0.35419091680608045,8
CPU,DynamoRIO,spec2017,fprate,baseline/bwaves/O2,,2630696656.0,DynamoRIOProfilers,2755340.0,1.5561278719320346,8,4093700389.0,1,1,915723604.0,1,1,14395610.0,0.34809167446632433,8
CPU,DynamoRIO,spec2017,fprate,baseline/bwaves/O2,,2684602297.0,DynamoRIOProfilers,2532332.0,1.5764999779406805,8,4232275462.0,1,1,874421761.0,1,1,13207834.0,0.32571743009277476,8
CPU,DynamoRIO,spec2017,fprate,baseline/bwaves/O3,,,DynamoRIOProfilers,,,32,326477024446.0,1,1,41632045321.0,1,1,15428765.0,,32
CPU,DynamoRIO,spec2017,fprate,baseline/bwaves/O3,,,DynamoRIOProfilers,,,32,309889632848.0,1,1,38930247779.0,1,1,15140611.0,,32
CPU,DynamoRIO,spec2017,fprate,baseline/bwaves/O3,,,DynamoRIOProfilers,,,32,206545993955.0,1,1,26104033685.0,1,1,15271651.0,,32
CPU,DynamoRIO,spec2017,fprate,baseline/bwaves/O3,,,DynamoRIOProfilers,,,32,253754016858.0,1,1,32350908569.0,1,1,14076815.0,,32
CPU,DynamoRIO,spec2017,fprate,baseline/cactuBSSN/O1,,2228973312.0,DynamoRIOProfilers,2074632.0,1.82780715321548,8,4074133364.0,1,1,1042229951.0,1,1,9736305.0,0.4675829653899418,8
CPU,DynamoRIO,spec2017,fprate,baseline/cactuBSSN/O2,,2209038985.0,DynamoRIOProfilers,1989360.0,1.7767719884762467,8,3924958590.0,1,1,1118524266.0,1,1,9754906.0,0.5063397584176179,8
CPU,DynamoRIO,spec2017,fprate,baseline/cactuBSSN/O3,,,DynamoRIOProfilers,,,32,582795059144.0,1,1,161481373716.0,1,1,13160205.0,,32
CPU,DynamoRIO,spec2017,fprate,baseline/cactuBSSN/Ofast,,2277959716.0,DynamoRIOProfilers,2006152.0,1.7540637272621549,8,3995686510.0,1,1,1110328494.0,1,1,9748317.0,0.48742235703346387,8
CPU,DynamoRIO,spec2017,fprate,baseline/cam4/O1,,1016335261.0,DynamoRIOProfilers,2132928.0,2.2408093474580335,4,2277413553.0,1,1,410284380.0,1,1,10576358.0,0.40368999851122944,1
CPU,DynamoRIO,spec2017,fprate,baseline/cam4/O2,,967215568.0,DynamoRIOProfilers,2112232.0,2.194232725584086,4,2122296052.0,1,1,448205767.0,1,1,10482414.0,0.46339800746466064,1
CPU,DynamoRIO,spec2017,fprate,baseline/cam4/O3,,,DynamoRIOProfilers,,,32,522715383265.0,1,1,281426585600.0,1,1,14650245.0,,32
CPU,DynamoRIO,spec2017,fprate,baseline/cam4/Ofast,,922548365.0,DynamoRIOProfilers,2066216.0,2.162208453970866,4,1994741874.0,1,1,435477631.0,1,1,10623067.0,0.4720377245479157,1
CPU,DynamoRIO,spec2017,fprate,baseline/fotonik3d/O1,,1182216520.0,DynamoRIOProfilers,143664.0,1.8982241865474863,8,2244111992.0,1,1,1497537517.0,1,1,381538.0,1.2667201749134753,8
CPU,DynamoRIO,spec2017,fprate,baseline/fotonik3d/O2,,1159271919.0,DynamoRIOProfilers,143640.0,1.9358049627699125,8,2244124334.0,1,1,1495601152.0,1,1,381540.0,1.2901210902185236,8
CPU,DynamoRIO,spec2017,fprate,baseline/fotonik3d/Ofast,,1339906212.0,DynamoRIOProfilers,154412.0,1.8256127952036094,8,2446149925.0,1,1,1558740840.0,1,1,457935.0,1.1633208548778637,8
CPU,DynamoRIO,spec2017,fprate,baseline/imagick/O1,,643012524.0,DynamoRIOProfilers,170836.0,2.962935342453765,2,1905204533.0,1,1,175352734.0,1,1,747634.0,0.27270500566486633,8
CPU,DynamoRIO,spec2017,fprate,baseline/imagick/O2,,670151602.0,DynamoRIOProfilers,172184.0,2.9246634301114454,2,1959967883.0,1,1,170631563.0,1,1,747407.0,0.25461636216457184,8
CPU,DynamoRIO,spec2017,fprate,baseline/imagick/Ofast,,745982599.0,DynamoRIOProfilers,165388.0,3.1694913516340613,2,2364385396.0,1,1,176252681.0,1,1,747778.0,0.23626915860540065,8
CPU,DynamoRIO,spec2017,fprate,baseline/lbm/O1,,1727811955.0,DynamoRIOProfilers,1374952.0,1.4677914709763655,8,2536067651.0,1,1,1239892133.0,1,1,6702444.0,0.7176082613689289,8
CPU,DynamoRIO,spec2017,fprate,baseline/lbm/O2,,2059884733.0,DynamoRIOProfilers,1364204.0,1.3953162213179042,8,2874190582.0,1,1,1637987945.0,1,1,6702447.0,0.7951842735464364,8
CPU,DynamoRIO,spec2017,fprate,baseline/lbm/Ofast,,2062876020.0,DynamoRIOProfilers,1659984.0,1.4031919218296018,8,2894610967.0,1,1,1614410384.0,1,1,6702439.0,0.7826017503465865,8
CPU,DynamoRIO,spec2017,fprate,baseline/nab/O1,,1274992165.0,DynamoRIOProfilers,307444.0,2.009380188622571,8,2561943997.0,1,1,1191667542.0,1,1,1602040.0,0.9346469529089224,8
CPU,DynamoRIO,spec2017,fprate,baseline/nab/O2,,1226529330.0,DynamoRIOProfilers,342988.0,1.9669116807830433,8,2412474866.0,1,1,1053562246.0,1,1,1786479.0,0.8589784363330308,8
CPU,DynamoRIO,spec2017,fprate,baseline/nab/Ofast,,1287881145.0,DynamoRIOProfilers,361880.0,1.9284443169637366,8,2483607075.0,1,1,1061731669.0,1,1,1885549.0,0.824401904727008,8
CPU,DynamoRIO,spec2017,fprate,baseline/namd/O1,,1249775701.0,DynamoRIOProfilers,409472.0,2.167716206861986,8,2709159042.0,1,1,941551500.0,1,1,2123045.0,0.7533763852558693,8
CPU,DynamoRIO,spec2017,fprate,baseline/namd/O2,,1242061269.0,DynamoRIOProfilers,410868.0,2.0898343115471545,8,2595702257.0,1,1,902277392.0,1,1,2123793.0,0.7264354943830069,8
CPU,DynamoRIO,spec2017,fprate,baseline/namd/Ofast,,1162128062.0,DynamoRIOProfilers,413776.0,2.2222573823365774,8,2582547665.0,1,1,864362522.0,1,1,2151388.0,0.7437756218642967,8
CPU,DynamoRIO,spec2017,fprate,baseline/povray/O1,,1534918588.0,DynamoRIOProfilers,32256.0,2.2692413872832713,8,3483100786.0,1,1,1585824486.0,1,1,67169.0,1.033165210453494,8
CPU,DynamoRIO,spec2017,fprate,baseline/povray/O2,,1529412476.0,DynamoRIOProfilers,33792.0,2.3062106530115685,8,3527147345.0,1,1,1686617454.0,1,1,68845.0,1.102787822426525,8
CPU,DynamoRIO,spec2017,fprate,baseline/povray/Ofast,,1496642056.0,DynamoRIOProfilers,33792.0,2.4136068243695004,8,3612305480.0,1,1,1565098277.0,1,1,67564.0,1.045739875293201,8
CPU,DynamoRIO,spec2017,fprate,baseline/roms/O1,,2289803452.0,DynamoRIOProfilers,2781988.0,1.9739698850799008,8,4520003057.0,1,1,834267351.0,1,1,14123911.0,0.3643401577857347,8
CPU,DynamoRIO,spec2017,fprate,baseline/roms/O2,,2219923655.0,DynamoRIOProfilers,2610248.0,1.8684796374224861,8,4147882146.0,1,1,979785096.0,1,1,13491716.0,0.44135981604286295,8
CPU,DynamoRIO,spec2017,fprate,baseline/roms/Ofast,,2115680184.0,DynamoRIOProfilers,2735088.0,1.7790069295274924,8,3763809708.0,1,1,918472597.0,1,1,13722274.0,0.4341263882632272,8
CPU,DynamoRIO,spec2017,fprate,baseline/wrf/O1,,1640988476.0,DynamoRIOProfilers,687164.0,1.9483658896822138,4,3197245972.0,1,1,916768988.0,1,1,2788431.0,0.5586687544782003,4
CPU,DynamoRIO,spec2017,fprate,baseline/wrf/O2,,1592952691.0,DynamoRIOProfilers,699232.0,1.9318914732289434,4,3077411721.0,1,1,865175947.0,1,1,2865414.0,0.5431272076616869,4
CPU,DynamoRIO,spec2017,fprate,l4_host/cactuBSSN/test,,,DynamoRIOProfilers,,,32,7615817936.0,1,1,2242575881.0,1,1,1694982.0,,32
CPU,DynamoRIO,spec2017,fprate,wss_variants/blender/exact,,811914232.0,DynamoRIOProfilers,825928.0,2.9154403023200115,8,2367087474.0,1,1,1082087555.0,1,1,4332013.0,1.3327609153179618,8
CPU,DynamoRIO,spec2017,fprate,wss_variants/blender/hll,,255989166.0,DynamoRIOProfilers,284956.0,9.246853798492394,8,2367094392.0,1,1,1082091521.0,1,1,4304278.0,4.2270988960524996,8
CPU,DynamoRIO,spec2017,fprate,wss_variants/bwaves/exact,,1344614484.0,DynamoRIOProfilers,2652168.0,3.2111951197753124,8,4317819469.0,1,1,821678968.0,1,1,14405841.0,0.6110888866492382,8
CPU,DynamoRIO,spec2017,fprate,wss_variants/bwaves/exact,,1315161008.0,DynamoRIOProfilers,2615460.0,3.286604127332826,8,4322413597.0,1,1,816525081.0,1,1,14206819.0,0.6208556032555369,8
CPU,DynamoRIO,spec2017,fprate,wss_variants/bwaves/exact,,1330839297.0,DynamoRIOProfilers,2652148.0,3.24441738813488,8,4317798156.0,1,1,821674896.0,1,1,14405533.0,0.6174110562050829,8
CPU,DynamoRIO,spec2017,fprate,wss_variants/bwaves/exact,,1362497838.0,DynamoRIOProfilers,2436888.0,3.1826706949974626,8,4336381941.0,1,1,808949151.0,1,1,13247410.0,0.5937250896393717,8
CPU,DynamoRIO,spec2017,fprate,wss_variants/bwaves/hll,,268792365.0,DynamoRIOProfilers,851688.0,16.063772752622643,8,4317819469.0,1,1,821678968.0,1,1,15581053.0,3.0569282278534957,8
CPU,DynamoRIO,spec2017,fprate,wss_variants/bwaves/hll,,268182039.0,DynamoRIOProfilers,839944.0,16.117461158537914,8,4322413597.0,1,1,816525081.0,1,1,13291523.0,3.044667286611241,8
CPU,DynamoRIO,spec2017,fprate,wss_variants/bwaves/hll,,252535572.0,DynamoRIOProfilers,851696.0,17.097781666180477,8,4317798073.0,1,1,821674890.0,1,1,14192122.0,3.2536996015753377,8
CPU,DynamoRIO,spec2017,fprate,wss_variants/bwaves/hll,,273059432.0,DynamoRIOProfilers,781360.0,15.880725705896875,8,4336381941.0,1,1,808949151.0,1,1,14865724.0,2.962538759693897,8
CPU,DynamoRIO,spec2017,fprate,wss_variants/cactuBSSN/exact,,1175650192.0,DynamoRIOProfilers,1876512.0,3.3340058919498734,8,3919624667.0,1,1,1119530473.0,1,1,9751847.0,0.9522649514439921,8
CPU,DynamoRIO,spec2017,fprate,wss_variants/cactuBSSN/hll,,286482901.0,DynamoRIOProfilers,636172.0,13.681877847920843,8,3919624057.0,1,1,1119530485.0,1,1,9876431.0,3.9078439972932277,8
CPU,DynamoRIO,spec2017,fprate,wss_variants/cam4/exact,,655701234.0,DynamoRIOProfilers,2013884.0,3.078215205860052,4,2018389509.0,1,1,468002090.0,1,1,10520994.0,0.713742884308801,1
CPU,DynamoRIO,spec2017,fprate,wss_variants/cam4/hll,,212650631.0,DynamoRIOProfilers,703564.0,9.49157571039608,4,2018389564.0,1,1,468002094.0,1,1,10780306.0,2.200802752379324,1
CPU,DynamoRIO,spec2017,fprate,wss_variants/fotonik3d/exact,,757688685.0,DynamoRIOProfilers,141872.0,2.9643582825840933,8,2246060729.0,1,1,1495599133.0,1,1,381613.0,1.9738966182397193,8
CPU,DynamoRIO,spec2017,fprate,wss_variants/fotonik3d/hll,,288530580.0,DynamoRIOProfilers,86776.0,7.7844807125816615,8,2246060735.0,1,1,1495599136.0,1,1,376685.0,5.183503031117187,8
CPU,DynamoRIO,spec2017,fprate,wss_variants/imagick/exact,,412860370.0,DynamoRIOProfilers,152244.0,4.744202740989647,2,1958693299.0,1,1,167264294.0,1,1,747236.0,0.40513526158977187,8
CPU,DynamoRIO,spec2017,fprate,wss_variants/imagick/hll,,158565473.0,DynamoRIOProfilers,57628.0,12.352622774316071,2,1958699473.0,1,1,167264354.0,1,1,699322.0,1.054859868516269,8
CPU,DynamoRIO,spec2017,fprate,wss_variants/lbm/exact,,1065746433.0,DynamoRIOProfilers,1265524.0,2.716041249935856,8,2894611274.0,1,1,1614410689.0,1,1,6702410.0,1.5148168823380899,8
CPU,DynamoRIO,spec2017,fprate,wss_variants/lbm/hll,,207136697.0,DynamoRIOProfilers,427168.0,13.974401040101553,8,2894611274.0,1,1,1614410689.0,1,1,6794826.0,7.793938555465138,8
CPU,DynamoRIO,spec2017,fprate,wss_variants/nab/exact,,785385652.0,DynamoRIOProfilers,355016.0,3.1548982600970663,8,2477811827.0,1,1,1059222242.0,1,1,1854229.0,1.34866512942103,8
CPU,DynamoRIO,spec2017,fprate,wss_variants/nab/hll,,247951937.0,DynamoRIOProfilers,123592.0,9.991921680369853,8,2477516335.0,1,1,1059119570.0,1,1,1887473.0,4.271471248881593,8
CPU,DynamoRIO,spec2017,fprate,wss_variants/namd/exact,,722606190.0,DynamoRIOProfilers,422712.0,3.5739347001718875,8,2582547337.0,1,1,864364443.0,1,1,2151034.0,1.1961763612902347,8
CPU,DynamoRIO,spec2017,fprate,wss_variants/namd/hll,,204203169.0,DynamoRIOProfilers,143056.0,12.646950336995015,8,2582547337.0,1,1,864364443.0,1,1,2141634.0,4.23286498066051,8
CPU,DynamoRIO,spec2017,fprate,wss_variants/povray/exact,,948308641.0,DynamoRIOProfilers,29184.0,3.7453095041448643,8,3551709366.0,1,1,1551819602.0,1,1,65377.0,1.6364077420654866,8
CPU,DynamoRIO,spec2017,fprate,wss_variants/povray/hll,,330362188.0,DynamoRIOProfilers,21504.0,10.750970132211378,8,3551714016.0,1,1,1551819035.0,1,1,65009.0,4.6973264234464995,8
CPU,DynamoRIO,spec2017,fprate,wss_variants/roms/exact,,1113740349.0,DynamoRIOProfilers,2603196.0,3.3385214725663137,8,3718246070.0,1,1,920670440.0,1,1,13738098.0,0.8266472888646329,8
CPU,DynamoRIO,spec2017,fprate,wss_variants/roms/hll,,258365908.0,DynamoRIOProfilers,884596.0,14.39150877444713,8,3718275232.0,1,1,920674171.0,1,1,13982685.0,3.5634506817362297,8
CPU,DynamoRIO,spec2017,fprate,wss_variants/wrf/exact,,879221470.0,DynamoRIOProfilers,638016.0,3.4798965885125623,4,3059599794.0,1,1,868085744.0,1,1,2873335.0,0.987334560881458,4
CPU,DynamoRIO,spec2017,fprate,wss_variants/wrf/hll,,232015382.0,DynamoRIOProfilers,280060.0,13.187050003434686,4,3059598444.0,1,1,868085304.0,1,1,2842050.0,3.741498932169937,4
CPU,DynamoRIO,spec2017,fpspeed,alberta_both/cactuBSSN/both,,1668711080.0,DynamoRIOProfilers,2674560.0,1.9924718855465382,8,3324859912.0,1,1,956010497.0,1,1,14010115.0,0.5729035472096224,8
CPU,DynamoRIO,spec2017,fpspeed,alberta_both/cam4/both,,1114649863.0,DynamoRIOProfilers,2114472.0,1.9040044595600512,4,2122298310.0,1,1,448205773.0,1,1,10480650.0,0.40210454231222564,1
CPU,DynamoRIO,spec2017,fpspeed,alberta_both/fotonik3d/both,,1424916485.0,DynamoRIOProfilers,691844.0,1.6747318520916683,8,2386353024.0,1,1,1575167121.0,1,1,420682.0,1.1054452226370306,8
CPU,DynamoRIO,spec2017,fpspeed,alberta_both/lbm/both,,2886109997.0,DynamoRIOProfilers,10035176.0,0.9909314482028732,8,2859937159.0,1,1,2083525344.0,1,1,52802447.0,0.7219147385809079,8
CPU,DynamoRIO,spec2017,fpspeed,alberta_both/nab/both,,1383831387.0,DynamoRIOProfilers,327204.0,1.7950040722699694,8,2483982975.0,1,1,1193200716.0,1,1,1633991.0,0.862244293061406,8
CPU,DynamoRIO,spec2017,fpspeed,alberta_both/wrf/both,,1800711093.0,DynamoRIOProfilers,695532.0,1.708979547003879,4,3077378428.0,1,1,864940053.0,1,1,2867149.0,0.4803324955137598,4
CPU,DynamoRIO,spec2017,fpspeed,baseline/cactuBSSN/O1,,1587651047.0,DynamoRIOProfilers,2573580.0,2.2465614819702884,8,3566755689.0,1,1,916255802.0,1,1,13417638.0,0.5771140980452488,8
CPU,DynamoRIO,spec2017,fpspeed,baseline/cactuBSSN/O2,,1580686803.0,DynamoRIOProfilers,2674944.0,2.103428507589052,8,3324861683.0,1,1,956010650.0,1,1,14008250.0,0.6048071307899696,8
CPU,DynamoRIO,spec2017,fpspeed,baseline/cactuBSSN/Ofast,,1908851841.0,DynamoRIOProfilers,5891728.0,1.9673903858523716,8,3755456760.0,1,1,1022999353.0,1,1,31114266.0,0.5359239156372011,8
CPU,DynamoRIO,spec2017,fpspeed,baseline/cam4/O1,,1028205355.0,DynamoRIOProfilers,2133916.0,2.21498493849023,4,2277459375.0,1,1,410284584.0,1,1,10556806.0,0.3990298066479142,1
CPU,DynamoRIO,spec2017,fpspeed,baseline/cam4/O2,,999607010.0,DynamoRIOProfilers,2049752.0,2.1231327209279973,4,2122298351.0,1,1,448205790.0,1,1,10482892.0,0.44838199964203934,1
CPU,DynamoRIO,spec2017,fpspeed,baseline/cam4/Ofast,,922736347.0,DynamoRIOProfilers,2072836.0,2.161754405237491,4,1994729363.0,1,1,435475944.0,1,1,10623117.0,0.4719397316642172,1
CPU,DynamoRIO,spec2017,fpspeed,baseline/fotonik3d/O1,,1221649448.0,DynamoRIOProfilers,703732.0,1.9533302101569812,8,2386284773.0,1,1,1577255502.0,1,1,420662.0,1.291086820840605,8
CPU,DynamoRIO,spec2017,fpspeed,baseline/fotonik3d/O2,,1216422227.0,DynamoRIOProfilers,694492.0,1.9617801878590633,8,2386353025.0,1,1,1575167121.0,1,1,420684.0,1.2949180687735,8
CPU,DynamoRIO,spec2017,fpspeed,baseline/fotonik3d/Ofast,,1278983574.0,DynamoRIOProfilers,699324.0,1.867463945240629,8,2388455711.0,1,1,1575156712.0,1,1,420615.0,1.2315691491437404,8
CPU,DynamoRIO,spec2017,fpspeed,baseline/lbm/O1,,2391529291.0,DynamoRIOProfilers,10038244.0,1.0740228997680297,8,2568557224.0,1,1,1753809186.0,1,1,52802448.0,0.7333421307445739,8
CPU,DynamoRIO,spec2017,fpspeed,baseline/lbm/O2,,2584896501.0,DynamoRIOProfilers,10035172.0,1.1064029673503744,8,2859937159.0,1,1,2083525344.0,1,1,52802445.0,0.8060382081812412,8
CPU,DynamoRIO,spec2017,fpspeed,baseline/lbm/Ofast,,2585863533.0,DynamoRIOProfilers,10263412.0,1.1728495565585595,8,3032828898.0,1,1,1916449028.0,1,1,52802449.0,0.7411253546611657,8
CPU,DynamoRIO,spec2017,fpspeed,baseline/nab/O1,,1275027324.0,DynamoRIOProfilers,295684.0,2.0035613691679597,8,2554595491.0,1,1,1254026697.0,1,1,1536095.0,0.9835292729773688,8
CPU,DynamoRIO,spec2017,fpspeed,baseline/nab/O2,,1261680110.0,DynamoRIOProfilers,315904.0,1.9684109516476407,8,2483504946.0,1,1,1193077226.0,1,1,1634412.0,0.9456257703864412,8
CPU,DynamoRIO,spec2017,fpspeed,baseline/nab/Ofast,,1273430360.0,DynamoRIOProfilers,336260.0,1.9888291221516032,8,2532635385.0,1,1,1199750468.0,1,1,1692207.0,0.9421406192954281,8
CPU,DynamoRIO,spec2017,fpspeed,baseline/roms/O1,,1957331506.0,DynamoRIOProfilers,12561908.0,2.3390562482469948,8,4578308489.0,1,1,525927754.0,1,1,65117075.0,0.2686963104552408,8
CPU,DynamoRIO,spec2017,fpspeed,baseline/wrf/O1,,1675969294.0,DynamoRIOProfilers,685672.0,1.9078524764428053,4,3197502168.0,1,1,916661014.0,1,1,2790227.0,0.5469437997949382,4
CPU,DynamoRIO,spec2017,fpspeed,baseline/wrf/O2,,1631453091.0,DynamoRIOProfilers,693328.0,1.8862806696536518,4,3077378429.0,1,1,864940056.0,1,1,2857034.0,0.5301654462340897,4
CPU,DynamoRIO,spec2017,intrate,baseline/deepsjeng_r/O1,,670078977.0,DynamoRIOProfilers,,0.49127367265545474,8,329192160.0,1,1,1610238855.0,1,1,11459500.0,2.4030583114384143,1
CPU,DynamoRIO,spec2017,intrate,baseline/exchange2_r/O1,,1676676878.0,DynamoRIOProfilers,,2.380378297314362,4,3991125252.0,1,1,2307939595.0,1,1,74140.0,1.3764963454097325,4
CPU,DynamoRIO,spec2017,intrate,baseline/leela_r/O1,,1084296434.0,DynamoRIOProfilers,,2.3364969934042965,4,2533455358.0,1,1,1128808120.0,1,1,148743.0,1.041051214966921,8
CPU,DynamoRIO,spec2017,intrate,baseline/mcf_r/O1,,1540511679.0,DynamoRIOProfilers,,2.400297770803203,8,3697686749.0,1,1,998031684.0,1,1,274486.0,0.647857265611811,8
CPU,DynamoRIO,spec2017,intrate,baseline/perlbench_r/O1,,1542991225.0,DynamoRIOProfilers,,1.953316335288945,8,3013949965.0,1,1,1592327452.0,1,1,1258733.0,1.0319744054280025,8
CPU,DynamoRIO,spec2017,intrate,baseline/perlbench_r/O1,,1538795039.0,DynamoRIOProfilers,,1.9423817027265577,8,2988927328.0,1,1,1753631780.0,1,1,2611448.0,1.1396136168593405,8
CPU,DynamoRIO,spec2017,intrate,baseline/perlbench_r/O1,,1646997949.0,DynamoRIOProfilers,,1.995840499373931,8,3287145209.0,1,1,1732535570.0,1,1,1185451.0,1.0519354751181904,8
CPU,DynamoRIO,spec2017,intrate,baseline/x264_r/O1,,759476582.0,DynamoRIOProfilers,,2.743676345507122,1,2083757933.0,1,1,587069038.0,1,1,2199784.0,0.772991625961681,1
CPU,DynamoRIO,spec2017,intrate,baseline/xalancbmk_r/O1,,1273306630.0,DynamoRIOProfilers,,2.3754470201729805,8,3024672440.0,1,1,952751397.0,1,1,1102352.0,0.7482497731123885,8
CPU,DynamoRIO,spec2017,intrate,baseline/xz_r/O1,,812607916.0,DynamoRIOProfilers,,2.2106335720214667,4,1796378340.0,1,1,962823007.0,1,1,2667931.0,1.1848555595414603,4
CPU,DynamoRIO,spec2017,intrate,baseline/xz_r/O1,,817284671.0,DynamoRIOProfilers,,2.4155217686690222,8,1974168914.0,1,1,835700911.0,1,1,8584962.0,1.022533445999258,8
CPU,DynamoRIO,spec2017,intrate,baseline/xz_r/O1,,841815555.0,DynamoRIOProfilers,,2.433289374178884,8,2048380845.0,1,1,784492793.0,1,1,8482900.0,0.9319057937816319,8
CPU,DynamoRIO,spec2017,intspeed,baseline/deepsjeng_s/O1,,633932152.0,DynamoRIOProfilers,,0.0011556567965336454,8,732608.0,1,1,1666348033.0,1,1,26045433.0,2.628590500959478,1
CPU,DynamoRIO,spec2017,intspeed,baseline/exchange2_s/O1,,1613489037.0,DynamoRIOProfilers,,2.473599379652928,4,3991125481.0,1,1,2307939815.0,1,1,74131.0,1.4304031586673867,4
CPU,DynamoRIO,spec2017,intspeed,baseline/leela_s/O1,,1045371518.0,DynamoRIOProfilers,,2.423497669849467,4,2533455438.0,1,1,1128808196.0,1,1,148774.0,1.0798153350874058,8
CPU,DynamoRIO,spec2017,intspeed,baseline/mcf_s/O1,,1542225911.0,DynamoRIOProfilers,,2.398821317041145,8,3699524391.0,1,1,969758769.0,1,1,441022.0,0.6288046142158222,8
CPU,DynamoRIO,spec2017,intspeed,baseline/perlbench_s/O1,,1565347714.0,DynamoRIOProfilers,,1.9254747102150878,8,3014037436.0,1,1,1592269733.0,1,1,1258935.0,1.0171987468082762,8
CPU,DynamoRIO,spec2017,intspeed,baseline/perlbench_s/O1,,1524398076.0,DynamoRIOProfilers,,1.9607330742918099,8,2988937726.0,1,1,1753653901.0,1,1,2626390.0,1.150391048512449,8
CPU,DynamoRIO,spec2017,intspeed,baseline/perlbench_s/O1,,1588134476.0,DynamoRIOProfilers,,2.070122300524883,8,3287632595.0,1,1,1732557229.0,1,1,1176385.0,1.0909386170897533,8
CPU,DynamoRIO,spec2017,intspeed,baseline/x264_s/O1,,754523367.0,DynamoRIOProfilers,,2.761687756981024,1,2083757945.0,1,1,587069059.0,1,1,2199847.0,0.7780661072621228,1
CPU,DynamoRIO,spec2017,intspeed,baseline/xalancbmk_s/O1,,1268445858.0,DynamoRIOProfilers,,2.3845499584579035,8,3024672518.0,1,1,952751510.0,1,1,1102392.0,0.7511172069277237,8
CPU,Perf/AMD,spec2017,fprate,fprate/baseline/cactuBSSN_r,Benchmark1,,PerfProfilers,,166257834776.57266,64,766448618320.0,766430221877,18396443,152687834942.0,152687834942,0,-1.0,33121005410.412144,64
CPU,Perf/AMD,spec2017,fprate,fprate/baseline/fotonik3d_r,Benchmark1,,PerfProfilers,,1751833678530.5754,64,974019525263.0,974011733982,7791281,167647432506.0,167647432506,0,-1.0,301524159183.4532,64
CPU,Perf/AMD,spec2017,fprate,fprate/baseline/imagick_r,Benchmark1,,PerfProfilers,,3401848830695.7827,64,1129413811791.0,1129412581721,1230070,310282855645.0,310282855645,0,-1.0,934586914593.3734,64
CPU,Perf/AMD,spec2017,fprate,fprate/baseline/lbm_r,Benchmark1,,PerfProfilers,,145141924540.5488,64,476065512493.0,476028647977,36864516,198870939374.0,198870939374,0,-1.0,60631383955.48781,64
CPU,Perf/AMD,spec2017,fprate,fprate/baseline/nab_r,Benchmark1,,PerfProfilers,,1515659438113.6365,64,733579168047.0,733576780117,2387930,189519371326.0,189519371326,0,-1.0,391568949020.6612,64
CPU,Perf/AMD,spec2017,fprate,fprate/baseline/namd_r,Benchmark1,,PerfProfilers,,1045350046792.3076,64,815373036498.0,815370657865,2378633,217328101866.0,217328101866,0,-1.0,278625771623.0769,64
CPU,Perf/AMD,spec2017,fprate,fprate/baseline/parest_r,Benchmark1,,PerfProfilers,,667992759575.0,64,1389424939916.0,1389408709929,16229987,126109426120.0,126109426120,0,-1.0,60629531788.46153,64
CPU,Perf/AMD,spec2017,fprate,fprate/baseline/povray_r,Benchmark1,,PerfProfilers,,5724341595767.857,64,1282252517452.0,1281797108927,455408525,460834757849.0,460834757849,0,-1.0,2057298026111.6072,64
CPU,Perf/AMD,spec2017,fpspeed,fpspeed/baseline/cactuBSSN_s,Benchmark1,,PerfProfilers,,179246431451.67657,64,5719753627623.0,5719435211123,318416500,1045216609846.0,1045216609846,0,-1.0,32755142897.085552,64
CPU,Perf/AMD,spec2017,fpspeed,fpspeed/baseline/fotonik3d_s,Benchmark1,,PerfProfilers,,72470802207.72498,64,2729975119165.0,2729950595436,24523729,549465757363.0,549465757363,0,-1.0,14586295656.039288,64
CPU,Perf/AMD,spec2017,fpspeed,fpspeed/baseline/lbm_s,Benchmark1,,PerfProfilers,,47971098110.252144,64,1731276930799.0,1731127366668,149564131,783976710689.0,783976710689,0,-1.0,21722823792.989746,64
CPU,Perf/AMD,spec2017,fpspeed,fpspeed/baseline/nab_s,Benchmark1,,PerfProfilers,,3402426477624.4272,64,4457178685688.0,4457168205388,10480300,1111410113948.0,1111410113948,0,-1.0,848404667135.8778,64
CPU,Perf/AMD,spec2017,fpspeed,fpspeed/baseline/roms_r,Benchmark1,,PerfProfilers,,2039667667.472282,64,255713135471.0,255709060127,4075344,45944056954.0,45944056954,0,-1.0,366467711.20682776,64
CPU,Perf/AMD,spec2017,fpspeed,fpspeed/baseline/roms_s,Benchmark1,,PerfProfilers,,1724453600.295913,64,2039649229358.0,2039563277964,85951394,367266068589.0,367266068589,0,-1.0,310510888.4061279,64
CPU,Perf/AMD,spec2017,intrate,intrate/baseline/deepsjeng_r,Benchmark1,,PerfProfilers,,308891225261.0577,64,642493748543.0,642360831769,132916774,252241113096.0,252241113096,0,-1.0,121269765911.53845,64
CPU,Perf/AMD,spec2017,intrate,intrate/baseline/exchange2_r,Benchmark1,,PerfProfilers,,1425335985316.4177,64,954975110162.0,954952958083,22152079,196358724960.0,196358724960,0,-1.0,293072723820.8955,64
CPU,Perf/AMD,spec2017,intrate,intrate/baseline/gcc_r,Benchmark1,,PerfProfilers,,985586878863.92,64,78945508997.0,78815477769,130031228,32757987415.0,32757987415,0,-1.0,408963638139.8252,64
CPU,Perf/AMD,spec2017,intrate,intrate/baseline/gcc_r,Benchmark1,,PerfProfilers,,2712981226821.516,64,110960932177.0,110854320170,106612007,40556761545.0,40556761545,0,-1.0,991607861735.9414,64
CPU,Perf/AMD,spec2017,intrate,intrate/baseline/gcc_r,Benchmark1,,PerfProfilers,,4226306565642.2017,64,92133483131.0,91996279815,137203316,38125752189.0,38125752189,0,-1.0,1748887715091.7432,64
CPU,Perf/AMD,spec2017,intrate,intrate/baseline/leela_r,Benchmark1,,PerfProfilers,,10812231026724.738,64,930933091401.0,930920959282,12132119,336786009923.0,336786009923,0,-1.0,3911568059500.581,64
CPU,Perf/AMD,spec2017,intrate,intrate/baseline/mcf_r,Benchmark1,,PerfProfilers,,421428829799.32434,64,623714668103.0,623698345009,16323094,211437691902.0,211437691902,0,-1.0,142863305339.18918,64
CPU,Perf/AMD,spec2017,intrate,intrate/baseline/omnetpp_r,Benchmark1,,PerfProfilers,,36931025578.46667,64,553965383677.0,553863590366,101793311,269551843226.0,269551843226,0,-1.0,17970122881.733334,64
CPU,Perf/AMD,spec2017,intrate,intrate/baseline/perlbench_r,Benchmark1,,PerfProfilers,,1648191067412.121,64,271951526123.0,271839020255,112505868,126426033176.0,126426033176,0,-1.0,766218382884.8484,64
CPU,Perf/AMD,spec2017,intrate,intrate/baseline/perlbench_r,Benchmark1,,PerfProfilers,,3193377436046.5117,64,54926091900.0,54788581958,137509942,24145534974.0,24145534974,0,-1.0,1403810172906.9768,64
CPU,Perf/AMD,spec2017,intrate,intrate/baseline/perlbench_r,Benchmark1,,PerfProfilers,,635234020013.5747,64,280773436846.0,280383028068,390408778,121607221651.0,121607221651,0,-1.0,275129460748.8688,64
CPU,Perf/AMD,spec2017,intrate,intrate/baseline/x264_r,Benchmark1,,PerfProfilers,,1767351226000.0,64,355237596426.0,355069116333,168480093,102373068361.0,102373068361,0,-1.0,509318748064.6766,64
CPU,Perf/AMD,spec2017,intrate,intrate/baseline/x264_r,Benchmark1,,PerfProfilers,,406520961301.8182,64,111793264358.0,111755114008,38150350,32439082166.0,32439082166,0,-1.0,117960298785.45453,64
CPU,Perf/AMD,spec2017,intrate,intrate/baseline/x264_r,Benchmark1,,PerfProfilers,,4499468425307.189,64,344209334536.0,344027172707,182161829,97803425913.0,97803425913,0,-1.0,1278476155725.4902,64
CPU,Perf/AMD,spec2017,intrate,intrate/baseline/xz_r,Benchmark1,,PerfProfilers,,100334542414.0244,64,164548649559.0,164544992675,3656884,54259785571.0,54259785571,0,-1.0,33085235104.268295,64
CPU,Perf/AMD,spec2017,intrate,intrate/baseline/xz_r,Benchmark1,,PerfProfilers,,463177035571.885,64,289948824268.0,289946055919,2768349,39699479294.0,39699479294,0,-1.0,63417698552.71565,64
CPU,Perf/AMD,spec2017,intrate,intrate/baseline/xz_r,Benchmark1,,PerfProfilers,,384134527738.79144,64,197061012730.0,197057468537,3544193,49670115041.0,49670115041,0,-1.0,96822836337.23196,64
CPU,Perf/AMD,spec2017,intspeed,intspeed/baseline/deepsjeng_s,Benchmark1,,PerfProfilers,,1365747909966.9116,64,742966863022.0,742746001832,220861190,292499622636.0,292499622636,0,-1.0,537683129845.5882,64
CPU,Perf/AMD,spec2017,intspeed,intspeed/baseline/exchange2_s,Benchmark1,,PerfProfilers,,3472714318014.5454,64,954996437454.0,954979455452,16982002,196157709591.0,196157709591,0,-1.0,713300762149.0908,64
CPU,Perf/AMD,spec2017,intspeed,intspeed/baseline/gcc_s,Benchmark1,,PerfProfilers,,330746123503.9246,64,210685280672.0,210293456355,391824317,88307431293.0,88307431293,0,-1.0,138630190412.87283,64
CPU,Perf/AMD,spec2017,intspeed,intspeed/baseline/gcc_s,Benchmark1,,PerfProfilers,,234346867361.0063,64,745223038208.0,744953562633,269475575,216907530853.0,216907530853,0,-1.0,68209915362.57861,64
CPU,Perf/AMD,spec2017,intspeed,intspeed/baseline/gcc_s,Benchmark1,,PerfProfilers,,464067105225.5125,64,203725459194.0,203460595137,264864057,84714354839.0,84714354839,0,-1.0,192971195533.0296,64
CPU,Perf/AMD,spec2017,intspeed,intspeed/baseline/leela_s,Benchmark1,,PerfProfilers,,20049711152219.83,64,930306597463.0,930294130810,12466653,336845834531.0,336845834531,0,-1.0,7259608502823.276,64
CPU,Perf/AMD,spec2017,intspeed,intspeed/baseline/mcf_s,Benchmark1,,PerfProfilers,,301523164604.5822,64,1118650940683.0,1118616557264,34383419,314497216119.0,314497216119,0,-1.0,84770139115.63342,64
CPU,Perf/AMD,spec2017,intspeed,intspeed/baseline/omnetpp_s,Benchmark1,,PerfProfilers,,49811710794.16517,64,554902458247.0,554782775809,119682438,266688993769.0,266688993769,0,-1.0,23939766047.486534,64
CPU,Perf/AMD,spec2017,intspeed,intspeed/baseline/perlbench_s,Benchmark1,,PerfProfilers,,506269606825.68805,64,55183387144.0,54988962597,194424547,24201664107.0,24201664107,0,-1.0,222033615660.55045,64
CPU,Perf/AMD,spec2017,intspeed,intspeed/baseline/perlbench_s,Benchmark1,,PerfProfilers,,329411991425.6348,64,272423716909.0,272315987058,107729851,126409186321.0,126409186321,0,-1.0,152852704136.63846,64
CPU,Perf/AMD,spec2017,intspeed,intspeed/baseline/perlbench_s,Benchmark1,,PerfProfilers,,1158141329510.288,64,281428343071.0,280874866765,553476306,121244317462.0,121244317462,0,-1.0,498947808485.59674,64
CPU,Perf/AMD,spec2017,intspeed,intspeed/baseline/x264_s,Benchmark1,,PerfProfilers,,1099759748140.5752,64,344224801168.0,344013246850,211554318,97756957713.0,97756957713,0,-1.0,312322548603.83386,64
CPU,Perf/AMD,spec2017,intspeed,intspeed/baseline/x264_s,Benchmark1,,PerfProfilers,,10169146613454.547,64,111860612748.0,111823943620,36669128,32403336174.0,32403336174,0,-1.0,2945757834000.0,64
CPU,Perf/AMD,spec2017,intspeed,intspeed/baseline/x264_s,Benchmark1,,PerfProfilers,,2712973355061.0684,64,355399509513.0,355203322873,196186640,102407241922.0,102407241922,0,-1.0,781734671160.3053,64
CPU,Perf/AMD,spec2017,intspeed,intspeed/baseline/xz_s,Benchmark1,,PerfProfilers,,79673539676.88889,64,1434123714184.0,1434081904566,41809618,456843297706.0,456843297706,0,-1.0,25380183205.88889,64
CPU,Perf/Intel,spec2017,fprate,fprate/baseline/cam4_r/kirin_3,Benchmark1,,PerfProfilers,,2427488499576.7637,64,585024728398.0,581617357977,3407370421,220187456973.0,220187456973,0,-1.0,913640900302.9045,64
CPU,Perf/Intel,spec2017,fprate,fprate/baseline/wrf_r/kirin_3,Benchmark1,,PerfProfilers,,58987063835.09414,64,1127832660527.0,1126652966178,1179694349,276182523409.0,276182523409,0,-1.0,14444692646.914225,64
CPU,Perf/Intel,spec2017,fpspeed,fpspeed/baseline/cam4_s/kirin_3,Benchmark1,,PerfProfilers,,26332041709.631073,64,2969201023178.0,2959995891856,9205131322,1439219674976.0,1439219674976,0,-1.0,12763565758.921602,64
CPU,Perf/Intel,spec2017,fpspeed,fpspeed/baseline/pop2_s/kirin_3,Benchmark1,,PerfProfilers,,808732767591.3461,64,5887574548065.0,5878970189807,8604358258,1940088497621.0,1940088497621,0,-1.0,266495672750.13736,64
CPU,Perf/Intel,spec2017,fpspeed,fpspeed/baseline/wrf_s/kirin_3,Benchmark1,,PerfProfilers,,13298297733538.775,64,6516165889434.0,6510707686767,5458202667,1556189440189.0,1556189440189,0,-1.0,3175896816712.245,64
CPU,Sniper,IISWC,IISWC,bwaves_s/O0,core_0,,SniperProfilers,,11266747.868453106,8,4625.0,1,1,1238.0,1,1,359744.0,3015834.348355664,8
CPU,Sniper,IISWC,IISWC,bwaves_s/O0,core_1,,SniperProfilers,,0.0,8,0.0,1,1,0.0,1,1,0.0,0.0,8
CPU,Sniper,IISWC,IISWC,bwaves_s/O0,core_2,,SniperProfilers,,0.0,8,0.0,1,1,0.0,1,1,0.0,0.0,8
CPU,Sniper,IISWC,IISWC,bwaves_s/O0,core_3,,SniperProfilers,,0.0,8,0.0,1,1,0.0,1,1,0.0,0.0,8
CPU,Sniper,IISWC,IISWC,bwaves_s/O0,core_4,,SniperProfilers,,0.0,8,0.0,1,1,0.0,1,1,0.0,0.0,8
CPU,Sniper,IISWC,IISWC,bwaves_s/O0,core_5,,SniperProfilers,,0.0,8,0.0,1,1,0.0,1,1,0.0,0.0,8
CPU,Sniper,IISWC,IISWC,bwaves_s/O0,core_6,,SniperProfilers,,0.0,8,0.0,1,1,0.0,1,1,0.0,0.0,8
CPU,Sniper,IISWC,IISWC,bwaves_s/O0,core_7,,SniperProfilers,,0.0,8,0.0,1,1,0.0,1,1,0.0,0.0,8
CPU,Sniper,IISWC,IISWC,bwaves_s/O0,core_0,,SniperProfilers,,11145631067.961166,8,4592.0,1,1,1240.0,1,1,359744.0,3009708737.8640776,8
CPU,Sniper,IISWC,IISWC,bwaves_s/O0,core_1,,SniperProfilers,,0.0,8,0.0,1,1,0.0,1,1,0.0,0.0,8
CPU,Sniper,IISWC,IISWC,bwaves_s/O0,core_2,,SniperProfilers,,0.0,8,0.0,1,1,0.0,1,1,0.0,0.0,8
CPU,Sniper,IISWC,IISWC,bwaves_s/O0,core_3,,SniperProfilers,,0.0,8,0.0,1,1,0.0,1,1,0.0,0.0,8
CPU,Sniper,IISWC,IISWC,bwaves_s/O0,core_4,,SniperProfilers,,0.0,8,0.0,1,1,0.0,1,1,0.0,0.0,8
CPU,Sniper,IISWC,IISWC,bwaves_s/O0,core_5,,SniperProfilers,,0.0,8,0.0,1,1,0.0,1,1,0.0,0.0,8
CPU,Sniper,IISWC,IISWC,bwaves_s/O0,core_6,,SniperProfilers,,0.0,8,0.0,1,1,0.0,1,1,0.0,0.0,8
CPU,Sniper,IISWC,IISWC,bwaves_s/O0,core_7,,SniperProfilers,,0.0,8,0.0,1,1,0.0,1,1,0.0,0.0,8
CPU,Sniper,IISWC,IISWC,bwaves_s/O1,core_0,,SniperProfilers,,17452471482.889732,8,4590.0,1,1,1252.0,1,1,359360.0,4760456273.764258,8
CPU,Sniper,IISWC,IISWC,bwaves_s/O1,core_1,,SniperProfilers,,0.0,8,0.0,1,1,0.0,1,1,0.0,0.0,8
CPU,Sniper,IISWC,IISWC,bwaves_s/O1,core_2,,SniperProfilers,,0.0,8,0.0,1,1,0.0,1,1,0.0,0.0,8
CPU,Sniper,IISWC,IISWC,bwaves_s/O1,core_3,,SniperProfilers,,0.0,8,0.0,1,1,0.0,1,1,0.0,0.0,8
CPU,Sniper,IISWC,IISWC,bwaves_s/O1,core_4,,SniperProfilers,,0.0,8,0.0,1,1,0.0,1,1,0.0,0.0,8
CPU,Sniper,IISWC,IISWC,bwaves_s/O1,core_5,,SniperProfilers,,0.0,8,0.0,1,1,0.0,1,1,0.0,0.0,8
CPU,Sniper,IISWC,IISWC,bwaves_s/O1,core_6,,SniperProfilers,,0.0,8,0.0,1,1,0.0,1,1,0.0,0.0,8
CPU,Sniper,IISWC,IISWC,bwaves_s/O1,core_7,,SniperProfilers,,0.0,8,0.0,1,1,0.0,1,1,0.0,0.0,8
CPU,Sniper,IISWC,IISWC,bwaves_s/O1,core_0,,SniperProfilers,,27712574850.2994,8,4628.0,1,1,1246.0,1,1,359360.0,7461077844.311378,8
CPU,Sniper,IISWC,IISWC,bwaves_s/O1,core_1,,SniperProfilers,,0.0,8,0.0,1,1,0.0,1,1,0.0,0.0,8
CPU,Sniper,IISWC,IISWC,bwaves_s/O1,core_2,,SniperProfilers,,0.0,8,0.0,1,1,0.0,1,1,0.0,0.0,8
CPU,Sniper,IISWC,IISWC,bwaves_s/O1,core_3,,SniperProfilers,,0.0,8,0.0,1,1,0.0,1,1,0.0,0.0,8
CPU,Sniper,IISWC,IISWC,bwaves_s/O1,core_4,,SniperProfilers,,0.0,8,0.0,1,1,0.0,1,1,0.0,0.0,8
CPU,Sniper,IISWC,IISWC,bwaves_s/O1,core_5,,SniperProfilers,,0.0,8,0.0,1,1,0.0,1,1,0.0,0.0,8
CPU,Sniper,IISWC,IISWC,bwaves_s/O1,core_6,,SniperProfilers,,0.0,8,0.0,1,1,0.0,1,1,0.0,0.0,8
CPU,Sniper,IISWC,IISWC,bwaves_s/O1,core_7,,SniperProfilers,,0.0,8,0.0,1,1,0.0,1,1,0.0,0.0,8
CPU,Sniper,IISWC,IISWC,bwaves_s/O2,core_0,,SniperProfilers,,21250000000.0,8,4590.0,1,1,1237.0,1,1,359680.0,5726851851.851851,8
CPU,Sniper,IISWC,IISWC,bwaves_s/O2,core_1,,SniperProfilers,,0.0,8,0.0,1,1,0.0,1,1,0.0,0.0,8
CPU,Sniper,IISWC,IISWC,bwaves_s/O2,core_2,,SniperProfilers,,0.0,8,0.0,1,1,0.0,1,1,0.0,0.0,8
CPU,Sniper,IISWC,IISWC,bwaves_s/O2,core_3,,SniperProfilers,,0.0,8,0.0,1,1,0.0,1,1,0.0,0.0,8
CPU,Sniper,IISWC,IISWC,bwaves_s/O2,core_4,,SniperProfilers,,0.0,8,0.0,1,1,0.0,1,1,0.0,0.0,8
CPU,Sniper,IISWC,IISWC,bwaves_s/O2,core_5,,SniperProfilers,,0.0,8,0.0,1,1,0.0,1,1,0.0,0.0,8
CPU,Sniper,IISWC,IISWC,bwaves_s/O2,core_6,,SniperProfilers,,0.0,8,0.0,1,1,0.0,1,1,0.0,0.0,8
CPU,Sniper,IISWC,IISWC,bwaves_s/O2,core_7,,SniperProfilers,,0.0,8,0.0,1,1,0.0,1,1,0.0,0.0,8
CPU,Sniper,IISWC,IISWC,bwaves_s/O2,core_0,,SniperProfilers,,15871972318.3391,8,4587.0,1,1,1237.0,1,1,359616.0,4280276816.6089964,8
CPU,Sniper,IISWC,IISWC,bwaves_s/O2,core_1,,SniperProfilers,,0.0,8,0.0,1,1,0.0,1,1,0.0,0.0,8
CPU,Sniper,IISWC,IISWC,bwaves_s/O2,core_2,,SniperProfilers,,0.0,8,0.0,1,1,0.0,1,1,0.0,0.0,8
CPU,Sniper,IISWC,IISWC,bwaves_s/O2,core_3,,SniperProfilers,,0.0,8,0.0,1,1,0.0,1,1,0.0,0.0,8
CPU,Sniper,IISWC,IISWC,bwaves_s/O2,core_4,,SniperProfilers,,0.0,8,0.0,1,1,0.0,1,1,0.0,0.0,8
CPU,Sniper,IISWC,IISWC,bwaves_s/O2,core_5,,SniperProfilers,,0.0,8,0.0,1,1,0.0,1,1,0.0,0.0,8
CPU,Sniper,IISWC,IISWC,bwaves_s/O2,core_6,,SniperProfilers,,0.0,8,0.0,1,1,0.0,1,1,0.0,0.0,8
CPU,Sniper,IISWC,IISWC,bwaves_s/O2,core_7,,SniperProfilers,,0.0,8,0.0,1,1,0.0,1,1,0.0,0.0,8
CPU,Sniper,IISWC,IISWC,bwaves_s/O3,core_0,,SniperProfilers,,14398119122.257053,8,4593.0,1,1,1244.0,1,1,359552.0,3899686520.376176,8
CPU,Sniper,IISWC,IISWC,bwaves_s/O3,core_1,,SniperProfilers,,0.0,8,0.0,1,1,0.0,1,1,0.0,0.0,8
CPU,Sniper,IISWC,IISWC,bwaves_s/O3,core_2,,SniperProfilers,,0.0,8,0.0,1,1,0.0,1,1,0.0,0.0,8
CPU,Sniper,IISWC,IISWC,bwaves_s/O3,core_3,,SniperProfilers,,0.0,8,0.0,1,1,0.0,1,1,0.0,0.0,8
CPU,Sniper,IISWC,IISWC,bwaves_s/O3,core_4,,SniperProfilers,,0.0,8,0.0,1,1,0.0,1,1,0.0,0.0,8
CPU,Sniper,IISWC,IISWC,bwaves_s/O3,core_5,,SniperProfilers,,0.0,8,0.0,1,1,0.0,1,1,0.0,0.0,8
CPU,Sniper,IISWC,IISWC,bwaves_s/O3,core_6,,SniperProfilers,,0.0,8,0.0,1,1,0.0,1,1,0.0,0.0,8
CPU,Sniper,IISWC,IISWC,bwaves_s/O3,core_7,,SniperProfilers,,0.0,8,0.0,1,1,0.0,1,1,0.0,0.0,8
CPU,Sniper,IISWC,IISWC,bwaves_s/O3,core_0,,SniperProfilers,,18408000000.0,8,4602.0,1,1,1237.0,1,1,359488.0,4948000000.0,8
CPU,Sniper,IISWC,IISWC,bwaves_s/O3,core_1,,SniperProfilers,,0.0,8,0.0,1,1,0.0,1,1,0.0,0.0,8
CPU,Sniper,IISWC,IISWC,bwaves_s/O3,core_2,,SniperProfilers,,0.0,8,0.0,1,1,0.0,1,1,0.0,0.0,8
CPU,Sniper,IISWC,IISWC,bwaves_s/O3,core_3,,SniperProfilers,,0.0,8,0.0,1,1,0.0,1,1,0.0,0.0,8
CPU,Sniper,IISWC,IISWC,bwaves_s/O3,core_4,,SniperProfilers,,0.0,8,0.0,1,1,0.0,1,1,0.0,0.0,8
CPU,Sniper,IISWC,IISWC,bwaves_s/O3,core_5,,SniperProfilers,,0.0,8,0.0,1,1,0.0,1,1,0.0,0.0,8
CPU,Sniper,IISWC,IISWC,bwaves_s/O3,core_6,,SniperProfilers,,0.0,8,0.0,1,1,0.0,1,1,0.0,0.0,8
CPU,Sniper,IISWC,IISWC,bwaves_s/O3,core_7,,SniperProfilers,,0.0,8,0.0,1,1,0.0,1,1,0.0,0.0,8
CPU,Sniper,IISWC,IISWC,bwaves_s/Ofast,core_0,,SniperProfilers,,25379120879.12088,8,4619.0,1,1,1245.0,1,1,359168.0,6840659340.659341,8
CPU,Sniper,IISWC,IISWC,bwaves_s/Ofast,core_1,,SniperProfilers,,0.0,8,0.0,1,1,0.0,1,1,0.0,0.0,8
CPU,Sniper,IISWC,IISWC,bwaves_s/Ofast,core_2,,SniperProfilers,,0.0,8,0.0,1,1,0.0,1,1,0.0,0.0,8
CPU,Sniper,IISWC,IISWC,bwaves_s/Ofast,core_3,,SniperProfilers,,0.0,8,0.0,1,1,0.0,1,1,0.0,0.0,8
CPU,Sniper,IISWC,IISWC,bwaves_s/Ofast,core_4,,SniperProfilers,,0.0,8,0.0,1,1,0.0,1,1,0.0,0.0,8
CPU,Sniper,IISWC,IISWC,bwaves_s/Ofast,core_5,,SniperProfilers,,0.0,8,0.0,1,1,0.0,1,1,0.0,0.0,8
CPU,Sniper,IISWC,IISWC,bwaves_s/Ofast,core_6,,SniperProfilers,,0.0,8,0.0,1,1,0.0,1,1,0.0,0.0,8
CPU,Sniper,IISWC,IISWC,bwaves_s/Ofast,core_7,,SniperProfilers,,0.0,8,0.0,1,1,0.0,1,1,0.0,0.0,8
CPU,Sniper,IISWC,IISWC,bwaves_s/Og,core_0,,SniperProfilers,,18402390438.24701,8,4619.0,1,1,1248.0,1,1,359808.0,4972111553.784861,8
CPU,Sniper,IISWC,IISWC,bwaves_s/Og,core_1,,SniperProfilers,,0.0,8,0.0,1,1,0.0,1,1,0.0,0.0,8
CPU,Sniper,IISWC,IISWC,bwaves_s/Og,core_2,,SniperProfilers,,0.0,8,0.0,1,1,0.0,1,1,0.0,0.0,8
CPU,Sniper,IISWC,IISWC,bwaves_s/Og,core_3,,SniperProfilers,,0.0,8,0.0,1,1,0.0,1,1,0.0,0.0,8
CPU,Sniper,IISWC,IISWC,bwaves_s/Og,core_4,,SniperProfilers,,0.0,8,0.0,1,1,0.0,1,1,0.0,0.0,8
CPU,Sniper,IISWC,IISWC,bwaves_s/Og,core_5,,SniperProfilers,,0.0,8,0.0,1,1,0.0,1,1,0.0,0.0,8
CPU,Sniper,IISWC,IISWC,bwaves_s/Og,core_6,,SniperProfilers,,0.0,8,0.0,1,1,0.0,1,1,0.0,0.0,8
CPU,Sniper,IISWC,IISWC,bwaves_s/Og,core_7,,SniperProfilers,,0.0,8,0.0,1,1,0.0,1,1,0.0,0.0,8
CPU,Sniper,IISWC,IISWC,bwaves_s/Og,core_0,,SniperProfilers,,20582222222.22222,8,4631.0,1,1,1253.0,1,1,359744.0,5568888888.888889,8
CPU,Sniper,IISWC,IISWC,bwaves_s/Og,core_1,,SniperProfilers,,0.0,8,0.0,1,1,0.0,1,1,0.0,0.0,8
CPU,Sniper,IISWC,IISWC,bwaves_s/Og,core_2,,SniperProfilers,,0.0,8,0.0,1,1,0.0,1,1,0.0,0.0,8
CPU,Sniper,IISWC,IISWC,bwaves_s/Og,core_3,,SniperProfilers,,0.0,8,0.0,1,1,0.0,1,1,0.0,0.0,8
CPU,Sniper,IISWC,IISWC,bwaves_s/Og,core_4,,SniperProfilers,,0.0,8,0.0,1,1,0.0,1,1,0.0,0.0,8
CPU,Sniper,IISWC,IISWC,bwaves_s/Og,core_5,,SniperProfilers,,0.0,8,0.0,1,1,0.0,1,1,0.0,0.0,8
CPU,Sniper,IISWC,IISWC,bwaves_s/Og,core_6,,SniperProfilers,,0.0,8,0.0,1,1,0.0,1,1,0.0,0.0,8
CPU,Sniper,IISWC,IISWC,bwaves_s/Og,core_7,,SniperProfilers,,0.0,8,0.0,1,1,0.0,1,1,0.0,0.0,8
CPU,Sniper,IISWC,IISWC,cactuBSSN_s/O0,core_0,,SniperProfilers,,9378997.867803838,8,10557.0,1,1,1961.0,1,1,742784.0,1742181.947405828,8
CPU,Sniper,IISWC,IISWC,cactuBSSN_s/O0,core_1,,SniperProfilers,,0.0,8,0.0,1,1,0.0,1,1,0.0,0.0,8
CPU,Sniper,IISWC,IISWC,cactuBSSN_s/O0,core_2,,SniperProfilers,,0.0,8,0.0,1,1,0.0,1,1,0.0,0.0,8
CPU,Sniper,IISWC,IISWC,cactuBSSN_s/O0,core_3,,SniperProfilers,,0.0,8,0.0,1,1,0.0,1,1,0.0,0.0,8
CPU,Sniper,IISWC,IISWC,cactuBSSN_s/O0,core_4,,SniperProfilers,,0.0,8,0.0,1,1,0.0,1,1,0.0,0.0,8
CPU,Sniper,IISWC,IISWC,cactuBSSN_s/O0,core_5,,SniperProfilers,,0.0,8,0.0,1,1,0.0,1,1,0.0,0.0,8
CPU,Sniper,IISWC,IISWC,cactuBSSN_s/O0,core_6,,SniperProfilers,,0.0,8,0.0,1,1,0.0,1,1,0.0,0.0,8
CPU,Sniper,IISWC,IISWC,cactuBSSN_s/O0,core_7,,SniperProfilers,,0.0,8,0.0,1,1,0.0,1,1,0.0,0.0,8
CPU,Sniper,IISWC,IISWC,cactuBSSN_s/O0,core_0,,SniperProfilers,,46937500000.0,8,10514.0,1,1,1936.0,1,1,742976.0,8642857142.857143,8
CPU,Sniper,IISWC,IISWC,cactuBSSN_s/O0,core_1,,SniperProfilers,,0.0,8,0.0,1,1,0.0,1,1,0.0,0.0,8
CPU,Sniper,IISWC,IISWC,cactuBSSN_s/O0,core_2,,SniperProfilers,,0.0,8,0.0,1,1,0.0,1,1,0.0,0.0,8
CPU,Sniper,IISWC,IISWC,cactuBSSN_s/O0,core_3,,SniperProfilers,,0.0,8,0.0,1,1,0.0,1,1,0.0,0.0,8
CPU,Sniper,IISWC,IISWC,cactuBSSN_s/O0,core_4,,SniperProfilers,,0.0,8,0.0,1,1,0.0,1,1,0.0,0.0,8
CPU,Sniper,IISWC,IISWC,cactuBSSN_s/O0,core_5,,SniperProfilers,,0.0,8,0.0,1,1,0.0,1,1,0.0,0.0,8
CPU,Sniper,IISWC,IISWC,cactuBSSN_s/O0,core_6,,SniperProfilers,,0.0,8,0.0,1,1,0.0,1,1,0.0,0.0,8
CPU,Sniper,IISWC,IISWC,cactuBSSN_s/O0,core_7,,SniperProfilers,,0.0,8,0.0,1,1,0.0,1,1,0.0,0.0,8
CPU,Sniper,IISWC,IISWC,cactuBSSN_s/O1,core_0,,SniperProfilers,,111421052631.57895,8,10585.0,1,1,1975.0,1,1,743744.0,20789473684.210526,8
CPU,Sniper,IISWC,IISWC,cactuBSSN_s/O1,core_1,,SniperProfilers,,0.0,8,0.0,1,1,0.0,1,1,0.0,0.0,8
CPU,Sniper,IISWC,IISWC,cactuBSSN_s/O1,core_2,,SniperProfilers,,0.0,8,0.0,1,1,0.0,1,1,0.0,0.0,8
CPU,Sniper,IISWC,IISWC,cactuBSSN_s/O1,core_3,,SniperProfilers,,0.0,8,0.0,1,1,0.0,1,1,0.0,0.0,8
CPU,Sniper,IISWC,IISWC,cactuBSSN_s/O1,core_4,,SniperProfilers,,0.0,8,0.0,1,1,0.0,1,1,0.0,0.0,8
CPU,Sniper,IISWC,IISWC,cactuBSSN_s/O1,core_5,,SniperProfilers,,0.0,8,0.0,1,1,0.0,1,1,0.0,0.0,8
CPU,Sniper,IISWC,IISWC,cactuBSSN_s/O1,core_6,,SniperProfilers,,0.0,8,0.0,1,1,0.0,1,1,0.0,0.0,8
CPU,Sniper,IISWC,IISWC,cactuBSSN_s/O1,core_7,,SniperProfilers,,0.0,8,0.0,1,1,0.0,1,1,0.0,0.0,8
CPU,Sniper,IISWC,IISWC,cactuBSSN_s/O1,core_0,,SniperProfilers,,705000000000.0001,8,10575.0,1,1,1946.0,1,1,743808.0,129733333333.33334,8
CPU,Sniper,IISWC,IISWC,cactuBSSN_s/O1,core_1,,SniperProfilers,,0.0,8,0.0,1,1,0.0,1,1,0.0,0.0,8
CPU,Sniper,IISWC,IISWC,cactuBSSN_s/O1,core_2,,SniperProfilers,,0.0,8,0.0,1,1,0.0,1,1,0.0,0.0,8
CPU,Sniper,IISWC,IISWC,cactuBSSN_s/O1,core_3,,SniperProfilers,,0.0,8,0.0,1,1,0.0,1,1,0.0,0.0,8
CPU,Sniper,IISWC,IISWC,cactuBSSN_s/O1,core_4,,SniperProfilers,,0.0,8,0.0,1,1,0.0,1,1,0.0,0.0,8
CPU,Sniper,IISWC,IISWC,cactuBSSN_s/O1,core_5,,SniperProfilers,,0.0,8,0.0,1,1,0.0,1,1,0.0,0.0,8
CPU,Sniper,IISWC,IISWC,cactuBSSN_s/O1,core_6,,SniperProfilers,,0.0,8,0.0,1,1,0.0,1,1,0.0,0.0,8
CPU,Sniper,IISWC,IISWC,cactuBSSN_s/O1,core_7,,SniperProfilers,,0.0,8,0.0,1,1,0.0,1,1,0.0,0.0,8
CPU,Sniper,IISWC,IISWC,cactuBSSN_s/O2,core_0,,SniperProfilers,,9353635.79863269,8,10535.0,1,1,1958.0,1,1,743616.0,1738435.5855455918,8
CPU,Sniper,IISWC,IISWC,cactuBSSN_s/O2,core_1,,SniperProfilers,,0.0,8,0.0,1,1,0.0,1,1,0.0,0.0,8
CPU,Sniper,IISWC,IISWC,cactuBSSN_s/O2,core_2,,SniperProfilers,,0.0,8,0.0,1,1,0.0,1,1,0.0,0.0,8
CPU,Sniper,IISWC,IISWC,cactuBSSN_s/O2,core_3,,SniperProfilers,,0.0,8,0.0,1,1,0.0,1,1,0.0,0.0,8
CPU,Sniper,IISWC,IISWC,cactuBSSN_s/O2,core_4,,SniperProfilers,,0.0,8,0.0,1,1,0.0,1,1,0.0,0.0,8
CPU,Sniper,IISWC,IISWC,cactuBSSN_s/O2,core_5,,SniperProfilers,,0.0,8,0.0,1,1,0.0,1,1,0.0,0.0,8
CPU,Sniper,IISWC,IISWC,cactuBSSN_s/O2,core_6,,SniperProfilers,,0.0,8,0.0,1,1,0.0,1,1,0.0,0.0,8
CPU,Sniper,IISWC,IISWC,cactuBSSN_s/O2,core_7,,SniperProfilers,,0.0,8,0.0,1,1,0.0,1,1,0.0,0.0,8
CPU,Sniper,IISWC,IISWC,cactuBSSN_s/O2,core_0,,SniperProfilers,,9363402.290686319,8,10546.0,1,1,1962.0,1,1,743680.0,1741987.037201456,8
CPU,Sniper,IISWC,IISWC,cactuBSSN_s/O2,core_1,,SniperProfilers,,0.0,8,0.0,1,1,0.0,1,1,0.0,0.0,8
CPU,Sniper,IISWC,IISWC,cactuBSSN_s/O2,core_2,,SniperProfilers,,0.0,8,0.0,1,1,0.0,1,1,0.0,0.0,8
CPU,Sniper,IISWC,IISWC,cactuBSSN_s/O2,core_3,,SniperProfilers,,0.0,8,0.0,1,1,0.0,1,1,0.0,0.0,8
CPU,Sniper,IISWC,IISWC,cactuBSSN_s/O2,core_4,,SniperProfilers,,0.0,8,0.0,1,1,0.0,1,1,0.0,0.0,8
CPU,Sniper,IISWC,IISWC,cactuBSSN_s/O2,core_5,,SniperProfilers,,0.0,8,0.0,1,1,0.0,1,1,0.0,0.0,8
CPU,Sniper,IISWC,IISWC,cactuBSSN_s/O2,core_6,,SniperProfilers,,0.0,8,0.0,1,1,0.0,1,1,0.0,0.0,8
CPU,Sniper,IISWC,IISWC,cactuBSSN_s/O2,core_7,,SniperProfilers,,0.0,8,0.0,1,1,0.0,1,1,0.0,0.0,8
CPU,Sniper,IISWC,IISWC,cactuBSSN_s/O3,core_0,,SniperProfilers,,9353635.79863269,8,10535.0,1,1,1958.0,1,1,743616.0,1738435.5855455918,8
CPU,Sniper,IISWC,IISWC,cactuBSSN_s/O3,core_1,,SniperProfilers,,0.0,8,0.0,1,1,0.0,1,1,0.0,0.0,8
CPU,Sniper,IISWC,IISWC,cactuBSSN_s/O3,core_2,,SniperProfilers,,0.0,8,0.0,1,1,0.0,1,1,0.0,0.0,8
CPU,Sniper,IISWC,IISWC,cactuBSSN_s/O3,core_3,,SniperProfilers,,0.0,8,0.0,1,1,0.0,1,1,0.0,0.0,8
CPU,Sniper,IISWC,IISWC,cactuBSSN_s/O3,core_4,,SniperProfilers,,0.0,8,0.0,1,1,0.0,1,1,0.0,0.0,8
CPU,Sniper,IISWC,IISWC,cactuBSSN_s/O3,core_5,,SniperProfilers,,0.0,8,0.0,1,1,0.0,1,1,0.0,0.0,8
CPU,Sniper,IISWC,IISWC,cactuBSSN_s/O3,core_6,,SniperProfilers,,0.0,8,0.0,1,1,0.0,1,1,0.0,0.0,8
CPU,Sniper,IISWC,IISWC,cactuBSSN_s/O3,core_7,,SniperProfilers,,0.0,8,0.0,1,1,0.0,1,1,0.0,0.0,8
CPU,Sniper,IISWC,IISWC,cactuBSSN_s/O3,core_0,,SniperProfilers,,35590604026.845634,8,10606.0,1,1,1992.0,1,1,743232.0,6684563758.389262,8
CPU,Sniper,IISWC,IISWC,cactuBSSN_s/O3,core_1,,SniperProfilers,,0.0,8,0.0,1,1,0.0,1,1,0.0,0.0,8
CPU,Sniper,IISWC,IISWC,cactuBSSN_s/O3,core_2,,SniperProfilers,,0.0,8,0.0,1,1,0.0,1,1,0.0,0.0,8
CPU,Sniper,IISWC,IISWC,cactuBSSN_s/O3,core_3,,SniperProfilers,,0.0,8,0.0,1,1,0.0,1,1,0.0,0.0,8
CPU,Sniper,IISWC,IISWC,cactuBSSN_s/O3,core_4,,SniperProfilers,,0.0,8,0.0,1,1,0.0,1,1,0.0,0.0,8
CPU,Sniper,IISWC,IISWC,cactuBSSN_s/O3,core_5,,SniperProfilers,,0.0,8,0.0,1,1,0.0,1,1,0.0,0.0,8
CPU,Sniper,IISWC,IISWC,cactuBSSN_s/O3,core_6,,SniperProfilers,,0.0,8,0.0,1,1,0.0,1,1,0.0,0.0,8
CPU,Sniper,IISWC,IISWC,cactuBSSN_s/O3,core_7,,SniperProfilers,,0.0,8,0.0,1,1,0.0,1,1,0.0,0.0,8
CPU,Sniper,IISWC,IISWC,cactuBSSN_s/Ofast,core_0,,SniperProfilers,,9345993.433312628,8,10532.0,1,1,1960.0,1,1,743232.0,1739284.7635105157,8
CPU,Sniper,IISWC,IISWC,cactuBSSN_s/Ofast,core_1,,SniperProfilers,,0.0,8,0.0,1,1,0.0,1,1,0.0,0.0,8
CPU,Sniper,IISWC,IISWC,cactuBSSN_s/Ofast,core_2,,SniperProfilers,,0.0,8,0.0,1,1,0.0,1,1,0.0,0.0,8
CPU,Sniper,IISWC,IISWC,cactuBSSN_s/Ofast,core_3,,SniperProfilers,,0.0,8,0.0,1,1,0.0,1,1,0.0,0.0,8
CPU,Sniper,IISWC,IISWC,cactuBSSN_s/Ofast,core_4,,SniperProfilers,,0.0,8,0.0,1,1,0.0,1,1,0.0,0.0,8
CPU,Sniper,IISWC,IISWC,cactuBSSN_s/Ofast,core_5,,SniperProfilers,,0.0,8,0.0,1,1,0.0,1,1,0.0,0.0,8
CPU,Sniper,IISWC,IISWC,cactuBSSN_s/Ofast,core_6,,SniperProfilers,,0.0,8,0.0,1,1,0.0,1,1,0.0,0.0,8
CPU,Sniper,IISWC,IISWC,cactuBSSN_s/Ofast,core_7,,SniperProfilers,,0.0,8,0.0,1,1,0.0,1,1,0.0,0.0,8
CPU,Sniper,IISWC,IISWC,cactuBSSN_s/Og,core_0,,SniperProfilers,,9449866.903283052,8,10650.0,1,1,1962.0,1,1,744000.0,1740905.057675244,8
CPU,Sniper,IISWC,IISWC,cactuBSSN_s/Og,core_1,,SniperProfilers,,0.0,8,0.0,1,1,0.0,1,1,0.0,0.0,8
CPU,Sniper,IISWC,IISWC,cactuBSSN_s/Og,core_2,,SniperProfilers,,0.0,8,0.0,1,1,0.0,1,1,0.0,0.0,8
CPU,Sniper,IISWC,IISWC,cactuBSSN_s/Og,core_3,,SniperProfilers,,0.0,8,0.0,1,1,0.0,1,1,0.0,0.0,8
CPU,Sniper,IISWC,IISWC,cactuBSSN_s/Og,core_4,,SniperProfilers,,0.0,8,0.0,1,1,0.0,1,1,0.0,0.0,8
CPU,Sniper,IISWC,IISWC,cactuBSSN_s/Og,core_5,,SniperProfilers,,0.0,8,0.0,1,1,0.0,1,1,0.0,0.0,8
CPU,Sniper,IISWC,IISWC,cactuBSSN_s/Og,core_6,,SniperProfilers,,0.0,8,0.0,1,1,0.0,1,1,0.0,0.0,8
CPU,Sniper,IISWC,IISWC,cactuBSSN_s/Og,core_7,,SniperProfilers,,0.0,8,0.0,1,1,0.0,1,1,0.0,0.0,8
CPU,Sniper,IISWC,IISWC,fotonik3d_s/O0,core_0,,SniperProfilers,,33819209039.54802,8,5986.0,1,1,1522.0,1,1,461376.0,8598870056.497175,8
CPU,Sniper,IISWC,IISWC,fotonik3d_s/O0,core_1,,SniperProfilers,,0.0,8,0.0,1,1,0.0,1,1,0.0,0.0,8
CPU,Sniper,IISWC,IISWC,fotonik3d_s/O0,core_2,,SniperProfilers,,0.0,8,0.0,1,1,0.0,1,1,0.0,0.0,8
CPU,Sniper,IISWC,IISWC,fotonik3d_s/O0,core_3,,SniperProfilers,,0.0,8,0.0,1,1,0.0,1,1,0.0,0.0,8
CPU,Sniper,IISWC,IISWC,fotonik3d_s/O0,core_4,,SniperProfilers,,0.0,8,0.0,1,1,0.0,1,1,0.0,0.0,8
CPU,Sniper,IISWC,IISWC,fotonik3d_s/O0,core_5,,SniperProfilers,,0.0,8,0.0,1,1,0.0,1,1,0.0,0.0,8
CPU,Sniper,IISWC,IISWC,fotonik3d_s/O0,core_6,,SniperProfilers,,0.0,8,0.0,1,1,0.0,1,1,0.0,0.0,8
CPU,Sniper,IISWC,IISWC,fotonik3d_s/O0,core_7,,SniperProfilers,,0.0,8,0.0,1,1,0.0,1,1,0.0,0.0,8
CPU,Sniper,IISWC,IISWC,fotonik3d_s/O1,core_0,,SniperProfilers,,9639285.128709624,8,5879.0,1,1,1490.0,1,1,455232.0,2443023.4464666336,8
CPU,Sniper,IISWC,IISWC,fotonik3d_s/O1,core_1,,SniperProfilers,,0.0,8,0.0,1,1,0.0,1,1,0.0,0.0,8
CPU,Sniper,IISWC,IISWC,fotonik3d_s/O1,core_2,,SniperProfilers,,0.0,8,0.0,1,1,0.0,1,1,0.0,0.0,8
CPU,Sniper,IISWC,IISWC,fotonik3d_s/O1,core_3,,SniperProfilers,,0.0,8,0.0,1,1,0.0,1,1,0.0,0.0,8
CPU,Sniper,IISWC,IISWC,fotonik3d_s/O1,core_4,,SniperProfilers,,0.0,8,0.0,1,1,0.0,1,1,0.0,0.0,8
CPU,Sniper,IISWC,IISWC,fotonik3d_s/O1,core_5,,SniperProfilers,,0.0,8,0.0,1,1,0.0,1,1,0.0,0.0,8
CPU,Sniper,IISWC,IISWC,fotonik3d_s/O1,core_6,,SniperProfilers,,0.0,8,0.0,1,1,0.0,1,1,0.0,0.0,8
CPU,Sniper,IISWC,IISWC,fotonik3d_s/O1,core_7,,SniperProfilers,,0.0,8,0.0,1,1,0.0,1,1,0.0,0.0,8
CPU,Sniper,IISWC,IISWC,fotonik3d_s/O2,core_0,,SniperProfilers,,34080459770.114944,8,5930.0,1,1,1491.0,1,1,454592.0,8568965517.24138,8
CPU,Sniper,IISWC,IISWC,fotonik3d_s/O2,core_1,,SniperProfilers,,0.0,8,0.0,1,1,0.0,1,1,0.0,0.0,8
CPU,Sniper,IISWC,IISWC,fotonik3d_s/O2,core_2,,SniperProfilers,,0.0,8,0.0,1,1,0.0,1,1,0.0,0.0,8
CPU,Sniper,IISWC,IISWC,fotonik3d_s/O2,core_3,,SniperProfilers,,0.0,8,0.0,1,1,0.0,1,1,0.0,0.0,8
CPU,Sniper,IISWC,IISWC,fotonik3d_s/O2,core_4,,SniperProfilers,,0.0,8,0.0,1,1,0.0,1,1,0.0,0.0,8
CPU,Sniper,IISWC,IISWC,fotonik3d_s/O2,core_5,,SniperProfilers,,0.0,8,0.0,1,1,0.0,1,1,0.0,0.0,8
CPU,Sniper,IISWC,IISWC,fotonik3d_s/O2,core_6,,SniperProfilers,,0.0,8,0.0,1,1,0.0,1,1,0.0,0.0,8
CPU,Sniper,IISWC,IISWC,fotonik3d_s/O2,core_7,,SniperProfilers,,0.0,8,0.0,1,1,0.0,1,1,0.0,0.0,8
CPU,Sniper,IISWC,IISWC,fotonik3d_s/O3,core_0,,SniperProfilers,,15315521628.498728,8,6019.0,1,1,1537.0,1,1,466560.0,3910941475.826972,8
CPU,Sniper,IISWC,IISWC,fotonik3d_s/O3,core_1,,SniperProfilers,,0.0,8,0.0,1,1,0.0,1,1,0.0,0.0,8
CPU,Sniper,IISWC,IISWC,fotonik3d_s/O3,core_2,,SniperProfilers,,0.0,8,0.0,1,1,0.0,1,1,0.0,0.0,8
CPU,Sniper,IISWC,IISWC,fotonik3d_s/O3,core_3,,SniperProfilers,,0.0,8,0.0,1,1,0.0,1,1,0.0,0.0,8
CPU,Sniper,IISWC,IISWC,fotonik3d_s/O3,core_4,,SniperProfilers,,0.0,8,0.0,1,1,0.0,1,1,0.0,0.0,8
CPU,Sniper,IISWC,IISWC,fotonik3d_s/O3,core_5,,SniperProfilers,,0.0,8,0.0,1,1,0.0,1,1,0.0,0.0,8
CPU,Sniper,IISWC,IISWC,fotonik3d_s/O3,core_6,,SniperProfilers,,0.0,8,0.0,1,1,0.0,1,1,0.0,0.0,8
CPU,Sniper,IISWC,IISWC,fotonik3d_s/O3,core_7,,SniperProfilers,,0.0,8,0.0,1,1,0.0,1,1,0.0,0.0,8
CPU,Sniper,IISWC,IISWC,fotonik3d_s/Ofast,core_0,,SniperProfilers,,16142473118.27957,8,6005.0,1,1,1528.0,1,1,465856.0,4107526881.7204304,8
CPU,Sniper,IISWC,IISWC,fotonik3d_s/Ofast,core_1,,SniperProfilers,,0.0,8,0.0,1,1,0.0,1,1,0.0,0.0,8
CPU,Sniper,IISWC,IISWC,fotonik3d_s/Ofast,core_2,,SniperProfilers,,0.0,8,0.0,1,1,0.0,1,1,0.0,0.0,8
CPU,Sniper,IISWC,IISWC,fotonik3d_s/Ofast,core_3,,SniperProfilers,,0.0,8,0.0,1,1,0.0,1,1,0.0,0.0,8
CPU,Sniper,IISWC,IISWC,fotonik3d_s/Ofast,core_4,,SniperProfilers,,0.0,8,0.0,1,1,0.0,1,1,0.0,0.0,8
CPU,Sniper,IISWC,IISWC,fotonik3d_s/Ofast,core_5,,SniperProfilers,,0.0,8,0.0,1,1,0.0,1,1,0.0,0.0,8
CPU,Sniper,IISWC,IISWC,fotonik3d_s/Ofast,core_6,,SniperProfilers,,0.0,8,0.0,1,1,0.0,1,1,0.0,0.0,8
CPU,Sniper,IISWC,IISWC,fotonik3d_s/Ofast,core_7,,SniperProfilers,,0.0,8,0.0,1,1,0.0,1,1,0.0,0.0,8
CPU,Sniper,IISWC,IISWC,fotonik3d_s/Og,core_0,,SniperProfilers,,41773049645.39007,8,5890.0,1,1,1506.0,1,1,457472.0,10680851063.829786,8
CPU,Sniper,IISWC,IISWC,fotonik3d_s/Og,core_1,,SniperProfilers,,0.0,8,0.0,1,1,0.0,1,1,0.0,0.0,8
CPU,Sniper,IISWC,IISWC,fotonik3d_s/Og,core_2,,SniperProfilers,,0.0,8,0.0,1,1,0.0,1,1,0.0,0.0,8
CPU,Sniper,IISWC,IISWC,fotonik3d_s/Og,core_3,,SniperProfilers,,0.0,8,0.0,1,1,0.0,1,1,0.0,0.0,8
CPU,Sniper,IISWC,IISWC,fotonik3d_s/Og,core_4,,SniperProfilers,,0.0,8,0.0,1,1,0.0,1,1,0.0,0.0,8
CPU,Sniper,IISWC,IISWC,fotonik3d_s/Og,core_5,,SniperProfilers,,0.0,8,0.0,1,1,0.0,1,1,0.0,0.0,8
CPU,Sniper,IISWC,IISWC,fotonik3d_s/Og,core_6,,SniperProfilers,,0.0,8,0.0,1,1,0.0,1,1,0.0,0.0,8
CPU,Sniper,IISWC,IISWC,fotonik3d_s/Og,core_7,,SniperProfilers,,0.0,8,0.0,1,1,0.0,1,1,0.0,0.0,8
CPU,Sniper,IISWC,IISWC,imagick_s/O0,core_0,,SniperProfilers,,10351992.1779516,8,4235.0,1,1,1294.0,1,1,345792.0,3163040.821315082,8
CPU,Sniper,IISWC,IISWC,imagick_s/O0,core_1,,SniperProfilers,,0.0,8,0.0,1,1,0.0,1,1,0.0,0.0,8
CPU,Sniper,IISWC,IISWC,imagick_s/O0,core_2,,SniperProfilers,,0.0,8,0.0,1,1,0.0,1,1,0.0,0.0,8
CPU,Sniper,IISWC,IISWC,imagick_s/O0,core_3,,SniperProfilers,,0.0,8,0.0,1,1,0.0,1,1,0.0,0.0,8
CPU,Sniper,IISWC,IISWC,imagick_s/O0,core_4,,SniperProfilers,,0.0,8,0.0,1,1,0.0,1,1,0.0,0.0,8
CPU,Sniper,IISWC,IISWC,imagick_s/O0,core_5,,SniperProfilers,,0.0,8,0.0,1,1,0.0,1,1,0.0,0.0,8
CPU,Sniper,IISWC,IISWC,imagick_s/O0,core_6,,SniperProfilers,,0.0,8,0.0,1,1,0.0,1,1,0.0,0.0,8
CPU,Sniper,IISWC,IISWC,imagick_s/O0,core_7,,SniperProfilers,,0.0,8,0.0,1,1,0.0,1,1,0.0,0.0,8
CPU,Sniper,IISWC,IISWC,imagick_s/O0,core_0,,SniperProfilers,,10324232.081911262,8,4235.0,1,1,1298.0,1,1,346112.0,3164310.0926377377,8
CPU,Sniper,IISWC,IISWC,imagick_s/O0,core_1,,SniperProfilers,,0.0,8,0.0,1,1,0.0,1,1,0.0,0.0,8
CPU,Sniper,IISWC,IISWC,imagick_s/O0,core_2,,SniperProfilers,,0.0,8,0.0,1,1,0.0,1,1,0.0,0.0,8
CPU,Sniper,IISWC,IISWC,imagick_s/O0,core_3,,SniperProfilers,,0.0,8,0.0,1,1,0.0,1,1,0.0,0.0,8
CPU,Sniper,IISWC,IISWC,imagick_s/O0,core_4,,SniperProfilers,,0.0,8,0.0,1,1,0.0,1,1,0.0,0.0,8
CPU,Sniper,IISWC,IISWC,imagick_s/O0,core_5,,SniperProfilers,,0.0,8,0.0,1,1,0.0,1,1,0.0,0.0,8
CPU,Sniper,IISWC,IISWC,imagick_s/O0,core_6,,SniperProfilers,,0.0,8,0.0,1,1,0.0,1,1,0.0,0.0,8
CPU,Sniper,IISWC,IISWC,imagick_s/O0,core_7,,SniperProfilers,,0.0,8,0.0,1,1,0.0,1,1,0.0,0.0,8
CPU,Sniper,IISWC,IISWC,imagick_s/O1,core_0,,SniperProfilers,,10560963.114754098,8,4123.0,1,1,1242.0,1,1,335616.0,3181352.4590163934,8
CPU,Sniper,IISWC,IISWC,imagick_s/O1,core_1,,SniperProfilers,,0.0,8,0.0,1,1,0.0,1,1,0.0,0.0,8
CPU,Sniper,IISWC,IISWC,imagick_s/O1,core_2,,SniperProfilers,,0.0,8,0.0,1,1,0.0,1,1,0.0,0.0,8
CPU,Sniper,IISWC,IISWC,imagick_s/O1,core_3,,SniperProfilers,,0.0,8,0.0,1,1,0.0,1,1,0.0,0.0,8
CPU,Sniper,IISWC,IISWC,imagick_s/O1,core_4,,SniperProfilers,,0.0,8,0.0,1,1,0.0,1,1,0.0,0.0,8
CPU,Sniper,IISWC,IISWC,imagick_s/O1,core_5,,SniperProfilers,,0.0,8,0.0,1,1,0.0,1,1,0.0,0.0,8
CPU,Sniper,IISWC,IISWC,imagick_s/O1,core_6,,SniperProfilers,,0.0,8,0.0,1,1,0.0,1,1,0.0,0.0,8
CPU,Sniper,IISWC,IISWC,imagick_s/O1,core_7,,SniperProfilers,,0.0,8,0.0,1,1,0.0,1,1,0.0,0.0,8
CPU,Sniper,IISWC,IISWC,imagick_s/O1,core_0,,SniperProfilers,,10549872.122762147,8,4125.0,1,1,1242.0,1,1,335744.0,3176470.588235294,8
CPU,Sniper,IISWC,IISWC,imagick_s/O1,core_1,,SniperProfilers,,0.0,8,0.0,1,1,0.0,1,1,0.0,0.0,8
CPU,Sniper,IISWC,IISWC,imagick_s/O1,core_2,,SniperProfilers,,0.0,8,0.0,1,1,0.0,1,1,0.0,0.0,8
CPU,Sniper,IISWC,IISWC,imagick_s/O1,core_3,,SniperProfilers,,0.0,8,0.0,1,1,0.0,1,1,0.0,0.0,8
CPU,Sniper,IISWC,IISWC,imagick_s/O1,core_4,,SniperProfilers,,0.0,8,0.0,1,1,0.0,1,1,0.0,0.0,8
CPU,Sniper,IISWC,IISWC,imagick_s/O1,core_5,,SniperProfilers,,0.0,8,0.0,1,1,0.0,1,1,0.0,0.0,8
CPU,Sniper,IISWC,IISWC,imagick_s/O1,core_6,,SniperProfilers,,0.0,8,0.0,1,1,0.0,1,1,0.0,0.0,8
CPU,Sniper,IISWC,IISWC,imagick_s/O1,core_7,,SniperProfilers,,0.0,8,0.0,1,1,0.0,1,1,0.0,0.0,8
CPU,Sniper,IISWC,IISWC,imagick_s/O2,core_0,,SniperProfilers,,10549450.549450548,8,4128.0,1,1,1242.0,1,1,335808.0,3174035.267058523,8
CPU,Sniper,IISWC,IISWC,imagick_s/O2,core_1,,SniperProfilers,,0.0,8,0.0,1,1,0.0,1,1,0.0,0.0,8
CPU,Sniper,IISWC,IISWC,imagick_s/O2,core_2,,SniperProfilers,,0.0,8,0.0,1,1,0.0,1,1,0.0,0.0,8
CPU,Sniper,IISWC,IISWC,imagick_s/O2,core_3,,SniperProfilers,,0.0,8,0.0,1,1,0.0,1,1,0.0,0.0,8
CPU,Sniper,IISWC,IISWC,imagick_s/O2,core_4,,SniperProfilers,,0.0,8,0.0,1,1,0.0,1,1,0.0,0.0,8
CPU,Sniper,IISWC,IISWC,imagick_s/O2,core_5,,SniperProfilers,,0.0,8,0.0,1,1,0.0,1,1,0.0,0.0,8
CPU,Sniper,IISWC,IISWC,imagick_s/O2,core_6,,SniperProfilers,,0.0,8,0.0,1,1,0.0,1,1,0.0,0.0,8
CPU,Sniper,IISWC,IISWC,imagick_s/O2,core_7,,SniperProfilers,,0.0,8,0.0,1,1,0.0,1,1,0.0,0.0,8
CPU,Sniper,IISWC,IISWC,imagick_s/O2,core_0,,SniperProfilers,,10538128.028564142,8,4132.0,1,1,1241.0,1,1,336064.0,3165008.926294313,8
CPU,Sniper,IISWC,IISWC,imagick_s/O2,core_1,,SniperProfilers,,0.0,8,0.0,1,1,0.0,1,1,0.0,0.0,8
CPU,Sniper,IISWC,IISWC,imagick_s/O2,core_2,,SniperProfilers,,0.0,8,0.0,1,1,0.0,1,1,0.0,0.0,8
CPU,Sniper,IISWC,IISWC,imagick_s/O2,core_3,,SniperProfilers,,0.0,8,0.0,1,1,0.0,1,1,0.0,0.0,8
CPU,Sniper,IISWC,IISWC,imagick_s/O2,core_4,,SniperProfilers,,0.0,8,0.0,1,1,0.0,1,1,0.0,0.0,8
CPU,Sniper,IISWC,IISWC,imagick_s/O2,core_5,,SniperProfilers,,0.0,8,0.0,1,1,0.0,1,1,0.0,0.0,8
CPU,Sniper,IISWC,IISWC,imagick_s/O2,core_6,,SniperProfilers,,0.0,8,0.0,1,1,0.0,1,1,0.0,0.0,8
CPU,Sniper,IISWC,IISWC,imagick_s/O2,core_7,,SniperProfilers,,0.0,8,0.0,1,1,0.0,1,1,0.0,0.0,8
CPU,Sniper,IISWC,IISWC,imagick_s/O3,core_0,,SniperProfilers,,10555555.555555556,8,4123.0,1,1,1239.0,1,1,335616.0,3172043.010752688,8
CPU,Sniper,IISWC,IISWC,imagick_s/O3,core_1,,SniperProfilers,,0.0,8,0.0,1,1,0.0,1,1,0.0,0.0,8
CPU,Sniper,IISWC,IISWC,imagick_s/O3,core_2,,SniperProfilers,,0.0,8,0.0,1,1,0.0,1,1,0.0,0.0,8
CPU,Sniper,IISWC,IISWC,imagick_s/O3,core_3,,SniperProfilers,,0.0,8,0.0,1,1,0.0,1,1,0.0,0.0,8
CPU,Sniper,IISWC,IISWC,imagick_s/O3,core_4,,SniperProfilers,,0.0,8,0.0,1,1,0.0,1,1,0.0,0.0,8
CPU,Sniper,IISWC,IISWC,imagick_s/O3,core_5,,SniperProfilers,,0.0,8,0.0,1,1,0.0,1,1,0.0,0.0,8
CPU,Sniper,IISWC,IISWC,imagick_s/O3,core_6,,SniperProfilers,,0.0,8,0.0,1,1,0.0,1,1,0.0,0.0,8
CPU,Sniper,IISWC,IISWC,imagick_s/O3,core_7,,SniperProfilers,,0.0,8,0.0,1,1,0.0,1,1,0.0,0.0,8
CPU,Sniper,IISWC,IISWC,imagick_s/O3,core_0,,SniperProfilers,,10538128.028564142,8,4132.0,1,1,1241.0,1,1,336064.0,3165008.926294313,8
CPU,Sniper,IISWC,IISWC,imagick_s/O3,core_1,,SniperProfilers,,0.0,8,0.0,1,1,0.0,1,1,0.0,0.0,8
CPU,Sniper,IISWC,IISWC,imagick_s/O3,core_2,,SniperProfilers,,0.0,8,0.0,1,1,0.0,1,1,0.0,0.0,8
CPU,Sniper,IISWC,IISWC,imagick_s/O3,core_3,,SniperProfilers,,0.0,8,0.0,1,1,0.0,1,1,0.0,0.0,8
CPU,Sniper,IISWC,IISWC,imagick_s/O3,core_4,,SniperProfilers,,0.0,8,0.0,1,1,0.0,1,1,0.0,0.0,8
CPU,Sniper,IISWC,IISWC,imagick_s/O3,core_5,,SniperProfilers,,0.0,8,0.0,1,1,0.0,1,1,0.0,0.0,8
CPU,Sniper,IISWC,IISWC,imagick_s/O3,core_6,,SniperProfilers,,0.0,8,0.0,1,1,0.0,1,1,0.0,0.0,8
CPU,Sniper,IISWC,IISWC,imagick_s/O3,core_7,,SniperProfilers,,0.0,8,0.0,1,1,0.0,1,1,0.0,0.0,8
CPU,Sniper,IISWC,IISWC,imagick_s/Ofast,core_0,,SniperProfilers,,10461241.246075828,8,4332.0,1,1,1278.0,1,1,350784.0,3086211.0601304034,8
CPU,Sniper,IISWC,IISWC,imagick_s/Ofast,core_1,,SniperProfilers,,0.0,8,0.0,1,1,0.0,1,1,0.0,0.0,8
CPU,Sniper,IISWC,IISWC,imagick_s/Ofast,core_2,,SniperProfilers,,0.0,8,0.0,1,1,0.0,1,1,0.0,0.0,8
CPU,Sniper,IISWC,IISWC,imagick_s/Ofast,core_3,,SniperProfilers,,0.0,8,0.0,1,1,0.0,1,1,0.0,0.0,8
CPU,Sniper,IISWC,IISWC,imagick_s/Ofast,core_4,,SniperProfilers,,0.0,8,0.0,1,1,0.0,1,1,0.0,0.0,8
CPU,Sniper,IISWC,IISWC,imagick_s/Ofast,core_5,,SniperProfilers,,0.0,8,0.0,1,1,0.0,1,1,0.0,0.0,8
CPU,Sniper,IISWC,IISWC,imagick_s/Ofast,core_6,,SniperProfilers,,0.0,8,0.0,1,1,0.0,1,1,0.0,0.0,8
CPU,Sniper,IISWC,IISWC,imagick_s/Ofast,core_7,,SniperProfilers,,0.0,8,0.0,1,1,0.0,1,1,0.0,0.0,8
CPU,Sniper,IISWC,IISWC,imagick_s/Og,core_0,,SniperProfilers,,10536034.880738651,8,4108.0,1,1,1239.0,1,1,335040.0,3177737.881508079,8
CPU,Sniper,IISWC,IISWC,imagick_s/Og,core_1,,SniperProfilers,,0.0,8,0.0,1,1,0.0,1,1,0.0,0.0,8
CPU,Sniper,IISWC,IISWC,imagick_s/Og,core_2,,SniperProfilers,,0.0,8,0.0,1,1,0.0,1,1,0.0,0.0,8
CPU,Sniper,IISWC,IISWC,imagick_s/Og,core_3,,SniperProfilers,,0.0,8,0.0,1,1,0.0,1,1,0.0,0.0,8
CPU,Sniper,IISWC,IISWC,imagick_s/Og,core_4,,SniperProfilers,,0.0,8,0.0,1,1,0.0,1,1,0.0,0.0,8
CPU,Sniper,IISWC,IISWC,imagick_s/Og,core_5,,SniperProfilers,,0.0,8,0.0,1,1,0.0,1,1,0.0,0.0,8
CPU,Sniper,IISWC,IISWC,imagick_s/Og,core_6,,SniperProfilers,,0.0,8,0.0,1,1,0.0,1,1,0.0,0.0,8
CPU,Sniper,IISWC,IISWC,imagick_s/Og,core_7,,SniperProfilers,,0.0,8,0.0,1,1,0.0,1,1,0.0,0.0,8
CPU,Sniper,IISWC,IISWC,nab_s/O0,core_0,,SniperProfilers,,11097636.815920398,8,3569.0,1,1,783.0,1,1,273408.0,2434701.492537313,8
CPU,Sniper,IISWC,IISWC,nab_s/O0,core_1,,SniperProfilers,,0.0,8,0.0,1,1,0.0,1,1,0.0,0.0,8
CPU,Sniper,IISWC,IISWC,nab_s/O0,core_2,,SniperProfilers,,0.0,8,0.0,1,1,0.0,1,1,0.0,0.0,8
CPU,Sniper,IISWC,IISWC,nab_s/O0,core_3,,SniperProfilers,,0.0,8,0.0,1,1,0.0,1,1,0.0,0.0,8
CPU,Sniper,IISWC,IISWC,nab_s/O0,core_4,,SniperProfilers,,0.0,8,0.0,1,1,0.0,1,1,0.0,0.0,8
CPU,Sniper,IISWC,IISWC,nab_s/O0,core_5,,SniperProfilers,,0.0,8,0.0,1,1,0.0,1,1,0.0,0.0,8
CPU,Sniper,IISWC,IISWC,nab_s/O0,core_6,,SniperProfilers,,0.0,8,0.0,1,1,0.0,1,1,0.0,0.0,8
CPU,Sniper,IISWC,IISWC,nab_s/O0,core_7,,SniperProfilers,,0.0,8,0.0,1,1,0.0,1,1,0.0,0.0,8
CPU,Sniper,IISWC,IISWC,nab_s/O0,core_0,,SniperProfilers,,54938461538.46154,8,3571.0,1,1,784.0,1,1,273408.0,12061538461.538462,8
CPU,Sniper,IISWC,IISWC,nab_s/O0,core_1,,SniperProfilers,,0.0,8,0.0,1,1,0.0,1,1,0.0,0.0,8
CPU,Sniper,IISWC,IISWC,nab_s/O0,core_2,,SniperProfilers,,0.0,8,0.0,1,1,0.0,1,1,0.0,0.0,8
CPU,Sniper,IISWC,IISWC,nab_s/O0,core_3,,SniperProfilers,,0.0,8,0.0,1,1,0.0,1,1,0.0,0.0,8
CPU,Sniper,IISWC,IISWC,nab_s/O0,core_4,,SniperProfilers,,0.0,8,0.0,1,1,0.0,1,1,0.0,0.0,8
CPU,Sniper,IISWC,IISWC,nab_s/O0,core_5,,SniperProfilers,,0.0,8,0.0,1,1,0.0,1,1,0.0,0.0,8
CPU,Sniper,IISWC,IISWC,nab_s/O0,core_6,,SniperProfilers,,0.0,8,0.0,1,1,0.0,1,1,0.0,0.0,8
CPU,Sniper,IISWC,IISWC,nab_s/O0,core_7,,SniperProfilers,,0.0,8,0.0,1,1,0.0,1,1,0.0,0.0,8
CPU,Sniper,IISWC,IISWC,nab_s/O1,core_0,,SniperProfilers,,11140981.556736479,8,3564.0,1,1,788.0,1,1,273152.0,2463269.7718036883,8
CPU,Sniper,IISWC,IISWC,nab_s/O1,core_1,,SniperProfilers,,0.0,8,0.0,1,1,0.0,1,1,0.0,0.0,8
CPU,Sniper,IISWC,IISWC,nab_s/O1,core_2,,SniperProfilers,,0.0,8,0.0,1,1,0.0,1,1,0.0,0.0,8
CPU,Sniper,IISWC,IISWC,nab_s/O1,core_3,,SniperProfilers,,0.0,8,0.0,1,1,0.0,1,1,0.0,0.0,8
CPU,Sniper,IISWC,IISWC,nab_s/O1,core_4,,SniperProfilers,,0.0,8,0.0,1,1,0.0,1,1,0.0,0.0,8
CPU,Sniper,IISWC,IISWC,nab_s/O1,core_5,,SniperProfilers,,0.0,8,0.0,1,1,0.0,1,1,0.0,0.0,8
CPU,Sniper,IISWC,IISWC,nab_s/O1,core_6,,SniperProfilers,,0.0,8,0.0,1,1,0.0,1,1,0.0,0.0,8
CPU,Sniper,IISWC,IISWC,nab_s/O1,core_7,,SniperProfilers,,0.0,8,0.0,1,1,0.0,1,1,0.0,0.0,8
CPU,Sniper,IISWC,IISWC,nab_s/O1,core_0,,SniperProfilers,,39098901098.9011,8,3558.0,1,1,785.0,1,1,273152.0,8626373626.373627,8
CPU,Sniper,IISWC,IISWC,nab_s/O1,core_1,,SniperProfilers,,0.0,8,0.0,1,1,0.0,1,1,0.0,0.0,8
CPU,Sniper,IISWC,IISWC,nab_s/O1,core_2,,SniperProfilers,,0.0,8,0.0,1,1,0.0,1,1,0.0,0.0,8
CPU,Sniper,IISWC,IISWC,nab_s/O1,core_3,,SniperProfilers,,0.0,8,0.0,1,1,0.0,1,1,0.0,0.0,8
CPU,Sniper,IISWC,IISWC,nab_s/O1,core_4,,SniperProfilers,,0.0,8,0.0,1,1,0.0,1,1,0.0,0.0,8
CPU,Sniper,IISWC,IISWC,nab_s/O1,core_5,,SniperProfilers,,0.0,8,0.0,1,1,0.0,1,1,0.0,0.0,8
CPU,Sniper,IISWC,IISWC,nab_s/O1,core_6,,SniperProfilers,,0.0,8,0.0,1,1,0.0,1,1,0.0,0.0,8
CPU,Sniper,IISWC,IISWC,nab_s/O1,core_7,,SniperProfilers,,0.0,8,0.0,1,1,0.0,1,1,0.0,0.0,8
CPU,Sniper,IISWC,IISWC,nab_s/O2,core_0,,SniperProfilers,,10291100.637649016,8,3712.0,1,1,3553.0,1,1,458432.0,9850291.10063765,8
CPU,Sniper,IISWC,IISWC,nab_s/O2,core_1,,SniperProfilers,,0.0,8,0.0,1,1,0.0,1,1,0.0,0.0,8
CPU,Sniper,IISWC,IISWC,nab_s/O2,core_2,,SniperProfilers,,0.0,8,0.0,1,1,0.0,1,1,0.0,0.0,8
CPU,Sniper,IISWC,IISWC,nab_s/O2,core_3,,SniperProfilers,,0.0,8,0.0,1,1,0.0,1,1,0.0,0.0,8
CPU,Sniper,IISWC,IISWC,nab_s/O2,core_4,,SniperProfilers,,0.0,8,0.0,1,1,0.0,1,1,0.0,0.0,8
CPU,Sniper,IISWC,IISWC,nab_s/O2,core_5,,SniperProfilers,,0.0,8,0.0,1,1,0.0,1,1,0.0,0.0,8
CPU,Sniper,IISWC,IISWC,nab_s/O2,core_6,,SniperProfilers,,0.0,8,0.0,1,1,0.0,1,1,0.0,0.0,8
CPU,Sniper,IISWC,IISWC,nab_s/O2,core_7,,SniperProfilers,,0.0,8,0.0,1,1,0.0,1,1,0.0,0.0,8
CPU,Sniper,IISWC,IISWC,nab_s/O2,core_0,,SniperProfilers,,10293954.520244038,8,3712.0,1,1,3558.0,1,1,458432.0,9866888.519134777,8
CPU,Sniper,IISWC,IISWC,nab_s/O2,core_1,,SniperProfilers,,0.0,8,0.0,1,1,0.0,1,1,0.0,0.0,8
CPU,Sniper,IISWC,IISWC,nab_s/O2,core_2,,SniperProfilers,,0.0,8,0.0,1,1,0.0,1,1,0.0,0.0,8
CPU,Sniper,IISWC,IISWC,nab_s/O2,core_3,,SniperProfilers,,0.0,8,0.0,1,1,0.0,1,1,0.0,0.0,8
CPU,Sniper,IISWC,IISWC,nab_s/O2,core_4,,SniperProfilers,,0.0,8,0.0,1,1,0.0,1,1,0.0,0.0,8
CPU,Sniper,IISWC,IISWC,nab_s/O2,core_5,,SniperProfilers,,0.0,8,0.0,1,1,0.0,1,1,0.0,0.0,8
CPU,Sniper,IISWC,IISWC,nab_s/O2,core_6,,SniperProfilers,,0.0,8,0.0,1,1,0.0,1,1,0.0,0.0,8
CPU,Sniper,IISWC,IISWC,nab_s/O2,core_7,,SniperProfilers,,0.0,8,0.0,1,1,0.0,1,1,0.0,0.0,8
CPU,Sniper,IISWC,IISWC,nab_s/O3,core_0,,SniperProfilers,,10339549.123295296,8,3715.0,1,1,3550.0,1,1,458240.0,9880322.849986084,8
CPU,Sniper,IISWC,IISWC,nab_s/O3,core_1,,SniperProfilers,,0.0,8,0.0,1,1,0.0,1,1,0.0,0.0,8
CPU,Sniper,IISWC,IISWC,nab_s/O3,core_2,,SniperProfilers,,0.0,8,0.0,1,1,0.0,1,1,0.0,0.0,8
CPU,Sniper,IISWC,IISWC,nab_s/O3,core_3,,SniperProfilers,,0.0,8,0.0,1,1,0.0,1,1,0.0,0.0,8
CPU,Sniper,IISWC,IISWC,nab_s/O3,core_4,,SniperProfilers,,0.0,8,0.0,1,1,0.0,1,1,0.0,0.0,8
CPU,Sniper,IISWC,IISWC,nab_s/O3,core_5,,SniperProfilers,,0.0,8,0.0,1,1,0.0,1,1,0.0,0.0,8
CPU,Sniper,IISWC,IISWC,nab_s/O3,core_6,,SniperProfilers,,0.0,8,0.0,1,1,0.0,1,1,0.0,0.0,8
CPU,Sniper,IISWC,IISWC,nab_s/O3,core_7,,SniperProfilers,,0.0,8,0.0,1,1,0.0,1,1,0.0,0.0,8
CPU,Sniper,IISWC,IISWC,nab_s/O3,core_0,,SniperProfilers,,10258405.112531258,8,3692.0,1,1,3548.0,1,1,458240.0,9858293.970547374,8
CPU,Sniper,IISWC,IISWC,nab_s/O3,core_1,,SniperProfilers,,0.0,8,0.0,1,1,0.0,1,1,0.0,0.0,8
CPU,Sniper,IISWC,IISWC,nab_s/O3,core_2,,SniperProfilers,,0.0,8,0.0,1,1,0.0,1,1,0.0,0.0,8
CPU,Sniper,IISWC,IISWC,nab_s/O3,core_3,,SniperProfilers,,0.0,8,0.0,1,1,0.0,1,1,0.0,0.0,8
CPU,Sniper,IISWC,IISWC,nab_s/O3,core_4,,SniperProfilers,,0.0,8,0.0,1,1,0.0,1,1,0.0,0.0,8
CPU,Sniper,IISWC,IISWC,nab_s/O3,core_5,,SniperProfilers,,0.0,8,0.0,1,1,0.0,1,1,0.0,0.0,8
CPU,Sniper,IISWC,IISWC,nab_s/O3,core_6,,SniperProfilers,,0.0,8,0.0,1,1,0.0,1,1,0.0,0.0,8
CPU,Sniper,IISWC,IISWC,nab_s/O3,core_7,,SniperProfilers,,0.0,8,0.0,1,1,0.0,1,1,0.0,0.0,8
CPU,Sniper,IISWC,IISWC,nab_s/Ofast,core_0,,SniperProfilers,,10272146.625937238,8,3699.0,1,1,3547.0,1,1,458688.0,9850041.655095806,8
CPU,Sniper,IISWC,IISWC,nab_s/Ofast,core_1,,SniperProfilers,,0.0,8,0.0,1,1,0.0,1,1,0.0,0.0,8
CPU,Sniper,IISWC,IISWC,nab_s/Ofast,core_2,,SniperProfilers,,0.0,8,0.0,1,1,0.0,1,1,0.0,0.0,8
CPU,Sniper,IISWC,IISWC,nab_s/Ofast,core_3,,SniperProfilers,,0.0,8,0.0,1,1,0.0,1,1,0.0,0.0,8
CPU,Sniper,IISWC,IISWC,nab_s/Ofast,core_4,,SniperProfilers,,0.0,8,0.0,1,1,0.0,1,1,0.0,0.0,8
CPU,Sniper,IISWC,IISWC,nab_s/Ofast,core_5,,SniperProfilers,,0.0,8,0.0,1,1,0.0,1,1,0.0,0.0,8
CPU,Sniper,IISWC,IISWC,nab_s/Ofast,core_6,,SniperProfilers,,0.0,8,0.0,1,1,0.0,1,1,0.0,0.0,8
CPU,Sniper,IISWC,IISWC,nab_s/Ofast,core_7,,SniperProfilers,,0.0,8,0.0,1,1,0.0,1,1,0.0,0.0,8
CPU,Sniper,IISWC,IISWC,nab_s/Ofast,core_0,,SniperProfilers,,10369444.444444444,8,3733.0,1,1,3552.0,1,1,458752.0,9866666.666666666,8
CPU,Sniper,IISWC,IISWC,nab_s/Ofast,core_1,,SniperProfilers,,0.0,8,0.0,1,1,0.0,1,1,0.0,0.0,8
CPU,Sniper,IISWC,IISWC,nab_s/Ofast,core_2,,SniperProfilers,,0.0,8,0.0,1,1,0.0,1,1,0.0,0.0,8
CPU,Sniper,IISWC,IISWC,nab_s/Ofast,core_3,,SniperProfilers,,0.0,8,0.0,1,1,0.0,1,1,0.0,0.0,8
CPU,Sniper,IISWC,IISWC,nab_s/Ofast,core_4,,SniperProfilers,,0.0,8,0.0,1,1,0.0,1,1,0.0,0.0,8
CPU,Sniper,IISWC,IISWC,nab_s/Ofast,core_5,,SniperProfilers,,0.0,8,0.0,1,1,0.0,1,1,0.0,0.0,8
CPU,Sniper,IISWC,IISWC,nab_s/Ofast,core_6,,SniperProfilers,,0.0,8,0.0,1,1,0.0,1,1,0.0,0.0,8
CPU,Sniper,IISWC,IISWC,nab_s/Ofast,core_7,,SniperProfilers,,0.0,8,0.0,1,1,0.0,1,1,0.0,0.0,8
CPU,Sniper,IISWC,IISWC,nab_s/Og,core_0,,SniperProfilers,,510000000000.0,8,3570.0,1,1,786.0,1,1,273344.0,112285714285.7143,8
CPU,Sniper,IISWC,IISWC,nab_s/Og,core_1,,SniperProfilers,,0.0,8,0.0,1,1,0.0,1,1,0.0,0.0,8
CPU,Sniper,IISWC,IISWC,nab_s/Og,core_2,,SniperProfilers,,0.0,8,0.0,1,1,0.0,1,1,0.0,0.0,8
CPU,Sniper,IISWC,IISWC,nab_s/Og,core_3,,SniperProfilers,,0.0,8,0.0,1,1,0.0,1,1,0.0,0.0,8
CPU,Sniper,IISWC,IISWC,nab_s/Og,core_4,,SniperProfilers,,0.0,8,0.0,1,1,0.0,1,1,0.0,0.0,8
CPU,Sniper,IISWC,IISWC,nab_s/Og,core_5,,SniperProfilers,,0.0,8,0.0,1,1,0.0,1,1,0.0,0.0,8
CPU,Sniper,IISWC,IISWC,nab_s/Og,core_6,,SniperProfilers,,0.0,8,0.0,1,1,0.0,1,1,0.0,0.0,8
CPU,Sniper,IISWC,IISWC,nab_s/Og,core_7,,SniperProfilers,,0.0,8,0.0,1,1,0.0,1,1,0.0,0.0,8
CPU,Sniper,IISWC,IISWC,nab_s/Og,core_0,,SniperProfilers,,11138845.553822154,8,3570.0,1,1,785.0,1,1,273344.0,2449297.9719188767,8
CPU,Sniper,IISWC,IISWC,nab_s/Og,core_1,,SniperProfilers,,0.0,8,0.0,1,1,0.0,1,1,0.0,0.0,8
CPU,Sniper,IISWC,IISWC,nab_s/Og,core_2,,SniperProfilers,,0.0,8,0.0,1,1,0.0,1,1,0.0,0.0,8
CPU,Sniper,IISWC,IISWC,nab_s/Og,core_3,,SniperProfilers,,0.0,8,0.0,1,1,0.0,1,1,0.0,0.0,8
CPU,Sniper,IISWC,IISWC,nab_s/Og,core_4,,SniperProfilers,,0.0,8,0.0,1,1,0.0,1,1,0.0,0.0,8
CPU,Sniper,IISWC,IISWC,nab_s/Og,core_5,,SniperProfilers,,0.0,8,0.0,1,1,0.0,1,1,0.0,0.0,8
CPU,Sniper,IISWC,IISWC,nab_s/Og,core_6,,SniperProfilers,,0.0,8,0.0,1,1,0.0,1,1,0.0,0.0,8
CPU,Sniper,IISWC,IISWC,nab_s/Og,core_7,,SniperProfilers,,0.0,8,0.0,1,1,0.0,1,1,0.0,0.0,8
CPU,Sniper,IISWC,IISWC,roms_s/O0,core_0,,SniperProfilers,,18604562737.642586,8,4893.0,1,1,1552.0,1,1,394432.0,5901140684.410646,8
CPU,Sniper,IISWC,IISWC,roms_s/O0,core_1,,SniperProfilers,,0.0,8,0.0,1,1,0.0,1,1,0.0,0.0,8
CPU,Sniper,IISWC,IISWC,roms_s/O0,core_2,,SniperProfilers,,0.0,8,0.0,1,1,0.0,1,1,0.0,0.0,8
CPU,Sniper,IISWC,IISWC,roms_s/O0,core_3,,SniperProfilers,,0.0,8,0.0,1,1,0.0,1,1,0.0,0.0,8
CPU,Sniper,IISWC,IISWC,roms_s/O0,core_4,,SniperProfilers,,0.0,8,0.0,1,1,0.0,1,1,0.0,0.0,8
CPU,Sniper,IISWC,IISWC,roms_s/O0,core_5,,SniperProfilers,,0.0,8,0.0,1,1,0.0,1,1,0.0,0.0,8
CPU,Sniper,IISWC,IISWC,roms_s/O0,core_6,,SniperProfilers,,0.0,8,0.0,1,1,0.0,1,1,0.0,0.0,8
CPU,Sniper,IISWC,IISWC,roms_s/O0,core_7,,SniperProfilers,,0.0,8,0.0,1,1,0.0,1,1,0.0,0.0,8
CPU,Sniper,IISWC,IISWC,roms_s/O1,core_0,,SniperProfilers,,28138728323.69942,8,4868.0,1,1,1541.0,1,1,392256.0,8907514450.867052,8
CPU,Sniper,IISWC,IISWC,roms_s/O1,core_1,,SniperProfilers,,0.0,8,0.0,1,1,0.0,1,1,0.0,0.0,8
CPU,Sniper,IISWC,IISWC,roms_s/O1,core_2,,SniperProfilers,,0.0,8,0.0,1,1,0.0,1,1,0.0,0.0,8
CPU,Sniper,IISWC,IISWC,roms_s/O1,core_3,,SniperProfilers,,0.0,8,0.0,1,1,0.0,1,1,0.0,0.0,8
CPU,Sniper,IISWC,IISWC,roms_s/O1,core_4,,SniperProfilers,,0.0,8,0.0,1,1,0.0,1,1,0.0,0.0,8
CPU,Sniper,IISWC,IISWC,roms_s/O1,core_5,,SniperProfilers,,0.0,8,0.0,1,1,0.0,1,1,0.0,0.0,8
CPU,Sniper,IISWC,IISWC,roms_s/O1,core_6,,SniperProfilers,,0.0,8,0.0,1,1,0.0,1,1,0.0,0.0,8
CPU,Sniper,IISWC,IISWC,roms_s/O1,core_7,,SniperProfilers,,0.0,8,0.0,1,1,0.0,1,1,0.0,0.0,8
CPU,Sniper,IISWC,IISWC,roms_s/O2,core_0,,SniperProfilers,,12389312977.099237,8,4869.0,1,1,1545.0,1,1,392128.0,3931297709.923664,8
CPU,Sniper,IISWC,IISWC,roms_s/O2,core_1,,SniperProfilers,,0.0,8,0.0,1,1,0.0,1,1,0.0,0.0,8
CPU,Sniper,IISWC,IISWC,roms_s/O2,core_2,,SniperProfilers,,0.0,8,0.0,1,1,0.0,1,1,0.0,0.0,8
CPU,Sniper,IISWC,IISWC,roms_s/O2,core_3,,SniperProfilers,,0.0,8,0.0,1,1,0.0,1,1,0.0,0.0,8
CPU,Sniper,IISWC,IISWC,roms_s/O2,core_4,,SniperProfilers,,0.0,8,0.0,1,1,0.0,1,1,0.0,0.0,8
CPU,Sniper,IISWC,IISWC,roms_s/O2,core_5,,SniperProfilers,,0.0,8,0.0,1,1,0.0,1,1,0.0,0.0,8
CPU,Sniper,IISWC,IISWC,roms_s/O2,core_6,,SniperProfilers,,0.0,8,0.0,1,1,0.0,1,1,0.0,0.0,8
CPU,Sniper,IISWC,IISWC,roms_s/O2,core_7,,SniperProfilers,,0.0,8,0.0,1,1,0.0,1,1,0.0,0.0,8
CPU,Sniper,IISWC,IISWC,roms_s/O3,core_0,,SniperProfilers,,12600000000.0,8,5040.0,1,1,1580.0,1,1,403072.0,3950000000.0,8
CPU,Sniper,IISWC,IISWC,roms_s/O3,core_1,,SniperProfilers,,0.0,8,0.0,1,1,0.0,1,1,0.0,0.0,8
CPU,Sniper,IISWC,IISWC,roms_s/O3,core_2,,SniperProfilers,,0.0,8,0.0,1,1,0.0,1,1,0.0,0.0,8
CPU,Sniper,IISWC,IISWC,roms_s/O3,core_3,,SniperProfilers,,0.0,8,0.0,1,1,0.0,1,1,0.0,0.0,8
CPU,Sniper,IISWC,IISWC,roms_s/O3,core_4,,SniperProfilers,,0.0,8,0.0,1,1,0.0,1,1,0.0,0.0,8
CPU,Sniper,IISWC,IISWC,roms_s/O3,core_5,,SniperProfilers,,0.0,8,0.0,1,1,0.0,1,1,0.0,0.0,8
CPU,Sniper,IISWC,IISWC,roms_s/O3,core_6,,SniperProfilers,,0.0,8,0.0,1,1,0.0,1,1,0.0,0.0,8
CPU,Sniper,IISWC,IISWC,roms_s/O3,core_7,,SniperProfilers,,0.0,8,0.0,1,1,0.0,1,1,0.0,0.0,8
CPU,Sniper,IISWC,IISWC,roms_s/Ofast,core_0,,SniperProfilers,,12674300254.452927,8,4981.0,1,1,1571.0,1,1,402752.0,3997455470.7379136,8
CPU,Sniper,IISWC,IISWC,roms_s/Ofast,core_1,,SniperProfilers,,0.0,8,0.0,1,1,0.0,1,1,0.0,0.0,8
CPU,Sniper,IISWC,IISWC,roms_s/Ofast,core_2,,SniperProfilers,,0.0,8,0.0,1,1,0.0,1,1,0.0,0.0,8
CPU,Sniper,IISWC,IISWC,roms_s/Ofast,core_3,,SniperProfilers,,0.0,8,0.0,1,1,0.0,1,1,0.0,0.0,8
CPU,Sniper,IISWC,IISWC,roms_s/Ofast,core_4,,SniperProfilers,,0.0,8,0.0,1,1,0.0,1,1,0.0,0.0,8
CPU,Sniper,IISWC,IISWC,roms_s/Ofast,core_5,,SniperProfilers,,0.0,8,0.0,1,1,0.0,1,1,0.0,0.0,8
CPU,Sniper,IISWC,IISWC,roms_s/Ofast,core_6,,SniperProfilers,,0.0,8,0.0,1,1,0.0,1,1,0.0,0.0,8
CPU,Sniper,IISWC,IISWC,roms_s/Ofast,core_7,,SniperProfilers,,0.0,8,0.0,1,1,0.0,1,1,0.0,0.0,8
CPU,Sniper,IISWC,IISWC,roms_s/Og,core_0,,SniperProfilers,,50391752577.31959,8,4888.0,1,1,1572.0,1,1,393728.0,16206185567.01031,8
CPU,Sniper,IISWC,IISWC,roms_s/Og,core_1,,SniperProfilers,,0.0,8,0.0,1,1,0.0,1,1,0.0,0.0,8
CPU,Sniper,IISWC,IISWC,roms_s/Og,core_2,,SniperProfilers,,0.0,8,0.0,1,1,0.0,1,1,0.0,0.0,8
CPU,Sniper,IISWC,IISWC,roms_s/Og,core_3,,SniperProfilers,,0.0,8,0.0,1,1,0.0,1,1,0.0,0.0,8
CPU,Sniper,IISWC,IISWC,roms_s/Og,core_4,,SniperProfilers,,0.0,8,0.0,1,1,0.0,1,1,0.0,0.0,8
CPU,Sniper,IISWC,IISWC,roms_s/Og,core_5,,SniperProfilers,,0.0,8,0.0,1,1,0.0,1,1,0.0,0.0,8
CPU,Sniper,IISWC,IISWC,roms_s/Og,core_6,,SniperProfilers,,0.0,8,0.0,1,1,0.0,1,1,0.0,0.0,8
CPU,Sniper,IISWC,IISWC,roms_s/Og,core_7,,SniperProfilers,,0.0,8,0.0,1,1,0.0,1,1,0.0,0.0,8
CPU,Sniper,spec2017,fprate,baseline/blender_r/O2,core_0,,SniperProfilers,,20080142930.06636,64,275359.0,1,1,804452.0,1,1,0.0,58663458032.52388,64
CPU,Sniper,spec2017,fprate,baseline/blender_r/O2,core_1,,SniperProfilers,,0.0,8,0.0,1,1,0.0,1,1,0.0,0.0,8
CPU,Sniper,spec2017,fprate,baseline/blender_r/O2,core_2,,SniperProfilers,,0.0,8,0.0,1,1,0.0,1,1,0.0,0.0,8
CPU,Sniper,spec2017,fprate,baseline/blender_r/O2,core_3,,SniperProfilers,,0.0,8,0.0,1,1,0.0,1,1,0.0,0.0,8
CPU,Sniper,spec2017,fprate,baseline/blender_r/O2,core_4,,SniperProfilers,,0.0,8,0.0,1,1,0.0,1,1,0.0,0.0,8
CPU,Sniper,spec2017,fprate,baseline/blender_r/O2,core_5,,SniperProfilers,,0.0,8,0.0,1,1,0.0,1,1,0.0,0.0,8
CPU,Sniper,spec2017,fprate,baseline/blender_r/O2,core_6,,SniperProfilers,,0.0,8,0.0,1,1,0.0,1,1,0.0,0.0,8
CPU,Sniper,spec2017,fprate,baseline/blender_r/O2,core_7,,SniperProfilers,,0.0,8,0.0,1,1,0.0,1,1,0.0,0.0,8
CPU,Sniper,spec2017,fprate,baseline/bwaves_r/O2,core_0,,SniperProfilers,,540864752333.094,64,7534246.0,1,1,16845409.0,1,1,0.0,1209289949748.7437,64
CPU,Sniper,spec2017,fprate,baseline/bwaves_r/O2,core_1,,SniperProfilers,,0.0,8,0.0,1,1,0.0,1,1,0.0,0.0,8
CPU,Sniper,spec2017,fprate,baseline/bwaves_r/O2,core_2,,SniperProfilers,,0.0,8,0.0,1,1,0.0,1,1,0.0,0.0,8
CPU,Sniper,spec2017,fprate,baseline/bwaves_r/O2,core_3,,SniperProfilers,,0.0,8,0.0,1,1,0.0,1,1,0.0,0.0,8
CPU,Sniper,spec2017,fprate,baseline/bwaves_r/O2,core_4,,SniperProfilers,,0.0,8,0.0,1,1,0.0,1,1,0.0,0.0,8
CPU,Sniper,spec2017,fprate,baseline/bwaves_r/O2,core_5,,SniperProfilers,,0.0,8,0.0,1,1,0.0,1,1,0.0,0.0,8
CPU,Sniper,spec2017,fprate,baseline/bwaves_r/O2,core_6,,SniperProfilers,,0.0,8,0.0,1,1,0.0,1,1,0.0,0.0,8
CPU,Sniper,spec2017,fprate,baseline/bwaves_r/O2,core_7,,SniperProfilers,,0.0,8,0.0,1,1,0.0,1,1,0.0,0.0,8
CPU,Sniper,spec2017,fprate,baseline/cactuBSSN_r/O2,core_0,,SniperProfilers,,26018301610.54173,64,177705.0,1,1,1392159.0,1,1,0.0,203830014641.28845,64
CPU,Sniper,spec2017,fprate,baseline/cactuBSSN_r/O2,core_1,,SniperProfilers,,0.0,8,0.0,1,1,0.0,1,1,0.0,0.0,8
CPU,Sniper,spec2017,fprate,baseline/cactuBSSN_r/O2,core_2,,SniperProfilers,,0.0,8,0.0,1,1,0.0,1,1,0.0,0.0,8
CPU,Sniper,spec2017,fprate,baseline/cactuBSSN_r/O2,core_3,,SniperProfilers,,0.0,8,0.0,1,1,0.0,1,1,0.0,0.0,8
CPU,Sniper,spec2017,fprate,baseline/cactuBSSN_r/O2,core_4,,SniperProfilers,,0.0,8,0.0,1,1,0.0,1,1,0.0,0.0,8
CPU,Sniper,spec2017,fprate,baseline/cactuBSSN_r/O2,core_5,,SniperProfilers,,0.0,8,0.0,1,1,0.0,1,1,0.0,0.0,8
CPU,Sniper,spec2017,fprate,baseline/cactuBSSN_r/O2,core_6,,SniperProfilers,,0.0,8,0.0,1,1,0.0,1,1,0.0,0.0,8
CPU,Sniper,spec2017,fprate,baseline/cactuBSSN_r/O2,core_7,,SniperProfilers,,0.0,8,0.0,1,1,0.0,1,1,0.0,0.0,8
CPU,Sniper,spec2017,fprate,baseline/cam4_r/O2,core_0,,SniperProfilers,,13280386473.429953,64,274904.0,1,1,7861112.0,1,1,0.0,379763864734.29956,64
CPU,Sniper,spec2017,fprate,baseline/cam4_r/O2,core_1,,SniperProfilers,,0.0,8,0.0,1,1,0.0,1,1,0.0,0.0,8
CPU,Sniper,spec2017,fprate,baseline/cam4_r/O2,core_2,,SniperProfilers,,0.0,8,0.0,1,1,0.0,1,1,0.0,0.0,8
CPU,Sniper,spec2017,fprate,baseline/cam4_r/O2,core_3,,SniperProfilers,,0.0,8,0.0,1,1,0.0,1,1,0.0,0.0,8
CPU,Sniper,spec2017,fprate,baseline/cam4_r/O2,core_4,,SniperProfilers,,0.0,8,0.0,1,1,0.0,1,1,0.0,0.0,8
CPU,Sniper,spec2017,fprate,baseline/cam4_r/O2,core_5,,SniperProfilers,,0.0,8,0.0,1,1,0.0,1,1,0.0,0.0,8
CPU,Sniper,spec2017,fprate,baseline/cam4_r/O2,core_6,,SniperProfilers,,0.0,8,0.0,1,1,0.0,1,1,0.0,0.0,8
CPU,Sniper,spec2017,fprate,baseline/cam4_r/O2,core_7,,SniperProfilers,,0.0,8,0.0,1,1,0.0,1,1,0.0,0.0,8
CPU,Sniper,spec2017,fprate,baseline/fotonik3d_r/O2,core_0,,SniperProfilers,,64465598.26485119,64,1605.0,1,1,40845.0,1,1,0.0,1640559103.5064466,64
CPU,Sniper,spec2017,fprate,baseline/fotonik3d_r/O2,core_1,,SniperProfilers,,0.0,8,0.0,1,1,0.0,1,1,0.0,0.0,8
CPU,Sniper,spec2017,fprate,baseline/fotonik3d_r/O2,core_2,,SniperProfilers,,0.0,8,0.0,1,1,0.0,1,1,0.0,0.0,8
CPU,Sniper,spec2017,fprate,baseline/fotonik3d_r/O2,core_3,,SniperProfilers,,0.0,8,0.0,1,1,0.0,1,1,0.0,0.0,8
CPU,Sniper,spec2017,fprate,baseline/fotonik3d_r/O2,core_4,,SniperProfilers,,0.0,8,0.0,1,1,0.0,1,1,0.0,0.0,8
CPU,Sniper,spec2017,fprate,baseline/fotonik3d_r/O2,core_5,,SniperProfilers,,0.0,8,0.0,1,1,0.0,1,1,0.0,0.0,8
CPU,Sniper,spec2017,fprate,baseline/fotonik3d_r/O2,core_6,,SniperProfilers,,0.0,8,0.0,1,1,0.0,1,1,0.0,0.0,8
CPU,Sniper,spec2017,fprate,baseline/fotonik3d_r/O2,core_7,,SniperProfilers,,0.0,8,0.0,1,1,0.0,1,1,0.0,0.0,8
CPU,Sniper,spec2017,fprate,baseline/imagick_r/O2,core_0,,SniperProfilers,,36835991518.39218,64,399560.0,1,1,746234.0,1,1,0.0,68796349220.98276,64
CPU,Sniper,spec2017,fprate,baseline/imagick_r/O2,core_1,,SniperProfilers,,0.0,8,0.0,1,1,0.0,1,1,0.0,0.0,8
CPU,Sniper,spec2017,fprate,baseline/imagick_r/O2,core_2,,SniperProfilers,,0.0,8,0.0,1,1,0.0,1,1,0.0,0.0,8
CPU,Sniper,spec2017,fprate,baseline/imagick_r/O2,core_3,,SniperProfilers,,0.0,8,0.0,1,1,0.0,1,1,0.0,0.0,8
CPU,Sniper,spec2017,fprate,baseline/imagick_r/O2,core_4,,SniperProfilers,,0.0,8,0.0,1,1,0.0,1,1,0.0,0.0,8
CPU,Sniper,spec2017,fprate,baseline/imagick_r/O2,core_5,,SniperProfilers,,0.0,8,0.0,1,1,0.0,1,1,0.0,0.0,8
CPU,Sniper,spec2017,fprate,baseline/imagick_r/O2,core_6,,SniperProfilers,,0.0,8,0.0,1,1,0.0,1,1,0.0,0.0,8
CPU,Sniper,spec2017,fprate,baseline/imagick_r/O2,core_7,,SniperProfilers,,0.0,8,0.0,1,1,0.0,1,1,0.0,0.0,8
CPU,Sniper,spec2017,fprate,baseline/lbm_r/O2,core_0,,SniperProfilers,,1820117821.11523,64,8808533.0,1,1,22650710.0,1,1,0.0,4680343586.373912,64
CPU,Sniper,spec2017,fprate,baseline/lbm_r/O2,core_1,,SniperProfilers,,0.0,8,0.0,1,1,0.0,1,1,0.0,0.0,8
CPU,Sniper,spec2017,fprate,baseline/lbm_r/O2,core_2,,SniperProfilers,,0.0,8,0.0,1,1,0.0,1,1,0.0,0.0,8
CPU,Sniper,spec2017,fprate,baseline/lbm_r/O2,core_3,,SniperProfilers,,0.0,8,0.0,1,1,0.0,1,1,0.0,0.0,8
CPU,Sniper,spec2017,fprate,baseline/lbm_r/O2,core_4,,SniperProfilers,,0.0,8,0.0,1,1,0.0,1,1,0.0,0.0,8
CPU,Sniper,spec2017,fprate,baseline/lbm_r/O2,core_5,,SniperProfilers,,0.0,8,0.0,1,1,0.0,1,1,0.0,0.0,8
CPU,Sniper,spec2017,fprate,baseline/lbm_r/O2,core_6,,SniperProfilers,,0.0,8,0.0,1,1,0.0,1,1,0.0,0.0,8
CPU,Sniper,spec2017,fprate,baseline/lbm_r/O2,core_7,,SniperProfilers,,0.0,8,0.0,1,1,0.0,1,1,0.0,0.0,8
CPU,Sniper,spec2017,fprate,baseline/nab_r/O2,core_0,,SniperProfilers,,2131768235.9460108,64,407803.0,1,1,290226.0,1,1,0.0,1517140796.0355048,64
CPU,Sniper,spec2017,fprate,baseline/nab_r/O2,core_1,,SniperProfilers,,0.0,8,0.0,1,1,0.0,1,1,0.0,0.0,8
CPU,Sniper,spec2017,fprate,baseline/nab_r/O2,core_2,,SniperProfilers,,0.0,8,0.0,1,1,0.0,1,1,0.0,0.0,8
CPU,Sniper,spec2017,fprate,baseline/nab_r/O2,core_3,,SniperProfilers,,0.0,8,0.0,1,1,0.0,1,1,0.0,0.0,8
CPU,Sniper,spec2017,fprate,baseline/nab_r/O2,core_4,,SniperProfilers,,0.0,8,0.0,1,1,0.0,1,1,0.0,0.0,8
CPU,Sniper,spec2017,fprate,baseline/nab_r/O2,core_5,,SniperProfilers,,0.0,8,0.0,1,1,0.0,1,1,0.0,0.0,8
CPU,Sniper,spec2017,fprate,baseline/nab_r/O2,core_6,,SniperProfilers,,0.0,8,0.0,1,1,0.0,1,1,0.0,0.0,8
CPU,Sniper,spec2017,fprate,baseline/nab_r/O2,core_7,,SniperProfilers,,0.0,8,0.0,1,1,0.0,1,1,0.0,0.0,8
CPU,Sniper,spec2017,fprate,baseline/namd_r/O2,core_0,,SniperProfilers,,469676593.01953256,64,14668.0,1,1,114443.0,1,1,0.0,3664521293.627922,64
CPU,Sniper,spec2017,fprate,baseline/namd_r/O2,core_1,,SniperProfilers,,0.0,8,0.0,1,1,0.0,1,1,0.0,0.0,8
CPU,Sniper,spec2017,fprate,baseline/namd_r/O2,core_2,,SniperProfilers,,0.0,8,0.0,1,1,0.0,1,1,0.0,0.0,8
CPU,Sniper,spec2017,fprate,baseline/namd_r/O2,core_3,,SniperProfilers,,0.0,8,0.0,1,1,0.0,1,1,0.0,0.0,8
CPU,Sniper,spec2017,fprate,baseline/namd_r/O2,core_4,,SniperProfilers,,0.0,8,0.0,1,1,0.0,1,1,0.0,0.0,8
CPU,Sniper,spec2017,fprate,baseline/namd_r/O2,core_5,,SniperProfilers,,0.0,8,0.0,1,1,0.0,1,1,0.0,0.0,8
CPU,Sniper,spec2017,fprate,baseline/namd_r/O2,core_6,,SniperProfilers,,0.0,8,0.0,1,1,0.0,1,1,0.0,0.0,8
CPU,Sniper,spec2017,fprate,baseline/namd_r/O2,core_7,,SniperProfilers,,0.0,8,0.0,1,1,0.0,1,1,0.0,0.0,8
CPU,Sniper,spec2017,fprate,baseline/povray_r/O2,core_0,,SniperProfilers,,5268253504.672897,64,36077.0,1,1,44799.0,1,1,0.0,6541910046.7289715,64
CPU,Sniper,spec2017,fprate,baseline/povray_r/O2,core_1,,SniperProfilers,,0.0,8,0.0,1,1,0.0,1,1,0.0,0.0,8
CPU,Sniper,spec2017,fprate,baseline/povray_r/O2,core_2,,SniperProfilers,,0.0,8,0.0,1,1,0.0,1,1,0.0,0.0,8
CPU,Sniper,spec2017,fprate,baseline/povray_r/O2,core_3,,SniperProfilers,,0.0,8,0.0,1,1,0.0,1,1,0.0,0.0,8
CPU,Sniper,spec2017,fprate,baseline/povray_r/O2,core_4,,SniperProfilers,,0.0,8,0.0,1,1,0.0,1,1,0.0,0.0,8
CPU,Sniper,spec2017,fprate,baseline/povray_r/O2,core_5,,SniperProfilers,,0.0,8,0.0,1,1,0.0,1,1,0.0,0.0,8
CPU,Sniper,spec2017,fprate,baseline/povray_r/O2,core_6,,SniperProfilers,,0.0,8,0.0,1,1,0.0,1,1,0.0,0.0,8
CPU,Sniper,spec2017,fprate,baseline/povray_r/O2,core_7,,SniperProfilers,,0.0,8,0.0,1,1,0.0,1,1,0.0,0.0,8
CPU,Sniper,spec2017,fprate,baseline/roms_r/O2,core_0,,SniperProfilers,,86333208536.12878,64,1152980.0,1,1,20175938.0,1,1,0.0,1510740396855.1104,64
CPU,Sniper,spec2017,fprate,baseline/roms_r/O2,core_1,,SniperProfilers,,0.0,8,0.0,1,1,0.0,1,1,0.0,0.0,8
CPU,Sniper,spec2017,fprate,baseline/roms_r/O2,core_2,,SniperProfilers,,0.0,8,0.0,1,1,0.0,1,1,0.0,0.0,8
CPU,Sniper,spec2017,fprate,baseline/roms_r/O2,core_3,,SniperProfilers,,0.0,8,0.0,1,1,0.0,1,1,0.0,0.0,8
CPU,Sniper,spec2017,fprate,baseline/roms_r/O2,core_4,,SniperProfilers,,0.0,8,0.0,1,1,0.0,1,1,0.0,0.0,8
CPU,Sniper,spec2017,fprate,baseline/roms_r/O2,core_5,,SniperProfilers,,0.0,8,0.0,1,1,0.0,1,1,0.0,0.0,8
CPU,Sniper,spec2017,fprate,baseline/roms_r/O2,core_6,,SniperProfilers,,0.0,8,0.0,1,1,0.0,1,1,0.0,0.0,8
CPU,Sniper,spec2017,fprate,baseline/roms_r/O2,core_7,,SniperProfilers,,0.0,8,0.0,1,1,0.0,1,1,0.0,0.0,8
CPU,Sniper,spec2017,fprate,baseline/specrand_fr/O2,core_0,,SniperProfilers,,45730.7487838479,64,8.0,1,1,13.0,1,1,0.0,74312.46677375284,64
CPU,Sniper,spec2017,fprate,baseline/specrand_fr/O2,core_1,,SniperProfilers,,0.0,8,0.0,1,1,0.0,1,1,0.0,0.0,8
CPU,Sniper,spec2017,fprate,baseline/specrand_fr/O2,core_2,,SniperProfilers,,0.0,8,0.0,1,1,0.0,1,1,0.0,0.0,8
CPU,Sniper,spec2017,fprate,baseline/specrand_fr/O2,core_3,,SniperProfilers,,0.0,8,0.0,1,1,0.0,1,1,0.0,0.0,8
CPU,Sniper,spec2017,fprate,baseline/specrand_fr/O2,core_4,,SniperProfilers,,0.0,8,0.0,1,1,0.0,1,1,0.0,0.0,8
CPU,Sniper,spec2017,fprate,baseline/specrand_fr/O2,core_5,,SniperProfilers,,0.0,8,0.0,1,1,0.0,1,1,0.0,0.0,8
CPU,Sniper,spec2017,fprate,baseline/specrand_fr/O2,core_6,,SniperProfilers,,0.0,8,0.0,1,1,0.0,1,1,0.0,0.0,8
CPU,Sniper,spec2017,fprate,baseline/specrand_fr/O2,core_7,,SniperProfilers,,0.0,8,0.0,1,1,0.0,1,1,0.0,0.0,8
CPU,Sniper,spec2017,fprate,baseline/wrf_r/O2,core_0,,SniperProfilers,,120931998045.92087,64,2475478.0,1,1,3772730.0,1,1,0.0,184305324865.65707,64
CPU,Sniper,spec2017,fprate,baseline/wrf_r/O2,core_1,,SniperProfilers,,0.0,8,0.0,1,1,0.0,1,1,0.0,0.0,8
CPU,Sniper,spec2017,fprate,baseline/wrf_r/O2,core_2,,SniperProfilers,,0.0,8,0.0,1,1,0.0,1,1,0.0,0.0,8
CPU,Sniper,spec2017,fprate,baseline/wrf_r/O2,core_3,,SniperProfilers,,0.0,8,0.0,1,1,0.0,1,1,0.0,0.0,8
CPU,Sniper,spec2017,fprate,baseline/wrf_r/O2,core_4,,SniperProfilers,,0.0,8,0.0,1,1,0.0,1,1,0.0,0.0,8
CPU,Sniper,spec2017,fprate,baseline/wrf_r/O2,core_5,,SniperProfilers,,0.0,8,0.0,1,1,0.0,1,1,0.0,0.0,8
CPU,Sniper,spec2017,fprate,baseline/wrf_r/O2,core_6,,SniperProfilers,,0.0,8,0.0,1,1,0.0,1,1,0.0,0.0,8
CPU,Sniper,spec2017,fprate,baseline/wrf_r/O2,core_7,,SniperProfilers,,0.0,8,0.0,1,1,0.0,1,1,0.0,0.0,8
CPU,Sniper,spec2017,fpspeed,baseline/bwaves_s,core_0,,SniperProfilers,,132742291541.69165,64,2212814.0,1,1,95528896.0,1,1,0.0,5730587642471.505,64
CPU,Sniper,spec2017,fpspeed,baseline/bwaves_s,core_1,,SniperProfilers,,0.0,8,0.0,1,1,0.0,1,1,0.0,0.0,8
CPU,Sniper,spec2017,fpspeed,baseline/bwaves_s,core_2,,SniperProfilers,,0.0,8,0.0,1,1,0.0,1,1,0.0,0.0,8
CPU,Sniper,spec2017,fpspeed,baseline/bwaves_s,core_3,,SniperProfilers,,0.0,8,0.0,1,1,0.0,1,1,0.0,0.0,8
CPU,Sniper,spec2017,fpspeed,baseline/bwaves_s,core_4,,SniperProfilers,,0.0,8,0.0,1,1,0.0,1,1,0.0,0.0,8
CPU,Sniper,spec2017,fpspeed,baseline/bwaves_s,core_5,,SniperProfilers,,0.0,8,0.0,1,1,0.0,1,1,0.0,0.0,8
CPU,Sniper,spec2017,fpspeed,baseline/bwaves_s,core_6,,SniperProfilers,,0.0,8,0.0,1,1,0.0,1,1,0.0,0.0,8
CPU,Sniper,spec2017,fpspeed,baseline/bwaves_s,core_7,,SniperProfilers,,0.0,8,0.0,1,1,0.0,1,1,0.0,0.0,8
CPU,Sniper,spec2017,fpspeed,baseline/cactuBSSN_s,core_0,,SniperProfilers,,16340164928.450157,64,134741.0,1,1,3338341.0,1,1,0.0,404843681785.1079,64
CPU,Sniper,spec2017,fpspeed,baseline/cactuBSSN_s,core_1,,SniperProfilers,,0.0,8,0.0,1,1,0.0,1,1,0.0,0.0,8
CPU,Sniper,spec2017,fpspeed,baseline/cactuBSSN_s,core_2,,SniperProfilers,,0.0,8,0.0,1,1,0.0,1,1,0.0,0.0,8
CPU,Sniper,spec2017,fpspeed,baseline/cactuBSSN_s,core_3,,SniperProfilers,,0.0,8,0.0,1,1,0.0,1,1,0.0,0.0,8
CPU,Sniper,spec2017,fpspeed,baseline/cactuBSSN_s,core_4,,SniperProfilers,,0.0,8,0.0,1,1,0.0,1,1,0.0,0.0,8
CPU,Sniper,spec2017,fpspeed,baseline/cactuBSSN_s,core_5,,SniperProfilers,,0.0,8,0.0,1,1,0.0,1,1,0.0,0.0,8
CPU,Sniper,spec2017,fpspeed,baseline/cactuBSSN_s,core_6,,SniperProfilers,,0.0,8,0.0,1,1,0.0,1,1,0.0,0.0,8
CPU,Sniper,spec2017,fpspeed,baseline/cactuBSSN_s,core_7,,SniperProfilers,,0.0,8,0.0,1,1,0.0,1,1,0.0,0.0,8
CPU,Sniper,spec2017,fpspeed,baseline/cam4_s,core_0,,SniperProfilers,,13158063435.87045,64,275043.0,1,1,7861137.0,1,1,0.0,376076974596.9478,64
CPU,Sniper,spec2017,fpspeed,baseline/cam4_s,core_1,,SniperProfilers,,0.0,8,0.0,1,1,0.0,1,1,0.0,0.0,8
CPU,Sniper,spec2017,fpspeed,baseline/cam4_s,core_2,,SniperProfilers,,0.0,8,0.0,1,1,0.0,1,1,0.0,0.0,8
CPU,Sniper,spec2017,fpspeed,baseline/cam4_s,core_3,,SniperProfilers,,0.0,8,0.0,1,1,0.0,1,1,0.0,0.0,8
CPU,Sniper,spec2017,fpspeed,baseline/cam4_s,core_4,,SniperProfilers,,0.0,8,0.0,1,1,0.0,1,1,0.0,0.0,8
CPU,Sniper,spec2017,fpspeed,baseline/cam4_s,core_5,,SniperProfilers,,0.0,8,0.0,1,1,0.0,1,1,0.0,0.0,8
CPU,Sniper,spec2017,fpspeed,baseline/cam4_s,core_6,,SniperProfilers,,0.0,8,0.0,1,1,0.0,1,1,0.0,0.0,8
CPU,Sniper,spec2017,fpspeed,baseline/cam4_s,core_7,,SniperProfilers,,0.0,8,0.0,1,1,0.0,1,1,0.0,0.0,8
CPU,Sniper,spec2017,fpspeed,baseline/fotonik3d_s,core_0,,SniperProfilers,,419216011.61464274,64,8085.0,1,1,52510.0,1,1,0.0,2722700404.4384527,64
CPU,Sniper,spec2017,fpspeed,baseline/fotonik3d_s,core_1,,SniperProfilers,,0.0,8,0.0,1,1,0.0,1,1,0.0,0.0,8
CPU,Sniper,spec2017,fpspeed,baseline/fotonik3d_s,core_2,,SniperProfilers,,0.0,8,0.0,1,1,0.0,1,1,0.0,0.0,8
CPU,Sniper,spec2017,fpspeed,baseline/fotonik3d_s,core_3,,SniperProfilers,,0.0,8,0.0,1,1,0.0,1,1,0.0,0.0,8
CPU,Sniper,spec2017,fpspeed,baseline/fotonik3d_s,core_4,,SniperProfilers,,0.0,8,0.0,1,1,0.0,1,1,0.0,0.0,8
CPU,Sniper,spec2017,fpspeed,baseline/fotonik3d_s,core_5,,SniperProfilers,,0.0,8,0.0,1,1,0.0,1,1,0.0,0.0,8
CPU,Sniper,spec2017,fpspeed,baseline/fotonik3d_s,core_6,,SniperProfilers,,0.0,8,0.0,1,1,0.0,1,1,0.0,0.0,8
CPU,Sniper,spec2017,fpspeed,baseline/fotonik3d_s,core_7,,SniperProfilers,,0.0,8,0.0,1,1,0.0,1,1,0.0,0.0,8
CPU,Sniper,spec2017,fpspeed,baseline/imagick_s,core_0,,SniperProfilers,,79031014823.26111,64,693102.0,1,1,2278525.0,1,1,0.0,259809007981.75595,64
CPU,Sniper,spec2017,fpspeed,baseline/imagick_s,core_1,,SniperProfilers,,0.0,8,0.0,1,1,0.0,1,1,0.0,0.0,8
CPU,Sniper,spec2017,fpspeed,baseline/imagick_s,core_2,,SniperProfilers,,0.0,8,0.0,1,1,0.0,1,1,0.0,0.0,8
CPU,Sniper,spec2017,fpspeed,baseline/imagick_s,core_3,,SniperProfilers,,0.0,8,0.0,1,1,0.0,1,1,0.0,0.0,8
CPU,Sniper,spec2017,fpspeed,baseline/imagick_s,core_4,,SniperProfilers,,0.0,8,0.0,1,1,0.0,1,1,0.0,0.0,8
CPU,Sniper,spec2017,fpspeed,baseline/imagick_s,core_5,,SniperProfilers,,0.0,8,0.0,1,1,0.0,1,1,0.0,0.0,8
CPU,Sniper,spec2017,fpspeed,baseline/imagick_s,core_6,,SniperProfilers,,0.0,8,0.0,1,1,0.0,1,1,0.0,0.0,8
CPU,Sniper,spec2017,fpspeed,baseline/imagick_s,core_7,,SniperProfilers,,0.0,8,0.0,1,1,0.0,1,1,0.0,0.0,8
CPU,Sniper,spec2017,fpspeed,baseline/lbm_s,core_0,,SniperProfilers,,2442109172.975126,64,12288371.0,1,1,64084740.0,1,1,0.0,12735775262.785112,64
CPU,Sniper,spec2017,fpspeed,baseline/lbm_s,core_1,,SniperProfilers,,0.0,8,0.0,1,1,0.0,1,1,0.0,0.0,8
CPU,Sniper,spec2017,fpspeed,baseline/lbm_s,core_2,,SniperProfilers,,0.0,8,0.0,1,1,0.0,1,1,0.0,0.0,8
CPU,Sniper,spec2017,fpspeed,baseline/lbm_s,core_3,,SniperProfilers,,0.0,8,0.0,1,1,0.0,1,1,0.0,0.0,8
CPU,Sniper,spec2017,fpspeed,baseline/lbm_s,core_4,,SniperProfilers,,0.0,8,0.0,1,1,0.0,1,1,0.0,0.0,8
CPU,Sniper,spec2017,fpspeed,baseline/lbm_s,core_5,,SniperProfilers,,0.0,8,0.0,1,1,0.0,1,1,0.0,0.0,8
CPU,Sniper,spec2017,fpspeed,baseline/lbm_s,core_6,,SniperProfilers,,0.0,8,0.0,1,1,0.0,1,1,0.0,0.0,8
CPU,Sniper,spec2017,fpspeed,baseline/lbm_s,core_7,,SniperProfilers,,0.0,8,0.0,1,1,0.0,1,1,0.0,0.0,8
CPU,Sniper,spec2017,fpspeed,baseline/nab_s,core_0,,SniperProfilers,,26764330.463256553,64,5934.0,1,1,260972.0,1,1,0.0,1177071258.7895162,64
CPU,Sniper,spec2017,fpspeed,baseline/nab_s,core_1,,SniperProfilers,,0.0,8,0.0,1,1,0.0,1,1,0.0,0.0,8
CPU,Sniper,spec2017,fpspeed,baseline/nab_s,core_2,,SniperProfilers,,0.0,8,0.0,1,1,0.0,1,1,0.0,0.0,8
CPU,Sniper,spec2017,fpspeed,baseline/nab_s,core_3,,SniperProfilers,,0.0,8,0.0,1,1,0.0,1,1,0.0,0.0,8
CPU,Sniper,spec2017,fpspeed,baseline/nab_s,core_4,,SniperProfilers,,0.0,8,0.0,1,1,0.0,1,1,0.0,0.0,8
CPU,Sniper,spec2017,fpspeed,baseline/nab_s,core_5,,SniperProfilers,,0.0,8,0.0,1,1,0.0,1,1,0.0,0.0,8
CPU,Sniper,spec2017,fpspeed,baseline/nab_s,core_6,,SniperProfilers,,0.0,8,0.0,1,1,0.0,1,1,0.0,0.0,8
CPU,Sniper,spec2017,fpspeed,baseline/nab_s,core_7,,SniperProfilers,,0.0,8,0.0,1,1,0.0,1,1,0.0,0.0,8
CPU,Sniper,spec2017,fpspeed,baseline/pop2_s,core_0,,SniperProfilers,,195426583260.5955,64,4030087.0,1,1,22946208.0,1,1,0.0,1112705266220.5413,64
CPU,Sniper,spec2017,fpspeed,baseline/pop2_s,core_1,,SniperProfilers,,0.0,8,0.0,1,1,0.0,1,1,0.0,0.0,8
CPU,Sniper,spec2017,fpspeed,baseline/pop2_s,core_2,,SniperProfilers,,0.0,8,0.0,1,1,0.0,1,1,0.0,0.0,8
CPU,Sniper,spec2017,fpspeed,baseline/pop2_s,core_3,,SniperProfilers,,0.0,8,0.0,1,1,0.0,1,1,0.0,0.0,8
CPU,Sniper,spec2017,fpspeed,baseline/pop2_s,core_4,,SniperProfilers,,0.0,8,0.0,1,1,0.0,1,1,0.0,0.0,8
CPU,Sniper,spec2017,fpspeed,baseline/pop2_s,core_5,,SniperProfilers,,0.0,8,0.0,1,1,0.0,1,1,0.0,0.0,8
CPU,Sniper,spec2017,fpspeed,baseline/pop2_s,core_6,,SniperProfilers,,0.0,8,0.0,1,1,0.0,1,1,0.0,0.0,8
CPU,Sniper,spec2017,fpspeed,baseline/pop2_s,core_7,,SniperProfilers,,0.0,8,0.0,1,1,0.0,1,1,0.0,0.0,8
CPU,Sniper,spec2017,fpspeed,baseline/roms_s,core_0,,SniperProfilers,,2365673420.738975,64,39696.0,1,1,35125553.0,1,1,0.0,2093298748510.1313,64
CPU,Sniper,spec2017,fpspeed,baseline/roms_s,core_1,,SniperProfilers,,0.0,8,0.0,1,1,0.0,1,1,0.0,0.0,8
CPU,Sniper,spec2017,fpspeed,baseline/roms_s,core_2,,SniperProfilers,,0.0,8,0.0,1,1,0.0,1,1,0.0,0.0,8
CPU,Sniper,spec2017,fpspeed,baseline/roms_s,core_3,,SniperProfilers,,0.0,8,0.0,1,1,0.0,1,1,0.0,0.0,8
CPU,Sniper,spec2017,fpspeed,baseline/roms_s,core_4,,SniperProfilers,,0.0,8,0.0,1,1,0.0,1,1,0.0,0.0,8
CPU,Sniper,spec2017,fpspeed,baseline/roms_s,core_5,,SniperProfilers,,0.0,8,0.0,1,1,0.0,1,1,0.0,0.0,8
CPU,Sniper,spec2017,fpspeed,baseline/roms_s,core_6,,SniperProfilers,,0.0,8,0.0,1,1,0.0,1,1,0.0,0.0,8
CPU,Sniper,spec2017,fpspeed,baseline/roms_s,core_7,,SniperProfilers,,0.0,8,0.0,1,1,0.0,1,1,0.0,0.0,8
CPU,Sniper,spec2017,fpspeed,baseline/specrand_fs,core_0,,SniperProfilers,,45371.536166785765,64,8.0,1,1,13.0,1,1,0.0,73728.74627102687,64
CPU,Sniper,spec2017,fpspeed,baseline/specrand_fs,core_1,,SniperProfilers,,0.0,8,0.0,1,1,0.0,1,1,0.0,0.0,8
CPU,Sniper,spec2017,fpspeed,baseline/specrand_fs,core_2,,SniperProfilers,,0.0,8,0.0,1,1,0.0,1,1,0.0,0.0,8
CPU,Sniper,spec2017,fpspeed,baseline/specrand_fs,core_3,,SniperProfilers,,0.0,8,0.0,1,1,0.0,1,1,0.0,0.0,8
CPU,Sniper,spec2017,fpspeed,baseline/specrand_fs,core_4,,SniperProfilers,,0.0,8,0.0,1,1,0.0,1,1,0.0,0.0,8
CPU,Sniper,spec2017,fpspeed,baseline/specrand_fs,core_5,,SniperProfilers,,0.0,8,0.0,1,1,0.0,1,1,0.0,0.0,8
CPU,Sniper,spec2017,fpspeed,baseline/specrand_fs,core_6,,SniperProfilers,,0.0,8,0.0,1,1,0.0,1,1,0.0,0.0,8
CPU,Sniper,spec2017,fpspeed,baseline/specrand_fs,core_7,,SniperProfilers,,0.0,8,0.0,1,1,0.0,1,1,0.0,0.0,8
CPU,Sniper,spec2017,fpspeed,baseline/wrf_s,core_0,,SniperProfilers,,77704675099.20636,64,2506442.0,1,1,3794119.0,1,1,0.0,117625217013.8889,64
CPU,Sniper,spec2017,fpspeed,baseline/wrf_s,core_1,,SniperProfilers,,0.0,8,0.0,1,1,0.0,1,1,0.0,0.0,8
CPU,Sniper,spec2017,fpspeed,baseline/wrf_s,core_2,,SniperProfilers,,0.0,8,0.0,1,1,0.0,1,1,0.0,0.0,8
CPU,Sniper,spec2017,fpspeed,baseline/wrf_s,core_3,,SniperProfilers,,0.0,8,0.0,1,1,0.0,1,1,0.0,0.0,8
CPU,Sniper,spec2017,fpspeed,baseline/wrf_s,core_4,,SniperProfilers,,0.0,8,0.0,1,1,0.0,1,1,0.0,0.0,8
CPU,Sniper,spec2017,fpspeed,baseline/wrf_s,core_5,,SniperProfilers,,0.0,8,0.0,1,1,0.0,1,1,0.0,0.0,8
CPU,Sniper,spec2017,fpspeed,baseline/wrf_s,core_6,,SniperProfilers,,0.0,8,0.0,1,1,0.0,1,1,0.0,0.0,8
CPU,Sniper,spec2017,fpspeed,baseline/wrf_s,core_7,,SniperProfilers,,0.0,8,0.0,1,1,0.0,1,1,0.0,0.0,8
CPU,Sniper,spec2017,intrate,baseline/deepsjeng_r/O2,core_0,,SniperProfilers,,1181709741.550696,64,5944.0,1,1,15574610.0,1,1,0.0,3096343936381.7095,64
CPU,Sniper,spec2017,intrate,baseline/deepsjeng_r/O2,core_1,,SniperProfilers,,0.0,8,0.0,1,1,0.0,1,1,0.0,0.0,8
CPU,Sniper,spec2017,intrate,baseline/deepsjeng_r/O2,core_2,,SniperProfilers,,0.0,8,0.0,1,1,0.0,1,1,0.0,0.0,8
CPU,Sniper,spec2017,intrate,baseline/deepsjeng_r/O2,core_3,,SniperProfilers,,0.0,8,0.0,1,1,0.0,1,1,0.0,0.0,8
CPU,Sniper,spec2017,intrate,baseline/deepsjeng_r/O2,core_4,,SniperProfilers,,0.0,8,0.0,1,1,0.0,1,1,0.0,0.0,8
CPU,Sniper,spec2017,intrate,baseline/deepsjeng_r/O2,core_5,,SniperProfilers,,0.0,8,0.0,1,1,0.0,1,1,0.0,0.0,8
CPU,Sniper,spec2017,intrate,baseline/deepsjeng_r/O2,core_6,,SniperProfilers,,0.0,8,0.0,1,1,0.0,1,1,0.0,0.0,8
CPU,Sniper,spec2017,intrate,baseline/deepsjeng_r/O2,core_7,,SniperProfilers,,0.0,8,0.0,1,1,0.0,1,1,0.0,0.0,8
CPU,Sniper,spec2017,intrate,baseline/exchange2_r/O2,core_0,,SniperProfilers,,21672807.9559412,64,547.0,1,1,1263.0,1,1,0.0,50041602.282182336,64
CPU,Sniper,spec2017,intrate,baseline/exchange2_r/O2,core_1,,SniperProfilers,,0.0,8,0.0,1,1,0.0,1,1,0.0,0.0,8
CPU,Sniper,spec2017,intrate,baseline/exchange2_r/O2,core_2,,SniperProfilers,,0.0,8,0.0,1,1,0.0,1,1,0.0,0.0,8
CPU,Sniper,spec2017,intrate,baseline/exchange2_r/O2,core_3,,SniperProfilers,,0.0,8,0.0,1,1,0.0,1,1,0.0,0.0,8
CPU,Sniper,spec2017,intrate,baseline/exchange2_r/O2,core_4,,SniperProfilers,,0.0,8,0.0,1,1,0.0,1,1,0.0,0.0,8
CPU,Sniper,spec2017,intrate,baseline/exchange2_r/O2,core_5,,SniperProfilers,,0.0,8,0.0,1,1,0.0,1,1,0.0,0.0,8
CPU,Sniper,spec2017,intrate,baseline/exchange2_r/O2,core_6,,SniperProfilers,,0.0,8,0.0,1,1,0.0,1,1,0.0,0.0,8
CPU,Sniper,spec2017,intrate,baseline/exchange2_r/O2,core_7,,SniperProfilers,,0.0,8,0.0,1,1,0.0,1,1,0.0,0.0,8
CPU,Sniper,spec2017,intrate,baseline/leela_r/O2,core_0,,SniperProfilers,,28855502.532666456,64,9052.0,1,1,70374.0,1,1,0.0,224334637.1226104,64
CPU,Sniper,spec2017,intrate,baseline/leela_r/O2,core_1,,SniperProfilers,,0.0,8,0.0,1,1,0.0,1,1,0.0,0.0,8
CPU,Sniper,spec2017,intrate,baseline/leela_r/O2,core_2,,SniperProfilers,,0.0,8,0.0,1,1,0.0,1,1,0.0,0.0,8
CPU,Sniper,spec2017,intrate,baseline/leela_r/O2,core_3,,SniperProfilers,,0.0,8,0.0,1,1,0.0,1,1,0.0,0.0,8
CPU,Sniper,spec2017,intrate,baseline/leela_r/O2,core_4,,SniperProfilers,,0.0,8,0.0,1,1,0.0,1,1,0.0,0.0,8
CPU,Sniper,spec2017,intrate,baseline/leela_r/O2,core_5,,SniperProfilers,,0.0,8,0.0,1,1,0.0,1,1,0.0,0.0,8
CPU,Sniper,spec2017,intrate,baseline/leela_r/O2,core_6,,SniperProfilers,,0.0,8,0.0,1,1,0.0,1,1,0.0,0.0,8
CPU,Sniper,spec2017,intrate,baseline/leela_r/O2,core_7,,SniperProfilers,,0.0,8,0.0,1,1,0.0,1,1,0.0,0.0,8
CPU,Sniper,spec2017,intrate,baseline/mcf_r/O2,core_0,,SniperProfilers,,268125618935.6307,64,33519188.0,1,1,441448.0,1,1,0.0,3531216753.4576406,64
CPU,Sniper,spec2017,intrate,baseline/mcf_r/O2,core_1,,SniperProfilers,,0.0,8,0.0,1,1,0.0,1,1,0.0,0.0,8
CPU,Sniper,spec2017,intrate,baseline/mcf_r/O2,core_2,,SniperProfilers,,0.0,8,0.0,1,1,0.0,1,1,0.0,0.0,8
CPU,Sniper,spec2017,intrate,baseline/mcf_r/O2,core_3,,SniperProfilers,,0.0,8,0.0,1,1,0.0,1,1,0.0,0.0,8
CPU,Sniper,spec2017,intrate,baseline/mcf_r/O2,core_4,,SniperProfilers,,0.0,8,0.0,1,1,0.0,1,1,0.0,0.0,8
CPU,Sniper,spec2017,intrate,baseline/mcf_r/O2,core_5,,SniperProfilers,,0.0,8,0.0,1,1,0.0,1,1,0.0,0.0,8
CPU,Sniper,spec2017,intrate,baseline/mcf_r/O2,core_6,,SniperProfilers,,0.0,8,0.0,1,1,0.0,1,1,0.0,0.0,8
CPU,Sniper,spec2017,intrate,baseline/mcf_r/O2,core_7,,SniperProfilers,,0.0,8,0.0,1,1,0.0,1,1,0.0,0.0,8
CPU,Sniper,spec2017,intrate,baseline/omnetpp_r/O2,core_0,,SniperProfilers,,413428641.2512219,64,6767.0,1,1,2460.0,1,1,0.0,150293255.1319648,64
CPU,Sniper,spec2017,intrate,baseline/omnetpp_r/O2,core_1,,SniperProfilers,,0.0,8,0.0,1,1,0.0,1,1,0.0,0.0,8
CPU,Sniper,spec2017,intrate,baseline/omnetpp_r/O2,core_2,,SniperProfilers,,0.0,8,0.0,1,1,0.0,1,1,0.0,0.0,8
CPU,Sniper,spec2017,intrate,baseline/omnetpp_r/O2,core_3,,SniperProfilers,,0.0,8,0.0,1,1,0.0,1,1,0.0,0.0,8
CPU,Sniper,spec2017,intrate,baseline/omnetpp_r/O2,core_4,,SniperProfilers,,0.0,8,0.0,1,1,0.0,1,1,0.0,0.0,8
CPU,Sniper,spec2017,intrate,baseline/omnetpp_r/O2,core_5,,SniperProfilers,,0.0,8,0.0,1,1,0.0,1,1,0.0,0.0,8
CPU,Sniper,spec2017,intrate,baseline/omnetpp_r/O2,core_6,,SniperProfilers,,0.0,8,0.0,1,1,0.0,1,1,0.0,0.0,8
CPU,Sniper,spec2017,intrate,baseline/omnetpp_r/O2,core_7,,SniperProfilers,,0.0,8,0.0,1,1,0.0,1,1,0.0,0.0,8
CPU,Sniper,spec2017,intrate,baseline/perlbench_r/O2,core_0,,SniperProfilers,,3145727318.165539,64,799301.0,1,1,620770.0,1,1,0.0,2443101093.7026496,64
CPU,Sniper,spec2017,intrate,baseline/perlbench_r/O2,core_1,,SniperProfilers,,0.0,8,0.0,1,1,0.0,1,1,0.0,0.0,8
CPU,Sniper,spec2017,intrate,baseline/perlbench_r/O2,core_2,,SniperProfilers,,0.0,8,0.0,1,1,0.0,1,1,0.0,0.0,8
CPU,Sniper,spec2017,intrate,baseline/perlbench_r/O2,core_3,,SniperProfilers,,0.0,8,0.0,1,1,0.0,1,1,0.0,0.0,8
CPU,Sniper,spec2017,intrate,baseline/perlbench_r/O2,core_4,,SniperProfilers,,0.0,8,0.0,1,1,0.0,1,1,0.0,0.0,8
CPU,Sniper,spec2017,intrate,baseline/perlbench_r/O2,core_5,,SniperProfilers,,0.0,8,0.0,1,1,0.0,1,1,0.0,0.0,8
CPU,Sniper,spec2017,intrate,baseline/perlbench_r/O2,core_6,,SniperProfilers,,0.0,8,0.0,1,1,0.0,1,1,0.0,0.0,8
CPU,Sniper,spec2017,intrate,baseline/perlbench_r/O2,core_7,,SniperProfilers,,0.0,8,0.0,1,1,0.0,1,1,0.0,0.0,8
CPU,Sniper,spec2017,intrate,baseline/specrand_ir/O2,core_0,,SniperProfilers,,42794.2505924329,64,8.0,1,1,12.0,1,1,0.0,64191.37588864935,64
CPU,Sniper,spec2017,intrate,baseline/specrand_ir/O2,core_1,,SniperProfilers,,0.0,8,0.0,1,1,0.0,1,1,0.0,0.0,8
CPU,Sniper,spec2017,intrate,baseline/specrand_ir/O2,core_2,,SniperProfilers,,0.0,8,0.0,1,1,0.0,1,1,0.0,0.0,8
CPU,Sniper,spec2017,intrate,baseline/specrand_ir/O2,core_3,,SniperProfilers,,0.0,8,0.0,1,1,0.0,1,1,0.0,0.0,8
CPU,Sniper,spec2017,intrate,baseline/specrand_ir/O2,core_4,,SniperProfilers,,0.0,8,0.0,1,1,0.0,1,1,0.0,0.0,8
CPU,Sniper,spec2017,intrate,baseline/specrand_ir/O2,core_5,,SniperProfilers,,0.0,8,0.0,1,1,0.0,1,1,0.0,0.0,8
CPU,Sniper,spec2017,intrate,baseline/specrand_ir/O2,core_6,,SniperProfilers,,0.0,8,0.0,1,1,0.0,1,1,0.0,0.0,8
CPU,Sniper,spec2017,intrate,baseline/specrand_ir/O2,core_7,,SniperProfilers,,0.0,8,0.0,1,1,0.0,1,1,0.0,0.0,8
CPU,Sniper,spec2017,intrate,baseline/x264_r/O2,core_0,,SniperProfilers,,13106961276.66639,64,2526393.0,1,1,1522679.0,1,1,0.0,7899679380.758695,64
CPU,Sniper,spec2017,intrate,baseline/x264_r/O2,core_1,,SniperProfilers,,0.0,8,0.0,1,1,0.0,1,1,0.0,0.0,8
CPU,Sniper,spec2017,intrate,baseline/x264_r/O2,core_2,,SniperProfilers,,0.0,8,0.0,1,1,0.0,1,1,0.0,0.0,8
CPU,Sniper,spec2017,intrate,baseline/x264_r/O2,core_3,,SniperProfilers,,0.0,8,0.0,1,1,0.0,1,1,0.0,0.0,8
CPU,Sniper,spec2017,intrate,baseline/x264_r/O2,core_4,,SniperProfilers,,0.0,8,0.0,1,1,0.0,1,1,0.0,0.0,8
CPU,Sniper,spec2017,intrate,baseline/x264_r/O2,core_5,,SniperProfilers,,0.0,8,0.0,1,1,0.0,1,1,0.0,0.0,8
CPU,Sniper,spec2017,intrate,baseline/x264_r/O2,core_6,,SniperProfilers,,0.0,8,0.0,1,1,0.0,1,1,0.0,0.0,8
CPU,Sniper,spec2017,intrate,baseline/x264_r/O2,core_7,,SniperProfilers,,0.0,8,0.0,1,1,0.0,1,1,0.0,0.0,8
CPU,Sniper,spec2017,intrate,baseline/xalancbmk_r/O2,core_0,,SniperProfilers,,19354102138.84848,64,6079917.0,1,1,332638.0,1,1,0.0,1058881203.0266664,64
CPU,Sniper,spec2017,intrate,baseline/xalancbmk_r/O2,core_1,,SniperProfilers,,0.0,8,0.0,1,1,0.0,1,1,0.0,0.0,8
CPU,Sniper,spec2017,intrate,baseline/xalancbmk_r/O2,core_2,,SniperProfilers,,0.0,8,0.0,1,1,0.0,1,1,0.0,0.0,8
CPU,Sniper,spec2017,intrate,baseline/xalancbmk_r/O2,core_3,,SniperProfilers,,0.0,8,0.0,1,1,0.0,1,1,0.0,0.0,8
CPU,Sniper,spec2017,intrate,baseline/xalancbmk_r/O2,core_4,,SniperProfilers,,0.0,8,0.0,1,1,0.0,1,1,0.0,0.0,8
CPU,Sniper,spec2017,intrate,baseline/xalancbmk_r/O2,core_5,,SniperProfilers,,0.0,8,0.0,1,1,0.0,1,1,0.0,0.0,8
CPU,Sniper,spec2017,intrate,baseline/xalancbmk_r/O2,core_6,,SniperProfilers,,0.0,8,0.0,1,1,0.0,1,1,0.0,0.0,8
CPU,Sniper,spec2017,intrate,baseline/xalancbmk_r/O2,core_7,,SniperProfilers,,0.0,8,0.0,1,1,0.0,1,1,0.0,0.0,8
CPU,Sniper,spec2017,intrate,baseline/xz_r/O2,core_0,,SniperProfilers,,37300655.11744442,64,138335.0,1,1,623610.0,1,1,0.0,168150226.17406666,64
CPU,Sniper,spec2017,intrate,baseline/xz_r/O2,core_1,,SniperProfilers,,0.0,8,0.0,1,1,0.0,1,1,0.0,0.0,8
CPU,Sniper,spec2017,intrate,baseline/xz_r/O2,core_2,,SniperProfilers,,0.0,8,0.0,1,1,0.0,1,1,0.0,0.0,8
CPU,Sniper,spec2017,intrate,baseline/xz_r/O2,core_3,,SniperProfilers,,0.0,8,0.0,1,1,0.0,1,1,0.0,0.0,8
CPU,Sniper,spec2017,intrate,baseline/xz_r/O2,core_4,,SniperProfilers,,0.0,8,0.0,1,1,0.0,1,1,0.0,0.0,8
CPU,Sniper,spec2017,intrate,baseline/xz_r/O2,core_5,,SniperProfilers,,0.0,8,0.0,1,1,0.0,1,1,0.0,0.0,8
CPU,Sniper,spec2017,intrate,baseline/xz_r/O2,core_6,,SniperProfilers,,0.0,8,0.0,1,1,0.0,1,1,0.0,0.0,8
CPU,Sniper,spec2017,intrate,baseline/xz_r/O2,core_7,,SniperProfilers,,0.0,8,0.0,1,1,0.0,1,1,0.0,0.0,8
CPU,Sniper,spec2017,intspeed,baseline/deepsjeng_s/O2,core_0,,SniperProfilers,,899876390.6056861,64,5824.0,1,1,15574569.0,1,1,0.0,2406453800988.875,64
CPU,Sniper,spec2017,intspeed,baseline/deepsjeng_s/O2,core_1,,SniperProfilers,,0.0,8,0.0,1,1,0.0,1,1,0.0,0.0,8
CPU,Sniper,spec2017,intspeed,baseline/deepsjeng_s/O2,core_2,,SniperProfilers,,0.0,8,0.0,1,1,0.0,1,1,0.0,0.0,8
CPU,Sniper,spec2017,intspeed,baseline/deepsjeng_s/O2,core_3,,SniperProfilers,,0.0,8,0.0,1,1,0.0,1,1,0.0,0.0,8
CPU,Sniper,spec2017,intspeed,baseline/deepsjeng_s/O2,core_4,,SniperProfilers,,0.0,8,0.0,1,1,0.0,1,1,0.0,0.0,8
CPU,Sniper,spec2017,intspeed,baseline/deepsjeng_s/O2,core_5,,SniperProfilers,,0.0,8,0.0,1,1,0.0,1,1,0.0,0.0,8
CPU,Sniper,spec2017,intspeed,baseline/deepsjeng_s/O2,core_6,,SniperProfilers,,0.0,8,0.0,1,1,0.0,1,1,0.0,0.0,8
CPU,Sniper,spec2017,intspeed,baseline/deepsjeng_s/O2,core_7,,SniperProfilers,,0.0,8,0.0,1,1,0.0,1,1,0.0,0.0,8
CPU,Sniper,spec2017,intspeed,baseline/exchange2_s/O2,core_0,,SniperProfilers,,19599142.07529029,64,530.0,1,1,1263.0,1,1,0.0,46705125.360550255,64
CPU,Sniper,spec2017,intspeed,baseline/exchange2_s/O2,core_1,,SniperProfilers,,0.0,8,0.0,1,1,0.0,1,1,0.0,0.0,8
CPU,Sniper,spec2017,intspeed,baseline/exchange2_s/O2,core_2,,SniperProfilers,,0.0,8,0.0,1,1,0.0,1,1,0.0,0.0,8
CPU,Sniper,spec2017,intspeed,baseline/exchange2_s/O2,core_3,,SniperProfilers,,0.0,8,0.0,1,1,0.0,1,1,0.0,0.0,8
CPU,Sniper,spec2017,intspeed,baseline/exchange2_s/O2,core_4,,SniperProfilers,,0.0,8,0.0,1,1,0.0,1,1,0.0,0.0,8
CPU,Sniper,spec2017,intspeed,baseline/exchange2_s/O2,core_5,,SniperProfilers,,0.0,8,0.0,1,1,0.0,1,1,0.0,0.0,8
CPU,Sniper,spec2017,intspeed,baseline/exchange2_s/O2,core_6,,SniperProfilers,,0.0,8,0.0,1,1,0.0,1,1,0.0,0.0,8
CPU,Sniper,spec2017,intspeed,baseline/exchange2_s/O2,core_7,,SniperProfilers,,0.0,8,0.0,1,1,0.0,1,1,0.0,0.0,8
CPU,Sniper,spec2017,intspeed,baseline/leela_s/O2,core_0,,SniperProfilers,,28635980.505859014,64,9037.0,1,1,70387.0,1,1,0.0,223038703.0945998,64
CPU,Sniper,spec2017,intspeed,baseline/leela_s/O2,core_1,,SniperProfilers,,0.0,8,0.0,1,1,0.0,1,1,0.0,0.0,8
CPU,Sniper,spec2017,intspeed,baseline/leela_s/O2,core_2,,SniperProfilers,,0.0,8,0.0,1,1,0.0,1,1,0.0,0.0,8
CPU,Sniper,spec2017,intspeed,baseline/leela_s/O2,core_3,,SniperProfilers,,0.0,8,0.0,1,1,0.0,1,1,0.0,0.0,8
CPU,Sniper,spec2017,intspeed,baseline/leela_s/O2,core_4,,SniperProfilers,,0.0,8,0.0,1,1,0.0,1,1,0.0,0.0,8
CPU,Sniper,spec2017,intspeed,baseline/leela_s/O2,core_5,,SniperProfilers,,0.0,8,0.0,1,1,0.0,1,1,0.0,0.0,8
CPU,Sniper,spec2017,intspeed,baseline/leela_s/O2,core_6,,SniperProfilers,,0.0,8,0.0,1,1,0.0,1,1,0.0,0.0,8
CPU,Sniper,spec2017,intspeed,baseline/leela_s/O2,core_7,,SniperProfilers,,0.0,8,0.0,1,1,0.0,1,1,0.0,0.0,8
CPU,Sniper,spec2017,intspeed,baseline/mcf_s/O2,core_0,,SniperProfilers,,198683416455.17322,64,26930345.0,1,1,1110034.0,1,1,0.0,8189473528.890987,64
CPU,Sniper,spec2017,intspeed,baseline/mcf_s/O2,core_1,,SniperProfilers,,0.0,8,0.0,1,1,0.0,1,1,0.0,0.0,8
CPU,Sniper,spec2017,intspeed,baseline/mcf_s/O2,core_2,,SniperProfilers,,0.0,8,0.0,1,1,0.0,1,1,0.0,0.0,8
CPU,Sniper,spec2017,intspeed,baseline/mcf_s/O2,core_3,,SniperProfilers,,0.0,8,0.0,1,1,0.0,1,1,0.0,0.0,8
CPU,Sniper,spec2017,intspeed,baseline/mcf_s/O2,core_4,,SniperProfilers,,0.0,8,0.0,1,1,0.0,1,1,0.0,0.0,8
CPU,Sniper,spec2017,intspeed,baseline/mcf_s/O2,core_5,,SniperProfilers,,0.0,8,0.0,1,1,0.0,1,1,0.0,0.0,8
CPU,Sniper,spec2017,intspeed,baseline/mcf_s/O2,core_6,,SniperProfilers,,0.0,8,0.0,1,1,0.0,1,1,0.0,0.0,8
CPU,Sniper,spec2017,intspeed,baseline/mcf_s/O2,core_7,,SniperProfilers,,0.0,8,0.0,1,1,0.0,1,1,0.0,0.0,8
CPU,Sniper,spec2017,intspeed,baseline/omnetpp_s/O2,core_0,,SniperProfilers,,361636392.69163156,64,6789.0,1,1,2448.0,1,1,0.0,130400042.614393,64
CPU,Sniper,spec2017,intspeed,baseline/omnetpp_s/O2,core_1,,SniperProfilers,,0.0,8,0.0,1,1,0.0,1,1,0.0,0.0,8
CPU,Sniper,spec2017,intspeed,baseline/omnetpp_s/O2,core_2,,SniperProfilers,,0.0,8,0.0,1,1,0.0,1,1,0.0,0.0,8
CPU,Sniper,spec2017,intspeed,baseline/omnetpp_s/O2,core_3,,SniperProfilers,,0.0,8,0.0,1,1,0.0,1,1,0.0,0.0,8
CPU,Sniper,spec2017,intspeed,baseline/omnetpp_s/O2,core_4,,SniperProfilers,,0.0,8,0.0,1,1,0.0,1,1,0.0,0.0,8
CPU,Sniper,spec2017,intspeed,baseline/omnetpp_s/O2,core_5,,SniperProfilers,,0.0,8,0.0,1,1,0.0,1,1,0.0,0.0,8
CPU,Sniper,spec2017,intspeed,baseline/omnetpp_s/O2,core_6,,SniperProfilers,,0.0,8,0.0,1,1,0.0,1,1,0.0,0.0,8
CPU,Sniper,spec2017,intspeed,baseline/omnetpp_s/O2,core_7,,SniperProfilers,,0.0,8,0.0,1,1,0.0,1,1,0.0,0.0,8
CPU,Sniper,spec2017,intspeed,baseline/perlbench_s/O2,core_0,,SniperProfilers,,2734290702.7200637,64,800264.0,1,1,624324.0,1,1,0.0,2133150196.291475,64
CPU,Sniper,spec2017,intspeed,baseline/perlbench_s/O2,core_1,,SniperProfilers,,0.0,8,0.0,1,1,0.0,1,1,0.0,0.0,8
CPU,Sniper,spec2017,intspeed,baseline/perlbench_s/O2,core_2,,SniperProfilers,,0.0,8,0.0,1,1,0.0,1,1,0.0,0.0,8
CPU,Sniper,spec2017,intspeed,baseline/perlbench_s/O2,core_3,,SniperProfilers,,0.0,8,0.0,1,1,0.0,1,1,0.0,0.0,8
CPU,Sniper,spec2017,intspeed,baseline/perlbench_s/O2,core_4,,SniperProfilers,,0.0,8,0.0,1,1,0.0,1,1,0.0,0.0,8
CPU,Sniper,spec2017,intspeed,baseline/perlbench_s/O2,core_5,,SniperProfilers,,0.0,8,0.0,1,1,0.0,1,1,0.0,0.0,8
CPU,Sniper,spec2017,intspeed,baseline/perlbench_s/O2,core_6,,SniperProfilers,,0.0,8,0.0,1,1,0.0,1,1,0.0,0.0,8
CPU,Sniper,spec2017,intspeed,baseline/perlbench_s/O2,core_7,,SniperProfilers,,0.0,8,0.0,1,1,0.0,1,1,0.0,0.0,8
CPU,Sniper,spec2017,intspeed,baseline/specrand_is/O2,core_0,,SniperProfilers,,42463.070398462834,64,8.0,1,1,12.0,1,1,0.0,63694.60559769425,64
CPU,Sniper,spec2017,intspeed,baseline/specrand_is/O2,core_1,,SniperProfilers,,0.0,8,0.0,1,1,0.0,1,1,0.0,0.0,8
CPU,Sniper,spec2017,intspeed,baseline/specrand_is/O2,core_2,,SniperProfilers,,0.0,8,0.0,1,1,0.0,1,1,0.0,0.0,8
CPU,Sniper,spec2017,intspeed,baseline/specrand_is/O2,core_3,,SniperProfilers,,0.0,8,0.0,1,1,0.0,1,1,0.0,0.0,8
CPU,Sniper,spec2017,intspeed,baseline/specrand_is/O2,core_4,,SniperProfilers,,0.0,8,0.0,1,1,0.0,1,1,0.0,0.0,8
CPU,Sniper,spec2017,intspeed,baseline/specrand_is/O2,core_5,,SniperProfilers,,0.0,8,0.0,1,1,0.0,1,1,0.0,0.0,8
CPU,Sniper,spec2017,intspeed,baseline/specrand_is/O2,core_6,,SniperProfilers,,0.0,8,0.0,1,1,0.0,1,1,0.0,0.0,8
CPU,Sniper,spec2017,intspeed,baseline/specrand_is/O2,core_7,,SniperProfilers,,0.0,8,0.0,1,1,0.0,1,1,0.0,0.0,8
CPU,Sniper,spec2017,intspeed,baseline/x264_s/O2,core_0,,SniperProfilers,,13541988047.061346,64,2526461.0,1,1,1522659.0,1,1,0.0,8161546913.944201,64
CPU,Sniper,spec2017,intspeed,baseline/x264_s/O2,core_1,,SniperProfilers,,0.0,8,0.0,1,1,0.0,1,1,0.0,0.0,8
CPU,Sniper,spec2017,intspeed,baseline/x264_s/O2,core_2,,SniperProfilers,,0.0,8,0.0,1,1,0.0,1,1,0.0,0.0,8
CPU,Sniper,spec2017,intspeed,baseline/x264_s/O2,core_3,,SniperProfilers,,0.0,8,0.0,1,1,0.0,1,1,0.0,0.0,8
CPU,Sniper,spec2017,intspeed,baseline/x264_s/O2,core_4,,SniperProfilers,,0.0,8,0.0,1,1,0.0,1,1,0.0,0.0,8
CPU,Sniper,spec2017,intspeed,baseline/x264_s/O2,core_5,,SniperProfilers,,0.0,8,0.0,1,1,0.0,1,1,0.0,0.0,8
CPU,Sniper,spec2017,intspeed,baseline/x264_s/O2,core_6,,SniperProfilers,,0.0,8,0.0,1,1,0.0,1,1,0.0,0.0,8
CPU,Sniper,spec2017,intspeed,baseline/x264_s/O2,core_7,,SniperProfilers,,0.0,8,0.0,1,1,0.0,1,1,0.0,0.0,8
CPU,Sniper,spec2017,intspeed,baseline/xalancbmk_s/O2,core_0,,SniperProfilers,,19244826478.35153,64,6109886.0,1,1,337361.0,1,1,0.0,1062614573.424635,64
CPU,Sniper,spec2017,intspeed,baseline/xalancbmk_s/O2,core_1,,SniperProfilers,,0.0,8,0.0,1,1,0.0,1,1,0.0,0.0,8
CPU,Sniper,spec2017,intspeed,baseline/xalancbmk_s/O2,core_2,,SniperProfilers,,0.0,8,0.0,1,1,0.0,1,1,0.0,0.0,8
CPU,Sniper,spec2017,intspeed,baseline/xalancbmk_s/O2,core_3,,SniperProfilers,,0.0,8,0.0,1,1,0.0,1,1,0.0,0.0,8
CPU,Sniper,spec2017,intspeed,baseline/xalancbmk_s/O2,core_4,,SniperProfilers,,0.0,8,0.0,1,1,0.0,1,1,0.0,0.0,8
CPU,Sniper,spec2017,intspeed,baseline/xalancbmk_s/O2,core_5,,SniperProfilers,,0.0,8,0.0,1,1,0.0,1,1,0.0,0.0,8
CPU,Sniper,spec2017,intspeed,baseline/xalancbmk_s/O2,core_6,,SniperProfilers,,0.0,8,0.0,1,1,0.0,1,1,0.0,0.0,8
CPU,Sniper,spec2017,intspeed,baseline/xalancbmk_s/O2,core_7,,SniperProfilers,,0.0,8,0.0,1,1,0.0,1,1,0.0,0.0,8
CPU,Sniper,spec2017,intspeed,baseline/xz_s/O2,core_0,,SniperProfilers,,5347996572.229868,64,19976762.0,1,1,33492157.0,1,1,0.0,8966214886.706093,64
CPU,Sniper,spec2017,intspeed,baseline/xz_s/O2,core_1,,SniperProfilers,,0.0,8,0.0,1,1,0.0,1,1,0.0,0.0,8
CPU,Sniper,spec2017,intspeed,baseline/xz_s/O2,core_2,,SniperProfilers,,0.0,8,0.0,1,1,0.0,1,1,0.0,0.0,8
CPU,Sniper,spec2017,intspeed,baseline/xz_s/O2,core_3,,SniperProfilers,,0.0,8,0.0,1,1,0.0,1,1,0.0,0.0,8
CPU,Sniper,spec2017,intspeed,baseline/xz_s/O2,core_4,,SniperProfilers,,0.0,8,0.0,1,1,0.0,1,1,0.0,0.0,8
CPU,Sniper,spec2017,intspeed,baseline/xz_s/O2,core_5,,SniperProfilers,,0.0,8,0.0,1,1,0.0,1,1,0.0,0.0,8
CPU,Sniper,spec2017,intspeed,baseline/xz_s/O2,core_6,,SniperProfilers,,0.0,8,0.0,1,1,0.0,1,1,0.0,0.0,8
CPU,Sniper,spec2017,intspeed,baseline/xz_s/O2,core_7,,SniperProfilers,,0.0,8,0.0,1,1,0.0,1,1,0.0,0.0,8
GPU,NCU,PolyBenchGPU,PolyBenchGPU,2DCONV/flag_O1,convolution2D_kernel,,NsightComputeProfilers,,11776896421.370968,32,1869229.0,1,1,524138.0,1,1,5824025.0,3302280745.967742,32
GPU,NCU,PolyBenchGPU,PolyBenchGPU,2DCONV/flag_O2,convolution2D_kernel,,NsightComputeProfilers,,9806539812.150957,32,1854299.0,1,1,524138.0,1,1,5830374.0,2771926298.8661366,32
GPU,NCU,PolyBenchGPU,PolyBenchGPU,2DCONV/flag_O3,convolution2D_kernel,,NsightComputeProfilers,,9509029032.522997,32,1852511.0,1,1,524093.0,1,1,5826826.0,2690194850.5256243,32
GPU,NCU,PolyBenchGPU,PolyBenchGPU,2MM/flag_O1,mm2_kernel2,,NsightComputeProfilers,,2582620823.7059464,32,6223579.0,1,1,33544575.0,1,1,152706694.0,13920112192.255596,32
GPU,NCU,PolyBenchGPU,PolyBenchGPU,2MM/flag_O1,mm2_kernel1,,NsightComputeProfilers,,2623552097.878848,32,6312896.0,1,1,33549430.0,1,1,152505980.0,13942678203.337988,32
GPU,NCU,PolyBenchGPU,PolyBenchGPU,2MM/flag_O2,mm2_kernel2,,NsightComputeProfilers,,2675802820.141993,32,6512690.0,1,1,33552974.0,1,1,152744086.0,13785569780.436497,32
GPU,NCU,PolyBenchGPU,PolyBenchGPU,2MM/flag_O2,mm2_kernel1,,NsightComputeProfilers,,2631049069.233627,32,6345501.0,1,1,33551875.0,1,1,152647341.0,13911687901.363974,32
GPU,NCU,PolyBenchGPU,PolyBenchGPU,2MM/flag_O3,mm2_kernel2,,NsightComputeProfilers,,2614417974.004182,32,6282049.0,1,1,33550086.0,1,1,152630476.0,13962633508.236893,32
GPU,NCU,PolyBenchGPU,PolyBenchGPU,2MM/flag_O3,mm2_kernel1,,NsightComputeProfilers,,2633590723.6325393,32,6330815.0,1,1,33555819.0,1,1,152587564.0,13959070616.072735,32
GPU,NCU,PolyBenchGPU,PolyBenchGPU,3DCONV/flag_O1,convolution3D_kernel,,NsightComputeProfilers,,5168269230.769231,32,15050.0,1,1,2038.0,1,1,47386.0,699862637.3626374,32
GPU,NCU,PolyBenchGPU,PolyBenchGPU,3DCONV/flag_O1,convolution3D_kernel,,NsightComputeProfilers,,5129076086.956522,32,15100.0,1,1,2038.0,1,1,47481.0,692255434.7826086,32
GPU,NCU,PolyBenchGPU,PolyBenchGPU,3DCONV/flag_O1,convolution3D_kernel,,NsightComputeProfilers,,5109714673.913043,32,15043.0,1,1,2038.0,1,1,47572.0,692255434.7826086,32
GPU,NCU,PolyBenchGPU,PolyBenchGPU,3DCONV/flag_O1,convolution3D_kernel,,NsightComputeProfilers,,4803890306.122449,32,15065.0,1,1,2038.0,1,1,47422.0,649872448.9795918,32
GPU,NCU,PolyBenchGPU,PolyBenchGPU,3DCONV/flag_O1,convolution3D_kernel,,NsightComputeProfilers,,4748421717.171718,32,15043.0,1,1,2038.0,1,1,47474.0,643308080.8080808,32
GPU,NCU,PolyBenchGPU,PolyBenchGPU,3DCONV/flag_O1,convolution3D_kernel,,NsightComputeProfilers,,4853737113.402062,32,15066.0,1,1,2038.0,1,1,47951.0,656572164.9484537,32
GPU,NCU,PolyBenchGPU,PolyBenchGPU,3DCONV/flag_O1,convolution3D_kernel,,NsightComputeProfilers,,5109035326.086956,32,15041.0,1,1,2038.0,1,1,47394.0,692255434.7826086,32
GPU,NCU,PolyBenchGPU,PolyBenchGPU,3DCONV/flag_O1,convolution3D_kernel,,NsightComputeProfilers,,4848260309.278351,32,15049.0,1,1,2038.0,1,1,47363.0,656572164.9484537,32
GPU,NCU,PolyBenchGPU,PolyBenchGPU,3DCONV/flag_O1,convolution3D_kernel,,NsightComputeProfilers,,4853737113.402062,32,15066.0,1,1,2041.0,1,1,47410.0,657538659.7938144,32
GPU,NCU,PolyBenchGPU,PolyBenchGPU,3DCONV/flag_O1,convolution3D_kernel,,NsightComputeProfilers,,5161057692.307693,32,15029.0,1,1,2040.0,1,1,47362.0,700549450.5494506,32
GPU,NCU,PolyBenchGPU,PolyBenchGPU,3DCONV/flag_O1,convolution3D_kernel,,NsightComputeProfilers,,5072916666.666667,32,15097.0,1,1,2038.0,1,1,47834.0,684811827.9569893,32
GPU,NCU,PolyBenchGPU,PolyBenchGPU,3DCONV/flag_O1,convolution3D_kernel,,NsightComputeProfilers,,5168612637.3626375,32,15051.0,1,1,2038.0,1,1,47378.0,699862637.3626374,32
GPU,NCU,PolyBenchGPU,PolyBenchGPU,3DCONV/flag_O1,convolution3D_kernel,,NsightComputeProfilers,,4846005154.639175,32,15042.0,1,1,2038.0,1,1,48048.0,656572164.9484537,32
GPU,NCU,PolyBenchGPU,PolyBenchGPU,3DCONV/flag_O1,convolution3D_kernel,,NsightComputeProfilers,,4901692708.333333,32,15058.0,1,1,2042.0,1,1,47362.0,664713541.6666666,32
GPU,NCU,PolyBenchGPU,PolyBenchGPU,3DCONV/flag_O1,convolution3D_kernel,,NsightComputeProfilers,,4807079081.632653,32,15075.0,1,1,2038.0,1,1,47370.0,649872448.9795918,32
GPU,NCU,PolyBenchGPU,PolyBenchGPU,3DCONV/flag_O1,convolution3D_kernel,,NsightComputeProfilers,,4557091346.153846,32,15166.0,1,1,2038.0,1,1,47363.0,612379807.6923077,32
GPU,NCU,PolyBenchGPU,PolyBenchGPU,3DCONV/flag_O1,convolution3D_kernel,,NsightComputeProfilers,,4661819306.930693,32,15067.0,1,1,2046.0,1,1,47363.0,633044554.4554455,32
GPU,NCU,PolyBenchGPU,PolyBenchGPU,3DCONV/flag_O1,convolution3D_kernel,,NsightComputeProfilers,,3953781512.6050425,32,15056.0,1,1,2038.0,1,1,47586.0,535189075.6302521,32
GPU,NCU,PolyBenchGPU,PolyBenchGPU,3DCONV/flag_O1,convolution3D_kernel,,NsightComputeProfilers,,5110054347.826087,32,15044.0,1,1,2038.0,1,1,47378.0,692255434.7826086,32
GPU,NCU,PolyBenchGPU,PolyBenchGPU,3DCONV/flag_O1,convolution3D_kernel,,NsightComputeProfilers,,4317087155.963303,32,15058.0,1,1,2220.0,1,1,47377.0,636467889.9082569,32
GPU,NCU,PolyBenchGPU,PolyBenchGPU,3DCONV/flag_O1,convolution3D_kernel,,NsightComputeProfilers,,4949671052.631578,32,15047.0,1,1,2038.0,1,1,47619.0,670394736.8421053,32
GPU,NCU,PolyBenchGPU,PolyBenchGPU,3DCONV/flag_O1,convolution3D_kernel,,NsightComputeProfilers,,4846327319.587629,32,15043.0,1,1,2038.0,1,1,47362.0,656572164.9484537,32
GPU,NCU,PolyBenchGPU,PolyBenchGPU,3DCONV/flag_O1,convolution3D_kernel,,NsightComputeProfilers,,4386682242.990654,32,15020.0,1,1,2038.0,1,1,47394.0,595210280.3738317,32
GPU,NCU,PolyBenchGPU,PolyBenchGPU,3DCONV/flag_O1,convolution3D_kernel,,NsightComputeProfilers,,4844716494.845361,32,15038.0,1,1,2079.0,1,1,47421.0,669780927.8350515,32
GPU,NCU,PolyBenchGPU,PolyBenchGPU,3DCONV/flag_O1,convolution3D_kernel,,NsightComputeProfilers,,4755681818.181818,32,15066.0,1,1,2046.0,1,1,47373.0,645833333.3333334,32
GPU,NCU,PolyBenchGPU,PolyBenchGPU,3DCONV/flag_O1,convolution3D_kernel,,NsightComputeProfilers,,4902343750.0,32,15060.0,1,1,2038.0,1,1,47389.0,663411458.3333334,32
GPU,NCU,PolyBenchGPU,PolyBenchGPU,3DCONV/flag_O1,convolution3D_kernel,,NsightComputeProfilers,,3825457317.0731707,32,15057.0,1,1,2038.0,1,1,47483.0,517784552.8455284,32
GPU,NCU,PolyBenchGPU,PolyBenchGPU,3DCONV/flag_O1,convolution3D_kernel,,NsightComputeProfilers,,4746527777.777778,32,15037.0,1,1,2038.0,1,1,47362.0,643308080.8080808,32
GPU,NCU,PolyBenchGPU,PolyBenchGPU,3DCONV/flag_O1,convolution3D_kernel,,NsightComputeProfilers,,4953289473.684211,32,15058.0,1,1,2038.0,1,1,47395.0,670394736.8421053,32
GPU,NCU,PolyBenchGPU,PolyBenchGPU,3DCONV/flag_O1,convolution3D_kernel,,NsightComputeProfilers,,4018963675.213675,32,15047.0,1,1,2038.0,1,1,47459.0,544337606.8376068,32
GPU,NCU,PolyBenchGPU,PolyBenchGPU,3DCONV/flag_O1,convolution3D_kernel,,NsightComputeProfilers,,4793367346.938775,32,15032.0,1,1,2081.0,1,1,47491.0,663584183.6734693,32
GPU,NCU,PolyBenchGPU,PolyBenchGPU,3DCONV/flag_O1,convolution3D_kernel,,NsightComputeProfilers,,5112771739.130435,32,15052.0,1,1,2038.0,1,1,47363.0,692255434.7826086,32
GPU,NCU,PolyBenchGPU,PolyBenchGPU,3DCONV/flag_O1,convolution3D_kernel,,NsightComputeProfilers,,4392815420.560747,32,15041.0,1,1,2038.0,1,1,47379.0,595210280.3738317,32
GPU,NCU,PolyBenchGPU,PolyBenchGPU,3DCONV/flag_O1,convolution3D_kernel,,NsightComputeProfilers,,5223958333.333333,32,15045.0,1,1,2038.0,1,1,50207.0,707638888.888889,32
GPU,NCU,PolyBenchGPU,PolyBenchGPU,3DCONV/flag_O1,convolution3D_kernel,,NsightComputeProfilers,,4611519607.843137,32,15052.0,1,1,2042.0,1,1,47362.0,625612745.0980393,32
GPU,NCU,PolyBenchGPU,PolyBenchGPU,3DCONV/flag_O1,convolution3D_kernel,,NsightComputeProfilers,,4904296875.0,32,15066.0,1,1,2038.0,1,1,47362.0,663411458.3333334,32
GPU,NCU,PolyBenchGPU,PolyBenchGPU,3DCONV/flag_O1,convolution3D_kernel,,NsightComputeProfilers,,4904622395.833333,32,15067.0,1,1,2038.0,1,1,47411.0,663411458.3333334,32
GPU,NCU,PolyBenchGPU,PolyBenchGPU,3DCONV/flag_O1,convolution3D_kernel,,NsightComputeProfilers,,4832908163.2653055,32,15156.0,1,1,2045.0,1,1,47423.0,652104591.8367347,32
GPU,NCU,PolyBenchGPU,PolyBenchGPU,3DCONV/flag_O1,convolution3D_kernel,,NsightComputeProfilers,,4796237244.897959,32,15041.0,1,1,2038.0,1,1,47364.0,649872448.9795918,32
GPU,NCU,PolyBenchGPU,PolyBenchGPU,3DCONV/flag_O1,convolution3D_kernel,,NsightComputeProfilers,,4846005154.639175,32,15042.0,1,1,2040.0,1,1,47559.0,657216494.8453609,32
GPU,NCU,PolyBenchGPU,PolyBenchGPU,3DCONV/flag_O1,convolution3D_kernel,,NsightComputeProfilers,,5111413043.478261,32,15048.0,1,1,2038.0,1,1,47460.0,692255434.7826086,32
GPU,NCU,PolyBenchGPU,PolyBenchGPU,3DCONV/flag_O1,convolution3D_kernel,,NsightComputeProfilers,,4853737113.402062,32,15066.0,1,1,2038.0,1,1,47361.0,656572164.9484537,32
GPU,NCU,PolyBenchGPU,PolyBenchGPU,3DCONV/flag_O1,convolution3D_kernel,,NsightComputeProfilers,,5109375000.0,32,15042.0,1,1,2041.0,1,1,47400.0,693274456.5217391,32
GPU,NCU,PolyBenchGPU,PolyBenchGPU,3DCONV/flag_O1,convolution3D_kernel,,NsightComputeProfilers,,4658725247.524753,32,15057.0,1,1,2038.0,1,1,47384.0,630569306.930693,32
GPU,NCU,PolyBenchGPU,PolyBenchGPU,3DCONV/flag_O1,convolution3D_kernel,,NsightComputeProfilers,,4905598958.333333,32,15070.0,1,1,2124.0,1,1,47362.0,691406250.0,32
GPU,NCU,PolyBenchGPU,PolyBenchGPU,3DCONV/flag_O1,convolution3D_kernel,,NsightComputeProfilers,,4852126288.659794,32,15061.0,1,1,2038.0,1,1,47415.0,656572164.9484537,32
GPU,NCU,PolyBenchGPU,PolyBenchGPU,3DCONV/flag_O1,convolution3D_kernel,,NsightComputeProfilers,,5225000000.0,32,15048.0,1,1,2038.0,1,1,47365.0,707638888.888889,32
GPU,NCU,PolyBenchGPU,PolyBenchGPU,3DCONV/flag_O1,convolution3D_kernel,,NsightComputeProfilers,,4796875000.0,32,15043.0,1,1,2038.0,1,1,47411.0,649872448.9795918,32
GPU,NCU,PolyBenchGPU,PolyBenchGPU,3DCONV/flag_O1,convolution3D_kernel,,NsightComputeProfilers,,4898763020.833333,32,15049.0,1,1,2038.0,1,1,47370.0,663411458.3333334,32
GPU,NCU,PolyBenchGPU,PolyBenchGPU,3DCONV/flag_O1,convolution3D_kernel,,NsightComputeProfilers,,5118546195.652174,32,15069.0,1,1,2038.0,1,1,47526.0,692255434.7826086,32
GPU,NCU,PolyBenchGPU,PolyBenchGPU,3DCONV/flag_O1,convolution3D_kernel,,NsightComputeProfilers,,4797193877.551021,32,15044.0,1,1,2038.0,1,1,47374.0,649872448.9795918,32
GPU,NCU,PolyBenchGPU,PolyBenchGPU,3DCONV/flag_O1,convolution3D_kernel,,NsightComputeProfilers,,5165178571.428572,32,15041.0,1,1,2038.0,1,1,47508.0,699862637.3626374,32
GPU,NCU,PolyBenchGPU,PolyBenchGPU,3DCONV/flag_O1,convolution3D_kernel,,NsightComputeProfilers,,4610294117.6470585,32,15048.0,1,1,2038.0,1,1,47362.0,624387254.9019607,32
GPU,NCU,PolyBenchGPU,PolyBenchGPU,3DCONV/flag_O1,convolution3D_kernel,,NsightComputeProfilers,,5180288461.538462,32,15085.0,1,1,2038.0,1,1,47922.0,699862637.3626374,32
GPU,NCU,PolyBenchGPU,PolyBenchGPU,3DCONV/flag_O1,convolution3D_kernel,,NsightComputeProfilers,,4800382653.061224,32,15054.0,1,1,2040.0,1,1,47426.0,650510204.0816326,32
GPU,NCU,PolyBenchGPU,PolyBenchGPU,3DCONV/flag_O1,convolution3D_kernel,,NsightComputeProfilers,,4846649484.536082,32,15044.0,1,1,2038.0,1,1,47426.0,656572164.9484537,32
GPU,NCU,PolyBenchGPU,PolyBenchGPU,3DCONV/flag_O1,convolution3D_kernel,,NsightComputeProfilers,,5174793956.043957,32,15069.0,1,1,2038.0,1,1,47436.0,699862637.3626374,32
GPU,NCU,PolyBenchGPU,PolyBenchGPU,3DCONV/flag_O1,convolution3D_kernel,,NsightComputeProfilers,,4798788265.306122,32,15049.0,1,1,2042.0,1,1,47442.0,651147959.1836735,32
GPU,NCU,PolyBenchGPU,PolyBenchGPU,3DCONV/flag_O1,convolution3D_kernel,,NsightComputeProfilers,,5000997340.425532,32,15043.0,1,1,2041.0,1,1,47364.0,678523936.1702127,32
GPU,NCU,PolyBenchGPU,PolyBenchGPU,3DCONV/flag_O1,convolution3D_kernel,,NsightComputeProfilers,,4652267156.862745,32,15185.0,1,1,2038.0,1,1,47428.0,624387254.9019607,32
GPU,NCU,PolyBenchGPU,PolyBenchGPU,3DCONV/flag_O1,convolution3D_kernel,,NsightComputeProfilers,,4947039473.684211,32,15039.0,1,1,2038.0,1,1,47668.0,670394736.8421053,32
GPU,NCU,PolyBenchGPU,PolyBenchGPU,3DCONV/flag_O1,convolution3D_kernel,,NsightComputeProfilers,,4171736725.663717,32,15085.0,1,1,2038.0,1,1,47401.0,563606194.6902654,32
GPU,NCU,PolyBenchGPU,PolyBenchGPU,3DCONV/flag_O1,convolution3D_kernel,,NsightComputeProfilers,,5169986263.736264,32,15055.0,1,1,2038.0,1,1,47523.0,699862637.3626374,32
GPU,NCU,PolyBenchGPU,PolyBenchGPU,3DCONV/flag_O1,convolution3D_kernel,,NsightComputeProfilers,,5064516129.032258,32,15072.0,1,1,2040.0,1,1,47963.0,685483870.967742,32
GPU,NCU,PolyBenchGPU,PolyBenchGPU,3DCONV/flag_O1,convolution3D_kernel,,NsightComputeProfilers,,5109375000.0,32,15042.0,1,1,2038.0,1,1,47363.0,692255434.7826086,32
GPU,NCU,PolyBenchGPU,PolyBenchGPU,3DCONV/flag_O1,convolution3D_kernel,,NsightComputeProfilers,,5110733695.652174,32,15046.0,1,1,2038.0,1,1,47367.0,692255434.7826086,32
GPU,NCU,PolyBenchGPU,PolyBenchGPU,3DCONV/flag_O1,convolution3D_kernel,,NsightComputeProfilers,,4016559829.0598288,32,15038.0,1,1,2042.0,1,1,47398.0,545405982.9059829,32
GPU,NCU,PolyBenchGPU,PolyBenchGPU,3DCONV/flag_O1,convolution3D_kernel,,NsightComputeProfilers,,4760101010.10101,32,15080.0,1,1,2038.0,1,1,47525.0,643308080.8080808,32
GPU,NCU,PolyBenchGPU,PolyBenchGPU,3DCONV/flag_O1,convolution3D_kernel,,NsightComputeProfilers,,3987817796.6101694,32,15058.0,1,1,2140.0,1,1,47364.0,566737288.1355932,32
GPU,NCU,PolyBenchGPU,PolyBenchGPU,3DCONV/flag_O1,convolution3D_kernel,,NsightComputeProfilers,,4799107142.857142,32,15050.0,1,1,2044.0,1,1,47558.0,651785714.2857143,32
GPU,NCU,PolyBenchGPU,PolyBenchGPU,3DCONV/flag_O1,convolution3D_kernel,,NsightComputeProfilers,,4847293814.43299,32,15046.0,1,1,2038.0,1,1,47362.0,656572164.9484537,32
GPU,NCU,PolyBenchGPU,PolyBenchGPU,3DCONV/flag_O1,convolution3D_kernel,,NsightComputeProfilers,,4748106060.606061,32,15042.0,1,1,2038.0,1,1,47426.0,643308080.8080808,32
GPU,NCU,PolyBenchGPU,PolyBenchGPU,3DCONV/flag_O1,convolution3D_kernel,,NsightComputeProfilers,,5118546195.652174,32,15069.0,1,1,2038.0,1,1,47396.0,692255434.7826086,32
GPU,NCU,PolyBenchGPU,PolyBenchGPU,3DCONV/flag_O1,convolution3D_kernel,,NsightComputeProfilers,,5112432065.217391,32,15051.0,1,1,2038.0,1,1,47363.0,692255434.7826086,32
GPU,NCU,PolyBenchGPU,PolyBenchGPU,3DCONV/flag_O1,convolution3D_kernel,,NsightComputeProfilers,,5112771739.130435,32,15052.0,1,1,2038.0,1,1,47461.0,692255434.7826086,32
GPU,NCU,PolyBenchGPU,PolyBenchGPU,3DCONV/flag_O1,convolution3D_kernel,,NsightComputeProfilers,,4736875000.0,32,15158.0,1,1,2049.0,1,1,47481.0,640312500.0,32
GPU,NCU,PolyBenchGPU,PolyBenchGPU,3DCONV/flag_O1,convolution3D_kernel,,NsightComputeProfilers,,5120244565.217391,32,15074.0,1,1,2042.0,1,1,47362.0,693614130.4347826,32
GPU,NCU,PolyBenchGPU,PolyBenchGPU,3DCONV/flag_O1,convolution3D_kernel,,NsightComputeProfilers,,4536658653.846153,32,15098.0,1,1,2220.0,1,1,47477.0,667067307.6923077,32
GPU,NCU,PolyBenchGPU,PolyBenchGPU,3DCONV/flag_O1,convolution3D_kernel,,NsightComputeProfilers,,4311353211.009174,32,15038.0,1,1,2038.0,1,1,47412.0,584288990.8256881,32
GPU,NCU,PolyBenchGPU,PolyBenchGPU,3DCONV/flag_O1,convolution3D_kernel,,NsightComputeProfilers,,4846005154.639175,32,15042.0,1,1,2040.0,1,1,47756.0,657216494.8453609,32
GPU,NCU,PolyBenchGPU,PolyBenchGPU,3DCONV/flag_O1,convolution3D_kernel,,NsightComputeProfilers,,5169986263.736264,32,15055.0,1,1,2042.0,1,1,47379.0,701236263.7362638,32
GPU,NCU,PolyBenchGPU,PolyBenchGPU,3DCONV/flag_O1,convolution3D_kernel,,NsightComputeProfilers,,4748106060.606061,32,15042.0,1,1,2038.0,1,1,47364.0,643308080.8080808,32
GPU,NCU,PolyBenchGPU,PolyBenchGPU,3DCONV/flag_O1,convolution3D_kernel,,NsightComputeProfilers,,4796237244.897959,32,15041.0,1,1,2038.0,1,1,47410.0,649872448.9795918,32
GPU,NCU,PolyBenchGPU,PolyBenchGPU,3DCONV/flag_O1,convolution3D_kernel,,NsightComputeProfilers,,3884039256.1983466,32,15039.0,1,1,2038.0,1,1,47434.0,526342975.2066115,32
GPU,NCU,PolyBenchGPU,PolyBenchGPU,3DCONV/flag_O1,convolution3D_kernel,,NsightComputeProfilers,,5055107526.881721,32,15044.0,1,1,2043.0,1,1,47443.0,686491935.483871,32
GPU,NCU,PolyBenchGPU,PolyBenchGPU,3DCONV/flag_O1,convolution3D_kernel,,NsightComputeProfilers,,4396612149.53271,32,15054.0,1,1,2216.0,1,1,47364.0,647196261.682243,32
GPU,NCU,PolyBenchGPU,PolyBenchGPU,3DCONV/flag_O1,convolution3D_kernel,,NsightComputeProfilers,,5065524193.548388,32,15075.0,1,1,2038.0,1,1,47426.0,684811827.9569893,32
GPU,NCU,PolyBenchGPU,PolyBenchGPU,3DCONV/flag_O1,convolution3D_kernel,,NsightComputeProfilers,,4601031553.398059,32,15165.0,1,1,2038.0,1,1,47463.0,618325242.7184466,32
GPU,NCU,PolyBenchGPU,PolyBenchGPU,3DCONV/flag_O1,convolution3D_kernel,,NsightComputeProfilers,,4948684210.526316,32,15044.0,1,1,2038.0,1,1,47379.0,670394736.8421053,32
GPU,NCU,PolyBenchGPU,PolyBenchGPU,3DCONV/flag_O1,convolution3D_kernel,,NsightComputeProfilers,,5123980978.260869,32,15085.0,1,1,2038.0,1,1,47362.0,692255434.7826086,32
GPU,NCU,PolyBenchGPU,PolyBenchGPU,3DCONV/flag_O1,convolution3D_kernel,,NsightComputeProfilers,,4952302631.578947,32,15055.0,1,1,2038.0,1,1,47571.0,670394736.8421053,32
GPU,NCU,PolyBenchGPU,PolyBenchGPU,3DCONV/flag_O1,convolution3D_kernel,,NsightComputeProfilers,,4845682989.6907215,32,15041.0,1,1,2054.0,1,1,47506.0,661726804.1237113,32
GPU,NCU,PolyBenchGPU,PolyBenchGPU,3DCONV/flag_O1,convolution3D_kernel,,NsightComputeProfilers,,4896809895.833333,32,15043.0,1,1,2038.0,1,1,47362.0,663411458.3333334,32
GPU,NCU,PolyBenchGPU,PolyBenchGPU,3DCONV/flag_O1,convolution3D_kernel,,NsightComputeProfilers,,4801020408.163265,32,15056.0,1,1,2038.0,1,1,47571.0,649872448.9795918,32
GPU,NCU,PolyBenchGPU,PolyBenchGPU,3DCONV/flag_O1,convolution3D_kernel,,NsightComputeProfilers,,4897135416.666667,32,15044.0,1,1,2215.0,1,1,47363.0,721028645.8333334,32
GPU,NCU,PolyBenchGPU,PolyBenchGPU,3DCONV/flag_O1,convolution3D_kernel,,NsightComputeProfilers,,4706250000.0,32,15060.0,1,1,2038.0,1,1,47465.0,636875000.0,32
GPU,NCU,PolyBenchGPU,PolyBenchGPU,3DCONV/flag_O1,convolution3D_kernel,,NsightComputeProfilers,,4622855392.156863,32,15089.0,1,1,2038.0,1,1,47364.0,624387254.9019607,32
GPU,NCU,PolyBenchGPU,PolyBenchGPU,3DCONV/flag_O1,convolution3D_kernel,,NsightComputeProfilers,,4053071120.689655,32,15045.0,1,1,2038.0,1,1,47363.0,549030172.4137931,32
GPU,NCU,PolyBenchGPU,PolyBenchGPU,3DCONV/flag_O1,convolution3D_kernel,,NsightComputeProfilers,,4811862244.897959,32,15090.0,1,1,2040.0,1,1,47458.0,650510204.0816326,32
GPU,NCU,PolyBenchGPU,PolyBenchGPU,3DCONV/flag_O1,convolution3D_kernel,,NsightComputeProfilers,,5108355978.260869,32,15039.0,1,1,2038.0,1,1,47522.0,692255434.7826086,32
GPU,NCU,PolyBenchGPU,PolyBenchGPU,3DCONV/flag_O2,convolution3D_kernel,,NsightComputeProfilers,,5053091397.8494625,32,15038.0,1,1,2041.0,1,1,47479.0,685819892.4731183,32
GPU,NCU,PolyBenchGPU,PolyBenchGPU,3DCONV/flag_O2,convolution3D_kernel,,NsightComputeProfilers,,5164491758.241758,32,15039.0,1,1,2043.0,1,1,47377.0,701579670.3296704,32
GPU,NCU,PolyBenchGPU,PolyBenchGPU,3DCONV/flag_O2,convolution3D_kernel,,NsightComputeProfilers,,5149796195.652174,32,15161.0,1,1,2041.0,1,1,47372.0,693274456.5217391,32
GPU,NCU,PolyBenchGPU,PolyBenchGPU,3DCONV/flag_O2,convolution3D_kernel,,NsightComputeProfilers,,4873389175.257732,32,15127.0,1,1,2042.0,1,1,47436.0,657860824.7422681,32
GPU,NCU,PolyBenchGPU,PolyBenchGPU,3DCONV/flag_O2,convolution3D_kernel,,NsightComputeProfilers,,4429614485.981308,32,15167.0,1,1,2044.0,1,1,47369.0,596962616.8224299,32
GPU,NCU,PolyBenchGPU,PolyBenchGPU,3DCONV/flag_O2,convolution3D_kernel,,NsightComputeProfilers,,4797193877.551021,32,15044.0,1,1,2038.0,1,1,47415.0,649872448.9795918,32
GPU,NCU,PolyBenchGPU,PolyBenchGPU,3DCONV/flag_O2,convolution3D_kernel,,NsightComputeProfilers,,4350115740.740741,32,15034.0,1,1,2041.0,1,1,47680.0,590567129.6296296,32
GPU,NCU,PolyBenchGPU,PolyBenchGPU,3DCONV/flag_O2,convolution3D_kernel,,NsightComputeProfilers,,4844072164.948454,32,15036.0,1,1,2095.0,1,1,47376.0,674935567.0103093,32
GPU,NCU,PolyBenchGPU,PolyBenchGPU,3DCONV/flag_O2,convolution3D_kernel,,NsightComputeProfilers,,4295454545.454545,32,15120.0,1,1,2038.0,1,1,47386.0,578977272.7272727,32
GPU,NCU,PolyBenchGPU,PolyBenchGPU,3DCONV/flag_O2,convolution3D_kernel,,NsightComputeProfilers,,5056451612.903226,32,15048.0,1,1,2038.0,1,1,47394.0,684811827.9569893,32
GPU,NCU,PolyBenchGPU,PolyBenchGPU,3DCONV/flag_O2,convolution3D_kernel,,NsightComputeProfilers,,5152513586.956522,32,15169.0,1,1,2044.0,1,1,47371.0,694293478.2608695,32
GPU,NCU,PolyBenchGPU,PolyBenchGPU,3DCONV/flag_O2,convolution3D_kernel,,NsightComputeProfilers,,4846005154.639175,32,15042.0,1,1,2042.0,1,1,47365.0,657860824.7422681,32
GPU,NCU,PolyBenchGPU,PolyBenchGPU,3DCONV/flag_O2,convolution3D_kernel,,NsightComputeProfilers,,4352141203.703704,32,15041.0,1,1,2038.0,1,1,47380.0,589699074.074074,32
GPU,NCU,PolyBenchGPU,PolyBenchGPU,3DCONV/flag_O2,convolution3D_kernel,,NsightComputeProfilers,,4434846698.113208,32,15043.0,1,1,2038.0,1,1,47622.0,600825471.6981132,32
GPU,NCU,PolyBenchGPU,PolyBenchGPU,3DCONV/flag_O2,convolution3D_kernel,,NsightComputeProfilers,,5213194444.444445,32,15014.0,1,1,2038.0,1,1,47374.0,707638888.888889,32
GPU,NCU,PolyBenchGPU,PolyBenchGPU,3DCONV/flag_O2,convolution3D_kernel,,NsightComputeProfilers,,4904947916.666667,32,15068.0,1,1,2043.0,1,1,47844.0,665039062.5,32
GPU,NCU,PolyBenchGPU,PolyBenchGPU,3DCONV/flag_O2,convolution3D_kernel,,NsightComputeProfilers,,4708125000.0,32,15066.0,1,1,2038.0,1,1,47363.0,636875000.0,32
GPU,NCU,PolyBenchGPU,PolyBenchGPU,3DCONV/flag_O2,convolution3D_kernel,,NsightComputeProfilers,,5222222222.222222,32,15040.0,1,1,2038.0,1,1,47387.0,707638888.888889,32
GPU,NCU,PolyBenchGPU,PolyBenchGPU,3DCONV/flag_O2,convolution3D_kernel,,NsightComputeProfilers,,5166552197.802198,32,15045.0,1,1,2038.0,1,1,47958.0,699862637.3626374,32
GPU,NCU,PolyBenchGPU,PolyBenchGPU,3DCONV/flag_O2,convolution3D_kernel,,NsightComputeProfilers,,5108016304.347826,32,15038.0,1,1,2216.0,1,1,47362.0,752717391.3043478,32
GPU,NCU,PolyBenchGPU,PolyBenchGPU,3DCONV/flag_O2,convolution3D_kernel,,NsightComputeProfilers,,4909375000.0,32,15710.0,1,1,2038.0,1,1,47461.0,636875000.0,32
GPU,NCU,PolyBenchGPU,PolyBenchGPU,3DCONV/flag_O2,convolution3D_kernel,,NsightComputeProfilers,,4314506880.733945,32,15049.0,1,1,2038.0,1,1,47450.0,584288990.8256881,32
GPU,NCU,PolyBenchGPU,PolyBenchGPU,3DCONV/flag_O2,convolution3D_kernel,,NsightComputeProfilers,,5150475543.478261,32,15163.0,1,1,2038.0,1,1,47375.0,692255434.7826086,32
GPU,NCU,PolyBenchGPU,PolyBenchGPU,3DCONV/flag_O2,convolution3D_kernel,,NsightComputeProfilers,,5151154891.304348,32,15165.0,1,1,2128.0,1,1,47363.0,722826086.9565217,32
GPU,NCU,PolyBenchGPU,PolyBenchGPU,3DCONV/flag_O2,convolution3D_kernel,,NsightComputeProfilers,,4893554687.5,32,15033.0,1,1,2135.0,1,1,47443.0,694986979.1666666,32
GPU,NCU,PolyBenchGPU,PolyBenchGPU,3DCONV/flag_O2,convolution3D_kernel,,NsightComputeProfilers,,4325401376.14679,32,15087.0,1,1,2038.0,1,1,47374.0,584288990.8256881,32
GPU,NCU,PolyBenchGPU,PolyBenchGPU,3DCONV/flag_O2,convolution3D_kernel,,NsightComputeProfilers,,4895182291.666667,32,15038.0,1,1,2038.0,1,1,47469.0,663411458.3333334,32
GPU,NCU,PolyBenchGPU,PolyBenchGPU,3DCONV/flag_O2,convolution3D_kernel,,NsightComputeProfilers,,4432193396.226416,32,15034.0,1,1,2129.0,1,1,47598.0,627653301.8867924,32
GPU,NCU,PolyBenchGPU,PolyBenchGPU,3DCONV/flag_O2,convolution3D_kernel,,NsightComputeProfilers,,5165178571.428572,32,15041.0,1,1,2038.0,1,1,47466.0,699862637.3626374,32
GPU,NCU,PolyBenchGPU,PolyBenchGPU,3DCONV/flag_O2,convolution3D_kernel,,NsightComputeProfilers,,4856958762.886599,32,15076.0,1,1,2038.0,1,1,47453.0,656572164.9484537,32
GPU,NCU,PolyBenchGPU,PolyBenchGPU,3DCONV/flag_O2,convolution3D_kernel,,NsightComputeProfilers,,4473214285.714286,32,15030.0,1,1,2042.0,1,1,47538.0,607738095.2380953,32
GPU,NCU,PolyBenchGPU,PolyBenchGPU,3DCONV/flag_O2,convolution3D_kernel,,NsightComputeProfilers,,5057795698.924731,32,15052.0,1,1,2038.0,1,1,47685.0,684811827.9569893,32
GPU,NCU,PolyBenchGPU,PolyBenchGPU,3DCONV/flag_O2,convolution3D_kernel,,NsightComputeProfilers,,4846005154.639175,32,15042.0,1,1,2042.0,1,1,47508.0,657860824.7422681,32
GPU,NCU,PolyBenchGPU,PolyBenchGPU,3DCONV/flag_O2,convolution3D_kernel,,NsightComputeProfilers,,5057123655.913979,32,15050.0,1,1,2119.0,1,1,47841.0,712029569.8924731,32
GPU,NCU,PolyBenchGPU,PolyBenchGPU,3DCONV/flag_O2,convolution3D_kernel,,NsightComputeProfilers,,5267013888.888889,32,15169.0,1,1,2043.0,1,1,47535.0,709375000.0,32
GPU,NCU,PolyBenchGPU,PolyBenchGPU,3DCONV/flag_O2,convolution3D_kernel,,NsightComputeProfilers,,5073453608.247423,32,15748.0,1,1,2214.0,1,1,47699.0,713273195.8762887,32
GPU,NCU,PolyBenchGPU,PolyBenchGPU,3DCONV/flag_O2,convolution3D_kernel,,NsightComputeProfilers,,5163461538.461538,32,15036.0,1,1,2038.0,1,1,47417.0,699862637.3626374,32
GPU,NCU,PolyBenchGPU,PolyBenchGPU,3DCONV/flag_O2,convolution3D_kernel,,NsightComputeProfilers,,4351851851.851851,32,15040.0,1,1,2044.0,1,1,47505.0,591435185.1851852,32
GPU,NCU,PolyBenchGPU,PolyBenchGPU,3DCONV/flag_O2,convolution3D_kernel,,NsightComputeProfilers,,5221875000.0,32,15039.0,1,1,2046.0,1,1,47363.0,710416666.6666666,32
GPU,NCU,PolyBenchGPU,PolyBenchGPU,3DCONV/flag_O2,convolution3D_kernel,,NsightComputeProfilers,,5163461538.461538,32,15036.0,1,1,2042.0,1,1,47413.0,701236263.7362638,32
GPU,NCU,PolyBenchGPU,PolyBenchGPU,3DCONV/flag_O2,convolution3D_kernel,,NsightComputeProfilers,,4843427835.051547,32,15034.0,1,1,2144.0,1,1,47566.0,690721649.4845362,32
GPU,NCU,PolyBenchGPU,PolyBenchGPU,3DCONV/flag_O2,convolution3D_kernel,,NsightComputeProfilers,,4998670212.765958,32,15036.0,1,1,2044.0,1,1,47450.0,679521276.5957447,32
GPU,NCU,PolyBenchGPU,PolyBenchGPU,3DCONV/flag_O2,convolution3D_kernel,,NsightComputeProfilers,,5110054347.826087,32,15044.0,1,1,2038.0,1,1,47442.0,692255434.7826086,32
GPU,NCU,PolyBenchGPU,PolyBenchGPU,3DCONV/flag_O2,convolution3D_kernel,,NsightComputeProfilers,,4748737373.737373,32,15044.0,1,1,2038.0,1,1,47549.0,643308080.8080808,32
GPU,NCU,PolyBenchGPU,PolyBenchGPU,3DCONV/flag_O2,convolution3D_kernel,,NsightComputeProfilers,,4946710526.315789,32,15038.0,1,1,2120.0,1,1,47364.0,697368421.0526315,32
GPU,NCU,PolyBenchGPU,PolyBenchGPU,3DCONV/flag_O2,convolution3D_kernel,,NsightComputeProfilers,,5164491758.241758,32,15039.0,1,1,2045.0,1,1,47381.0,702266483.5164835,32
GPU,NCU,PolyBenchGPU,PolyBenchGPU,3DCONV/flag_O2,convolution3D_kernel,,NsightComputeProfilers,,4396904205.607476,32,15055.0,1,1,2038.0,1,1,47410.0,595210280.3738317,32
GPU,NCU,PolyBenchGPU,PolyBenchGPU,3DCONV/flag_O2,convolution3D_kernel,,NsightComputeProfilers,,5163118131.868133,32,15035.0,1,1,2043.0,1,1,47551.0,701579670.3296704,32
GPU,NCU,PolyBenchGPU,PolyBenchGPU,3DCONV/flag_O2,convolution3D_kernel,,NsightComputeProfilers,,4896158854.166667,32,15041.0,1,1,2040.0,1,1,47423.0,664062500.0,32
GPU,NCU,PolyBenchGPU,PolyBenchGPU,3DCONV/flag_O2,convolution3D_kernel,,NsightComputeProfilers,,4757260101.010101,32,15071.0,1,1,2043.0,1,1,52372.0,644886363.6363636,32
GPU,NCU,PolyBenchGPU,PolyBenchGPU,3DCONV/flag_O2,convolution3D_kernel,,NsightComputeProfilers,,4793686224.489796,32,15033.0,1,1,2041.0,1,1,47367.0,650829081.632653,32
GPU,NCU,PolyBenchGPU,PolyBenchGPU,3DCONV/flag_O2,convolution3D_kernel,,NsightComputeProfilers,,4322727272.727272,32,15216.0,1,1,2129.0,1,1,47389.0,604829545.4545454,32
GPU,NCU,PolyBenchGPU,PolyBenchGPU,3DCONV/flag_O2,convolution3D_kernel,,NsightComputeProfilers,,5109714673.913043,32,15043.0,1,1,2114.0,1,1,47368.0,718070652.173913,32
GPU,NCU,PolyBenchGPU,PolyBenchGPU,3DCONV/flag_O2,convolution3D_kernel,,NsightComputeProfilers,,4747474747.474748,32,15040.0,1,1,2038.0,1,1,47477.0,643308080.8080808,32
GPU,NCU,PolyBenchGPU,PolyBenchGPU,3DCONV/flag_O2,convolution3D_kernel,,NsightComputeProfilers,,4892252604.166667,32,15029.0,1,1,2046.0,1,1,47814.0,666015625.0,32
GPU,NCU,PolyBenchGPU,PolyBenchGPU,3DCONV/flag_O2,convolution3D_kernel,,NsightComputeProfilers,,4512797619.047619,32,15163.0,1,1,2215.0,1,1,47465.0,659226190.4761904,32
GPU,NCU,PolyBenchGPU,PolyBenchGPU,3DCONV/flag_O2,convolution3D_kernel,,NsightComputeProfilers,,4846005154.639175,32,15042.0,1,1,2038.0,1,1,47373.0,656572164.9484537,32
GPU,NCU,PolyBenchGPU,PolyBenchGPU,3DCONV/flag_O2,convolution3D_kernel,,NsightComputeProfilers,,5225694444.444445,32,15050.0,1,1,2038.0,1,1,47366.0,707638888.888889,32
GPU,NCU,PolyBenchGPU,PolyBenchGPU,3DCONV/flag_O2,convolution3D_kernel,,NsightComputeProfilers,,5195741758.241758,32,15130.0,1,1,2119.0,1,1,47362.0,727678571.4285715,32
GPU,NCU,PolyBenchGPU,PolyBenchGPU,3DCONV/flag_O2,convolution3D_kernel,,NsightComputeProfilers,,4577063106.796117,32,15086.0,1,1,2038.0,1,1,47572.0,618325242.7184466,32
GPU,NCU,PolyBenchGPU,PolyBenchGPU,3DCONV/flag_O2,convolution3D_kernel,,NsightComputeProfilers,,5222222222.222222,32,15040.0,1,1,2215.0,1,1,47363.0,769097222.2222222,32
GPU,NCU,PolyBenchGPU,PolyBenchGPU,3DCONV/flag_O2,convolution3D_kernel,,NsightComputeProfilers,,3916145833.3333335,32,15038.0,1,1,2112.0,1,1,47555.0,550000000.0,32
GPU,NCU,PolyBenchGPU,PolyBenchGPU,3DCONV/flag_O2,convolution3D_kernel,,NsightComputeProfilers,,4478273809.523809,32,15047.0,1,1,2038.0,1,1,47369.0,606547619.047619,32
GPU,NCU,PolyBenchGPU,PolyBenchGPU,3DCONV/flag_O2,convolution3D_kernel,,NsightComputeProfilers,,5210164835.164836,32,15172.0,1,1,2107.0,1,1,50496.0,723557692.3076924,32
GPU,NCU,PolyBenchGPU,PolyBenchGPU,3DCONV/flag_O2,convolution3D_kernel,,NsightComputeProfilers,,4313073394.495413,32,15044.0,1,1,2038.0,1,1,47468.0,584288990.8256881,32
GPU,NCU,PolyBenchGPU,PolyBenchGPU,3DCONV/flag_O2,convolution3D_kernel,,NsightComputeProfilers,,4794961734.693877,32,15037.0,1,1,2128.0,1,1,47444.0,678571428.5714285,32
GPU,NCU,PolyBenchGPU,PolyBenchGPU,3DCONV/flag_O2,convolution3D_kernel,,NsightComputeProfilers,,4843750000.0,32,15035.0,1,1,2044.0,1,1,47385.0,658505154.6391753,32
GPU,NCU,PolyBenchGPU,PolyBenchGPU,3DCONV/flag_O2,convolution3D_kernel,,NsightComputeProfilers,,5107336956.521739,32,15036.0,1,1,2039.0,1,1,47370.0,692595108.6956521,32
GPU,NCU,PolyBenchGPU,PolyBenchGPU,3DCONV/flag_O2,convolution3D_kernel,,NsightComputeProfilers,,4887886597.938145,32,15172.0,1,1,2216.0,1,1,47474.0,713917525.7731959,32
GPU,NCU,PolyBenchGPU,PolyBenchGPU,3DCONV/flag_O2,convolution3D_kernel,,NsightComputeProfilers,,4567961165.048544,32,15056.0,1,1,2041.0,1,1,47878.0,619235436.8932039,32
GPU,NCU,PolyBenchGPU,PolyBenchGPU,3DCONV/flag_O2,convolution3D_kernel,,NsightComputeProfilers,,4859536082.474227,32,15084.0,1,1,2215.0,1,1,47363.0,713595360.8247423,32
GPU,NCU,PolyBenchGPU,PolyBenchGPU,3DCONV/flag_O2,convolution3D_kernel,,NsightComputeProfilers,,5110394021.73913,32,15045.0,1,1,2038.0,1,1,47362.0,692255434.7826086,32
GPU,NCU,PolyBenchGPU,PolyBenchGPU,3DCONV/flag_O2,convolution3D_kernel,,NsightComputeProfilers,,5233680555.555555,32,15073.0,1,1,2214.0,1,1,47531.0,768750000.0,32
GPU,NCU,PolyBenchGPU,PolyBenchGPU,3DCONV/flag_O2,convolution3D_kernel,,NsightComputeProfilers,,5189217032.967033,32,15111.0,1,1,2049.0,1,1,47437.0,703640109.8901099,32
GPU,NCU,PolyBenchGPU,PolyBenchGPU,3DCONV/flag_O2,convolution3D_kernel,,NsightComputeProfilers,,4844072164.948454,32,15036.0,1,1,2044.0,1,1,47362.0,658505154.6391753,32
GPU,NCU,PolyBenchGPU,PolyBenchGPU,3DCONV/flag_O2,convolution3D_kernel,,NsightComputeProfilers,,5169642857.142858,32,15054.0,1,1,2074.0,1,1,47364.0,712225274.7252748,32
GPU,NCU,PolyBenchGPU,PolyBenchGPU,3DCONV/flag_O2,convolution3D_kernel,,NsightComputeProfilers,,4813775510.204082,32,15096.0,1,1,2041.0,1,1,47508.0,650829081.632653,32
GPU,NCU,PolyBenchGPU,PolyBenchGPU,3DCONV/flag_O2,convolution3D_kernel,,NsightComputeProfilers,,4945065789.473684,32,15033.0,1,1,2102.0,1,1,47659.0,691447368.4210526,32
GPU,NCU,PolyBenchGPU,PolyBenchGPU,3DCONV/flag_O2,convolution3D_kernel,,NsightComputeProfilers,,4847938144.329897,32,15048.0,1,1,3340.0,1,1,47376.0,1076030927.8350515,32
GPU,NCU,PolyBenchGPU,PolyBenchGPU,3DCONV/flag_O2,convolution3D_kernel,,NsightComputeProfilers,,5221180555.555555,32,15037.0,1,1,2042.0,1,1,47362.0,709027777.7777778,32
GPU,NCU,PolyBenchGPU,PolyBenchGPU,3DCONV/flag_O2,convolution3D_kernel,,NsightComputeProfilers,,5106997282.608695,32,15035.0,1,1,2216.0,1,1,47474.0,752717391.3043478,32
GPU,NCU,PolyBenchGPU,PolyBenchGPU,3DCONV/flag_O2,convolution3D_kernel,,NsightComputeProfilers,,4701250000.0,32,15044.0,1,1,2039.0,1,1,47407.0,637187500.0,32
GPU,NCU,PolyBenchGPU,PolyBenchGPU,3DCONV/flag_O2,convolution3D_kernel,,NsightComputeProfilers,,4948026315.789474,32,15042.0,1,1,3311.0,1,1,47450.0,1089144736.8421052,32
GPU,NCU,PolyBenchGPU,PolyBenchGPU,3DCONV/flag_O2,convolution3D_kernel,,NsightComputeProfilers,,5172046703.296703,32,15061.0,1,1,2042.0,1,1,47531.0,701236263.7362638,32
GPU,NCU,PolyBenchGPU,PolyBenchGPU,3DCONV/flag_O2,convolution3D_kernel,,NsightComputeProfilers,,4608455882.3529415,32,15042.0,1,1,2038.0,1,1,47397.0,624387254.9019607,32
GPU,NCU,PolyBenchGPU,PolyBenchGPU,3DCONV/flag_O2,convolution3D_kernel,,NsightComputeProfilers,,4609987745.09804,32,15047.0,1,1,2047.0,1,1,47482.0,627144607.8431373,32
GPU,NCU,PolyBenchGPU,PolyBenchGPU,3DCONV/flag_O2,convolution3D_kernel,,NsightComputeProfilers,,4849548969.0721655,32,15053.0,1,1,2038.0,1,1,47471.0,656572164.9484537,32
GPU,NCU,PolyBenchGPU,PolyBenchGPU,3DCONV/flag_O2,convolution3D_kernel,,NsightComputeProfilers,,4766098484.848485,32,15099.0,1,1,2114.0,1,1,47569.0,667297979.7979798,32
GPU,NCU,PolyBenchGPU,PolyBenchGPU,3DCONV/flag_O2,convolution3D_kernel,,NsightComputeProfilers,,4835140306.122449,32,15163.0,1,1,2038.0,1,1,47364.0,649872448.9795918,32
GPU,NCU,PolyBenchGPU,PolyBenchGPU,3DCONV/flag_O2,convolution3D_kernel,,NsightComputeProfilers,,4399824766.35514,32,15065.0,1,1,2116.0,1,1,47605.0,617990654.2056074,32
GPU,NCU,PolyBenchGPU,PolyBenchGPU,3DCONV/flag_O2,convolution3D_kernel,,NsightComputeProfilers,,4650990099.009901,32,15032.0,1,1,2042.0,1,1,47443.0,631806930.6930693,32
GPU,NCU,PolyBenchGPU,PolyBenchGPU,3DCONV/flag_O2,convolution3D_kernel,,NsightComputeProfilers,,5163118131.868133,32,15035.0,1,1,2074.0,1,1,47376.0,712225274.7252748,32
GPU,NCU,PolyBenchGPU,PolyBenchGPU,3DCONV/flag_O2,convolution3D_kernel,,NsightComputeProfilers,,5478472222.222222,32,15778.0,1,1,2214.0,1,1,47426.0,768750000.0,32
GPU,NCU,PolyBenchGPU,PolyBenchGPU,3DCONV/flag_O2,convolution3D_kernel,,NsightComputeProfilers,,5227430555.555555,32,15055.0,1,1,2038.0,1,1,47477.0,707638888.888889,32
GPU,NCU,PolyBenchGPU,PolyBenchGPU,3DCONV/flag_O2,convolution3D_kernel,,NsightComputeProfilers,,5110733695.652174,32,15046.0,1,1,2038.0,1,1,47386.0,692255434.7826086,32
GPU,NCU,PolyBenchGPU,PolyBenchGPU,3DCONV/flag_O2,convolution3D_kernel,,NsightComputeProfilers,,4845682989.6907215,32,15041.0,1,1,2038.0,1,1,47385.0,656572164.9484537,32
GPU,NCU,PolyBenchGPU,PolyBenchGPU,3DCONV/flag_O2,convolution3D_kernel,,NsightComputeProfilers,,4608149509.803922,32,15041.0,1,1,2038.0,1,1,47386.0,624387254.9019607,32
GPU,NCU,PolyBenchGPU,PolyBenchGPU,3DCONV/flag_O2,convolution3D_kernel,,NsightComputeProfilers,,5116847826.086956,32,15064.0,1,1,2041.0,1,1,47378.0,693274456.5217391,32
GPU,NCU,PolyBenchGPU,PolyBenchGPU,3DCONV/flag_O2,convolution3D_kernel,,NsightComputeProfilers,,4946381578.947369,32,15037.0,1,1,2092.0,1,1,47364.0,688157894.736842,32
GPU,NCU,PolyBenchGPU,PolyBenchGPU,3DCONV/flag_O2,convolution3D_kernel,,NsightComputeProfilers,,5001662234.042554,32,15045.0,1,1,2045.0,1,1,47379.0,679853723.4042554,32
GPU,NCU,PolyBenchGPU,PolyBenchGPU,3DCONV/flag_O3,convolution3D_kernel,,NsightComputeProfilers,,4845360824.742269,32,15040.0,1,1,2045.0,1,1,47466.0,658827319.5876288,32
GPU,NCU,PolyBenchGPU,PolyBenchGPU,3DCONV/flag_O3,convolution3D_kernel,,NsightComputeProfilers,,5163118131.868133,32,15035.0,1,1,2072.0,1,1,47448.0,711538461.5384616,32
GPU,NCU,PolyBenchGPU,PolyBenchGPU,3DCONV/flag_O3,convolution3D_kernel,,NsightComputeProfilers,,4350983796.296296,32,15037.0,1,1,2048.0,1,1,47393.0,592592592.5925926,32
GPU,NCU,PolyBenchGPU,PolyBenchGPU,3DCONV/flag_O3,convolution3D_kernel,,NsightComputeProfilers,,5162774725.274726,32,15034.0,1,1,2043.0,1,1,47467.0,701579670.3296704,32
GPU,NCU,PolyBenchGPU,PolyBenchGPU,3DCONV/flag_O3,convolution3D_kernel,,NsightComputeProfilers,,5110394021.73913,32,15045.0,1,1,2048.0,1,1,47382.0,695652173.9130435,32
GPU,NCU,PolyBenchGPU,PolyBenchGPU,3DCONV/flag_O3,convolution3D_kernel,,NsightComputeProfilers,,4796556122.448979,32,15042.0,1,1,2119.0,1,1,47533.0,675701530.6122448,32
GPU,NCU,PolyBenchGPU,PolyBenchGPU,3DCONV/flag_O3,convolution3D_kernel,,NsightComputeProfilers,,5107676630.434782,32,15037.0,1,1,2119.0,1,1,47655.0,719769021.7391304,32
GPU,NCU,PolyBenchGPU,PolyBenchGPU,3DCONV/flag_O3,convolution3D_kernel,,NsightComputeProfilers,,5108355978.260869,32,15039.0,1,1,2045.0,1,1,47459.0,694633152.173913,32
GPU,NCU,PolyBenchGPU,PolyBenchGPU,3DCONV/flag_O3,convolution3D_kernel,,NsightComputeProfilers,,5166552197.802198,32,15045.0,1,1,2038.0,1,1,47433.0,699862637.3626374,32
GPU,NCU,PolyBenchGPU,PolyBenchGPU,3DCONV/flag_O3,convolution3D_kernel,,NsightComputeProfilers,,5105298913.043478,32,15030.0,1,1,2092.0,1,1,47448.0,710597826.0869565,32
GPU,NCU,PolyBenchGPU,PolyBenchGPU,3DCONV/flag_O3,convolution3D_kernel,,NsightComputeProfilers,,4896484375.0,32,15042.0,1,1,2092.0,1,1,47365.0,680989583.3333334,32
GPU,NCU,PolyBenchGPU,PolyBenchGPU,3DCONV/flag_O3,convolution3D_kernel,,NsightComputeProfilers,,4798150510.204082,32,15047.0,1,1,2043.0,1,1,47635.0,651466836.7346939,32
GPU,NCU,PolyBenchGPU,PolyBenchGPU,3DCONV/flag_O3,convolution3D_kernel,,NsightComputeProfilers,,4564016990.291263,32,15043.0,1,1,2049.0,1,1,47369.0,621662621.3592234,32
GPU,NCU,PolyBenchGPU,PolyBenchGPU,3DCONV/flag_O3,convolution3D_kernel,,NsightComputeProfilers,,5165521978.021978,32,15042.0,1,1,2048.0,1,1,47377.0,703296703.2967033,32
GPU,NCU,PolyBenchGPU,PolyBenchGPU,3DCONV/flag_O3,convolution3D_kernel,,NsightComputeProfilers,,5173076923.076923,32,15064.0,1,1,2136.0,1,1,47377.0,733516483.5164835,32
GPU,NCU,PolyBenchGPU,PolyBenchGPU,3DCONV/flag_O3,convolution3D_kernel,,NsightComputeProfilers,,5167582417.5824175,32,15048.0,1,1,2038.0,1,1,47365.0,699862637.3626374,32
GPU,NCU,PolyBenchGPU,PolyBenchGPU,3DCONV/flag_O3,convolution3D_kernel,,NsightComputeProfilers,,5225347222.222222,32,15049.0,1,1,2043.0,1,1,47474.0,709375000.0,32
GPU,NCU,PolyBenchGPU,PolyBenchGPU,3DCONV/flag_O3,convolution3D_kernel,,NsightComputeProfilers,,5000332446.808511,32,15041.0,1,1,2038.0,1,1,47389.0,677526595.7446809,32
GPU,NCU,PolyBenchGPU,PolyBenchGPU,3DCONV/flag_O3,convolution3D_kernel,,NsightComputeProfilers,,4796237244.897959,32,15041.0,1,1,2038.0,1,1,47409.0,649872448.9795918,32
GPU,NCU,PolyBenchGPU,PolyBenchGPU,3DCONV/flag_O3,convolution3D_kernel,,NsightComputeProfilers,,4796556122.448979,32,15042.0,1,1,2038.0,1,1,50205.0,649872448.9795918,32
GPU,NCU,PolyBenchGPU,PolyBenchGPU,3DCONV/flag_O3,convolution3D_kernel,,NsightComputeProfilers,,4518930288.461538,32,15039.0,1,1,2135.0,1,1,47381.0,641526442.3076923,32
GPU,NCU,PolyBenchGPU,PolyBenchGPU,3DCONV/flag_O3,convolution3D_kernel,,NsightComputeProfilers,,5171703296.703297,32,15060.0,1,1,2089.0,1,1,47378.0,717376373.6263736,32
GPU,NCU,PolyBenchGPU,PolyBenchGPU,3DCONV/flag_O3,convolution3D_kernel,,NsightComputeProfilers,,4842139175.257732,32,15030.0,1,1,2115.0,1,1,47523.0,681378865.9793814,32
GPU,NCU,PolyBenchGPU,PolyBenchGPU,3DCONV/flag_O3,convolution3D_kernel,,NsightComputeProfilers,,5166895604.395605,32,15046.0,1,1,2043.0,1,1,47363.0,701579670.3296704,32
GPU,NCU,PolyBenchGPU,PolyBenchGPU,3DCONV/flag_O3,convolution3D_kernel,,NsightComputeProfilers,,4569781553.398059,32,15062.0,1,1,2043.0,1,1,47443.0,619842233.0097088,32
GPU,NCU,PolyBenchGPU,PolyBenchGPU,3DCONV/flag_O3,convolution3D_kernel,,NsightComputeProfilers,,5173420329.67033,32,15065.0,1,1,2073.0,1,1,47383.0,711881868.1318681,32
GPU,NCU,PolyBenchGPU,PolyBenchGPU,3DCONV/flag_O3,convolution3D_kernel,,NsightComputeProfilers,,5113111413.043478,32,15053.0,1,1,2044.0,1,1,47363.0,694293478.2608695,32
GPU,NCU,PolyBenchGPU,PolyBenchGPU,3DCONV/flag_O3,convolution3D_kernel,,NsightComputeProfilers,,5162774725.274726,32,15034.0,1,1,2114.0,1,1,47512.0,725961538.4615386,32
GPU,NCU,PolyBenchGPU,PolyBenchGPU,3DCONV/flag_O3,convolution3D_kernel,,NsightComputeProfilers,,4271306818.181818,32,15035.0,1,1,2086.0,1,1,47562.0,592613636.3636364,32
GPU,NCU,PolyBenchGPU,PolyBenchGPU,3DCONV/flag_O3,convolution3D_kernel,,NsightComputeProfilers,,5072244623.655914,32,15095.0,1,1,2114.0,1,1,47469.0,710349462.3655914,32
GPU,NCU,PolyBenchGPU,PolyBenchGPU,3DCONV/flag_O3,convolution3D_kernel,,NsightComputeProfilers,,4752840909.090909,32,15057.0,1,1,2128.0,1,1,47467.0,671717171.7171717,32
GPU,NCU,PolyBenchGPU,PolyBenchGPU,3DCONV/flag_O3,convolution3D_kernel,,NsightComputeProfilers,,5109714673.913043,32,15043.0,1,1,2038.0,1,1,47484.0,692255434.7826086,32
GPU,NCU,PolyBenchGPU,PolyBenchGPU,3DCONV/flag_O3,convolution3D_kernel,,NsightComputeProfilers,,4855816831.683168,32,15694.0,1,1,2038.0,1,1,47391.0,630569306.930693,32
GPU,NCU,PolyBenchGPU,PolyBenchGPU,3DCONV/flag_O3,convolution3D_kernel,,NsightComputeProfilers,,3239224137.9310346,32,15030.0,1,1,2119.0,1,1,47377.0,456681034.48275864,32
GPU,NCU,PolyBenchGPU,PolyBenchGPU,3DCONV/flag_O3,convolution3D_kernel,,NsightComputeProfilers,,4898437500.0,32,15048.0,1,1,2038.0,1,1,47470.0,663411458.3333334,32
GPU,NCU,PolyBenchGPU,PolyBenchGPU,3DCONV/flag_O3,convolution3D_kernel,,NsightComputeProfilers,,4310779816.5137615,32,15036.0,1,1,2114.0,1,1,47479.0,606077981.6513761,32
GPU,NCU,PolyBenchGPU,PolyBenchGPU,3DCONV/flag_O3,convolution3D_kernel,,NsightComputeProfilers,,4794961734.693877,32,15037.0,1,1,2085.0,1,1,47364.0,664859693.877551,32
GPU,NCU,PolyBenchGPU,PolyBenchGPU,3DCONV/flag_O3,convolution3D_kernel,,NsightComputeProfilers,,4273579545.454545,32,15043.0,1,1,2043.0,1,1,47567.0,580397727.2727273,32
GPU,NCU,PolyBenchGPU,PolyBenchGPU,3DCONV/flag_O3,convolution3D_kernel,,NsightComputeProfilers,,5055443548.387096,32,15045.0,1,1,2216.0,1,1,47482.0,744623655.9139785,32
GPU,NCU,PolyBenchGPU,PolyBenchGPU,3DCONV/flag_O3,convolution3D_kernel,,NsightComputeProfilers,,5166895604.395605,32,15046.0,1,1,2049.0,1,1,47540.0,703640109.8901099,32
GPU,NCU,PolyBenchGPU,PolyBenchGPU,3DCONV/flag_O3,convolution3D_kernel,,NsightComputeProfilers,,5222569444.444445,32,15041.0,1,1,2114.0,1,1,47457.0,734027777.7777778,32
GPU,NCU,PolyBenchGPU,PolyBenchGPU,3DCONV/flag_O3,convolution3D_kernel,,NsightComputeProfilers,,4619450934.579439,32,15817.0,1,1,2040.0,1,1,47482.0,595794392.5233644,32
GPU,NCU,PolyBenchGPU,PolyBenchGPU,3DCONV/flag_O3,convolution3D_kernel,,NsightComputeProfilers,,4479464285.714286,32,15051.0,1,1,2136.0,1,1,47503.0,635714285.7142857,32
GPU,NCU,PolyBenchGPU,PolyBenchGPU,3DCONV/flag_O3,convolution3D_kernel,,NsightComputeProfilers,,4896484375.0,32,15042.0,1,1,2040.0,1,1,47375.0,664062500.0,32
GPU,NCU,PolyBenchGPU,PolyBenchGPU,3DCONV/flag_O3,convolution3D_kernel,,NsightComputeProfilers,,4908854166.666667,32,15080.0,1,1,2107.0,1,1,47475.0,685872395.8333334,32
GPU,NCU,PolyBenchGPU,PolyBenchGPU,3DCONV/flag_O3,convolution3D_kernel,,NsightComputeProfilers,,5055779569.892473,32,15046.0,1,1,2038.0,1,1,47381.0,684811827.9569893,32
GPU,NCU,PolyBenchGPU,PolyBenchGPU,3DCONV/flag_O3,convolution3D_kernel,,NsightComputeProfilers,,5113790760.869565,32,15055.0,1,1,2042.0,1,1,47432.0,693614130.4347826,32
GPU,NCU,PolyBenchGPU,PolyBenchGPU,3DCONV/flag_O3,convolution3D_kernel,,NsightComputeProfilers,,4846005154.639175,32,15042.0,1,1,2040.0,1,1,47496.0,657216494.8453609,32
GPU,NCU,PolyBenchGPU,PolyBenchGPU,3DCONV/flag_O3,convolution3D_kernel,,NsightComputeProfilers,,5167239010.989012,32,15047.0,1,1,2038.0,1,1,47455.0,699862637.3626374,32
GPU,NCU,PolyBenchGPU,PolyBenchGPU,3DCONV/flag_O3,convolution3D_kernel,,NsightComputeProfilers,,4798469387.755102,32,15048.0,1,1,2038.0,1,1,47554.0,649872448.9795918,32
GPU,NCU,PolyBenchGPU,PolyBenchGPU,3DCONV/flag_O3,convolution3D_kernel,,NsightComputeProfilers,,5222569444.444445,32,15041.0,1,1,2212.0,1,1,47368.0,768055555.5555556,32
GPU,NCU,PolyBenchGPU,PolyBenchGPU,3DCONV/flag_O3,convolution3D_kernel,,NsightComputeProfilers,,5001662234.042554,32,15045.0,1,1,2038.0,1,1,47365.0,677526595.7446809,32
GPU,NCU,PolyBenchGPU,PolyBenchGPU,3DCONV/flag_O3,convolution3D_kernel,,NsightComputeProfilers,,5109375000.0,32,15042.0,1,1,2047.0,1,1,47467.0,695312500.0,32
GPU,NCU,PolyBenchGPU,PolyBenchGPU,3DCONV/flag_O3,convolution3D_kernel,,NsightComputeProfilers,,4846327319.587629,32,15043.0,1,1,2121.0,1,1,50219.0,683311855.6701031,32
GPU,NCU,PolyBenchGPU,PolyBenchGPU,3DCONV/flag_O3,convolution3D_kernel,,NsightComputeProfilers,,5170329670.329671,32,15056.0,1,1,2040.0,1,1,47382.0,700549450.5494506,32
GPU,NCU,PolyBenchGPU,PolyBenchGPU,3DCONV/flag_O3,convolution3D_kernel,,NsightComputeProfilers,,4563106796.116505,32,15040.0,1,1,2042.0,1,1,47426.0,619538834.9514563,32
GPU,NCU,PolyBenchGPU,PolyBenchGPU,3DCONV/flag_O3,convolution3D_kernel,,NsightComputeProfilers,,4434551886.792453,32,15042.0,1,1,2044.0,1,1,47450.0,602594339.6226416,32
GPU,NCU,PolyBenchGPU,PolyBenchGPU,3DCONV/flag_O3,convolution3D_kernel,,NsightComputeProfilers,,4701562500.0,32,15045.0,1,1,2043.0,1,1,47419.0,638437500.0,32
GPU,NCU,PolyBenchGPU,PolyBenchGPU,3DCONV/flag_O3,convolution3D_kernel,,NsightComputeProfilers,,4896484375.0,32,15042.0,1,1,2045.0,1,1,47499.0,665690104.1666666,32
GPU,NCU,PolyBenchGPU,PolyBenchGPU,3DCONV/flag_O3,convolution3D_kernel,,NsightComputeProfilers,,4895833333.333333,32,15040.0,1,1,2125.0,1,1,47477.0,691731770.8333334,32
GPU,NCU,PolyBenchGPU,PolyBenchGPU,3DCONV/flag_O3,convolution3D_kernel,,NsightComputeProfilers,,5052755376.344086,32,15037.0,1,1,2042.0,1,1,47446.0,686155913.9784946,32
GPU,NCU,PolyBenchGPU,PolyBenchGPU,3DCONV/flag_O3,convolution3D_kernel,,NsightComputeProfilers,,4200613839.2857146,32,15055.0,1,1,2056.0,1,1,47828.0,573660714.2857143,32
GPU,NCU,PolyBenchGPU,PolyBenchGPU,3DCONV/flag_O3,convolution3D_kernel,,NsightComputeProfilers,,5167239010.989012,32,15047.0,1,1,2129.0,1,1,47419.0,731112637.3626374,32
GPU,NCU,PolyBenchGPU,PolyBenchGPU,3DCONV/flag_O3,convolution3D_kernel,,NsightComputeProfilers,,4432193396.226416,32,15034.0,1,1,2041.0,1,1,47365.0,601709905.6603774,32
GPU,NCU,PolyBenchGPU,PolyBenchGPU,3DCONV/flag_O3,convolution3D_kernel,,NsightComputeProfilers,,4848260309.278351,32,15049.0,1,1,2246.0,1,1,47392.0,723582474.2268041,32
GPU,NCU,PolyBenchGPU,PolyBenchGPU,3DCONV/flag_O3,convolution3D_kernel,,NsightComputeProfilers,,4392523364.485981,32,15040.0,1,1,2129.0,1,1,47429.0,621787383.1775701,32
GPU,NCU,PolyBenchGPU,PolyBenchGPU,3DCONV/flag_O3,convolution3D_kernel,,NsightComputeProfilers,,5126019021.73913,32,15091.0,1,1,2076.0,1,1,47377.0,705163043.4782609,32
GPU,NCU,PolyBenchGPU,PolyBenchGPU,3DCONV/flag_O3,convolution3D_kernel,,NsightComputeProfilers,,5161401098.901099,32,15030.0,1,1,2044.0,1,1,47486.0,701923076.923077,32
GPU,NCU,PolyBenchGPU,PolyBenchGPU,3DCONV/flag_O3,convolution3D_kernel,,NsightComputeProfilers,,4998337765.957447,32,15035.0,1,1,2216.0,1,1,47383.0,736702127.6595745,32
GPU,NCU,PolyBenchGPU,PolyBenchGPU,3DCONV/flag_O3,convolution3D_kernel,,NsightComputeProfilers,,4844716494.845361,32,15038.0,1,1,2114.0,1,1,47430.0,681056701.0309279,32
GPU,NCU,PolyBenchGPU,PolyBenchGPU,3DCONV/flag_O3,convolution3D_kernel,,NsightComputeProfilers,,4895833333.333333,32,15040.0,1,1,2114.0,1,1,47468.0,688151041.6666666,32
GPU,NCU,PolyBenchGPU,PolyBenchGPU,3DCONV/flag_O3,convolution3D_kernel,,NsightComputeProfilers,,4748106060.606061,32,15042.0,1,1,2040.0,1,1,47473.0,643939393.939394,32
GPU,NCU,PolyBenchGPU,PolyBenchGPU,3DCONV/flag_O3,convolution3D_kernel,,NsightComputeProfilers,,4393983644.859813,32,15045.0,1,1,2043.0,1,1,47446.0,596670560.7476635,32
GPU,NCU,PolyBenchGPU,PolyBenchGPU,3DCONV/flag_O3,convolution3D_kernel,,NsightComputeProfilers,,4838917525.773196,32,15020.0,1,1,2038.0,1,1,47373.0,656572164.9484537,32
GPU,NCU,PolyBenchGPU,PolyBenchGPU,3DCONV/flag_O3,convolution3D_kernel,,NsightComputeProfilers,,4796875000.0,32,15043.0,1,1,2083.0,1,1,47477.0,664221938.7755102,32
GPU,NCU,PolyBenchGPU,PolyBenchGPU,3DCONV/flag_O3,convolution3D_kernel,,NsightComputeProfilers,,4847615979.381444,32,15047.0,1,1,2135.0,1,1,47431.0,687822164.9484537,32
GPU,NCU,PolyBenchGPU,PolyBenchGPU,3DCONV/flag_O3,convolution3D_kernel,,NsightComputeProfilers,,5218750000.0,32,15030.0,1,1,2129.0,1,1,47383.0,739236111.1111112,32
GPU,NCU,PolyBenchGPU,PolyBenchGPU,3DCONV/flag_O3,convolution3D_kernel,,NsightComputeProfilers,,5165521978.021978,32,15042.0,1,1,2038.0,1,1,47365.0,699862637.3626374,32
GPU,NCU,PolyBenchGPU,PolyBenchGPU,3DCONV/flag_O3,convolution3D_kernel,,NsightComputeProfilers,,4841817010.3092785,32,15029.0,1,1,2119.0,1,1,47525.0,682667525.7731959,32
GPU,NCU,PolyBenchGPU,PolyBenchGPU,3DCONV/flag_O3,convolution3D_kernel,,NsightComputeProfilers,,5380095108.695652,32,15839.0,1,1,2072.0,1,1,47440.0,703804347.8260869,32
GPU,NCU,PolyBenchGPU,PolyBenchGPU,3DCONV/flag_O3,convolution3D_kernel,,NsightComputeProfilers,,5164148351.648352,32,15038.0,1,1,2128.0,1,1,47388.0,730769230.7692308,32
GPU,NCU,PolyBenchGPU,PolyBenchGPU,3DCONV/flag_O3,convolution3D_kernel,,NsightComputeProfilers,,5163804945.054945,32,15037.0,1,1,2130.0,1,1,47387.0,731456043.956044,32
GPU,NCU,PolyBenchGPU,PolyBenchGPU,3DCONV/flag_O3,convolution3D_kernel,,NsightComputeProfilers,,4437794811.320755,32,15053.0,1,1,2038.0,1,1,47475.0,600825471.6981132,32
GPU,NCU,PolyBenchGPU,PolyBenchGPU,3DCONV/flag_O3,convolution3D_kernel,,NsightComputeProfilers,,5225694444.444445,32,15050.0,1,1,2121.0,1,1,47364.0,736458333.3333334,32
GPU,NCU,PolyBenchGPU,PolyBenchGPU,3DCONV/flag_O3,convolution3D_kernel,,NsightComputeProfilers,,4562803398.058252,32,15039.0,1,1,2088.0,1,1,47477.0,633495145.631068,32
GPU,NCU,PolyBenchGPU,PolyBenchGPU,3DCONV/flag_O3,convolution3D_kernel,,NsightComputeProfilers,,5177197802.197803,32,15076.0,1,1,2116.0,1,1,47377.0,726648351.6483517,32
GPU,NCU,PolyBenchGPU,PolyBenchGPU,3DCONV/flag_O3,convolution3D_kernel,,NsightComputeProfilers,,5221527777.777778,32,15038.0,1,1,2135.0,1,1,50335.0,741319444.4444444,32
GPU,NCU,PolyBenchGPU,PolyBenchGPU,3DCONV/flag_O3,convolution3D_kernel,,NsightComputeProfilers,,5163461538.461538,32,15036.0,1,1,2042.0,1,1,47363.0,701236263.7362638,32
GPU,NCU,PolyBenchGPU,PolyBenchGPU,3DCONV/flag_O3,convolution3D_kernel,,NsightComputeProfilers,,4848904639.175258,32,15051.0,1,1,2107.0,1,1,47513.0,678801546.3917526,32
GPU,NCU,PolyBenchGPU,PolyBenchGPU,3DCONV/flag_O3,convolution3D_kernel,,NsightComputeProfilers,,5164835164.835165,32,15040.0,1,1,2135.0,1,1,47444.0,733173076.923077,32
GPU,NCU,PolyBenchGPU,PolyBenchGPU,3DCONV/flag_O3,convolution3D_kernel,,NsightComputeProfilers,,5221875000.0,32,15039.0,1,1,2137.0,1,1,47372.0,742013888.888889,32
GPU,NCU,PolyBenchGPU,PolyBenchGPU,3DCONV/flag_O3,convolution3D_kernel,,NsightComputeProfilers,,4702500000.0,32,15048.0,1,1,2038.0,1,1,47467.0,636875000.0,32
GPU,NCU,PolyBenchGPU,PolyBenchGPU,3DCONV/flag_O3,convolution3D_kernel,,NsightComputeProfilers,,4846649484.536082,32,15044.0,1,1,2116.0,1,1,47470.0,681701030.9278351,32
GPU,NCU,PolyBenchGPU,PolyBenchGPU,3DCONV/flag_O3,convolution3D_kernel,,NsightComputeProfilers,,5109035326.086956,32,15041.0,1,1,2042.0,1,1,47562.0,693614130.4347826,32
GPU,NCU,PolyBenchGPU,PolyBenchGPU,3DCONV/flag_O3,convolution3D_kernel,,NsightComputeProfilers,,5052083333.333333,32,15035.0,1,1,2070.0,1,1,47512.0,695564516.1290323,32
GPU,NCU,PolyBenchGPU,PolyBenchGPU,3DCONV/flag_O3,convolution3D_kernel,,NsightComputeProfilers,,4698125000.0,32,15034.0,1,1,2049.0,1,1,47365.0,640312500.0,32
GPU,NCU,PolyBenchGPU,PolyBenchGPU,3DCONV/flag_O3,convolution3D_kernel,,NsightComputeProfilers,,5164491758.241758,32,15039.0,1,1,2093.0,1,1,50341.0,718750000.0,32
GPU,NCU,PolyBenchGPU,PolyBenchGPU,3DCONV/flag_O3,convolution3D_kernel,,NsightComputeProfilers,,5165865384.615385,32,15043.0,1,1,2043.0,1,1,47466.0,701579670.3296704,32
GPU,NCU,PolyBenchGPU,PolyBenchGPU,3DCONV/flag_O3,convolution3D_kernel,,NsightComputeProfilers,,5163804945.054945,32,15037.0,1,1,2043.0,1,1,47462.0,701579670.3296704,32
GPU,NCU,PolyBenchGPU,PolyBenchGPU,3DCONV/flag_O3,convolution3D_kernel,,NsightComputeProfilers,,4702187500.0,32,15047.0,1,1,2043.0,1,1,47374.0,638437500.0,32
GPU,NCU,PolyBenchGPU,PolyBenchGPU,3MM/flag_O1,mm3_kernel3,,NsightComputeProfilers,,1894322365.3934653,32,658618.0,1,1,4200219.0,1,1,18573777.0,12080703520.478601,32
GPU,NCU,PolyBenchGPU,PolyBenchGPU,3MM/flag_O1,mm3_kernel2,,NsightComputeProfilers,,1813922531.9926872,32,635018.0,1,1,4200468.0,1,1,18520373.0,11998594606.946983,32
GPU,NCU,PolyBenchGPU,PolyBenchGPU,3MM/flag_O1,mm3_kernel1,,NsightComputeProfilers,,1811506003.62483,32,639679.0,1,1,4200582.0,1,1,18629633.0,11895621884.911644,32
GPU,NCU,PolyBenchGPU,PolyBenchGPU,3MM/flag_O2,mm3_kernel3,,NsightComputeProfilers,,1844426419.6026986,32,629879.0,1,1,4201330.0,1,1,18547132.0,12302432767.991003,32
GPU,NCU,PolyBenchGPU,PolyBenchGPU,3MM/flag_O2,mm3_kernel2,,NsightComputeProfilers,,1844003301.4571948,32,647909.0,1,1,4200879.0,1,1,18621010.0,11956053620.21858,32
GPU,NCU,PolyBenchGPU,PolyBenchGPU,3MM/flag_O2,mm3_kernel1,,NsightComputeProfilers,,1821003304.4667275,32,639245.0,1,1,4200772.0,1,1,18548576.0,11966647675.478579,32
GPU,NCU,PolyBenchGPU,PolyBenchGPU,3MM/flag_O3,mm3_kernel3,,NsightComputeProfilers,,1878403807.2000737,32,652843.0,1,1,4201428.0,1,1,18544563.0,12088631341.497099,32
GPU,NCU,PolyBenchGPU,PolyBenchGPU,3MM/flag_O3,mm3_kernel2,,NsightComputeProfilers,,1820112764.7918189,32,637884.0,1,1,4201795.0,1,1,18543006.0,11989234272.279036,32
GPU,NCU,PolyBenchGPU,PolyBenchGPU,3MM/flag_O3,mm3_kernel1,,NsightComputeProfilers,,1838507155.3469536,32,639271.0,1,1,4200712.0,1,1,18560355.0,12081009571.139334,32
GPU,NCU,PolyBenchGPU,PolyBenchGPU,ADI/flag_O1,adi_kernel4,,NsightComputeProfilers,,182098765.43209878,32,472.0,1,1,70.0,1,1,2918.0,27006172.839506175,32
GPU,NCU,PolyBenchGPU,PolyBenchGPU,ADI/flag_O1,adi_kernel4,,NsightComputeProfilers,,193834459.45945945,32,459.0,1,1,72.0,1,1,2399.0,30405405.405405406,32
GPU,NCU,PolyBenchGPU,PolyBenchGPU,ADI/flag_O1,adi_kernel4,,NsightComputeProfilers,,191666666.6666667,32,460.0,1,1,70.0,1,1,2400.0,29166666.666666668,32
GPU,NCU,PolyBenchGPU,PolyBenchGPU,ADI/flag_O1,adi_kernel4,,NsightComputeProfilers,,184294871.7948718,32,460.0,1,1,70.0,1,1,2383.0,28044871.794871796,32
GPU,NCU,PolyBenchGPU,PolyBenchGPU,ADI/flag_O1,adi_kernel4,,NsightComputeProfilers,,183894230.76923078,32,459.0,1,1,72.0,1,1,2399.0,28846153.846153848,32
GPU,NCU,PolyBenchGPU,PolyBenchGPU,ADI/flag_O1,adi_kernel4,,NsightComputeProfilers,,201666666.6666667,32,484.0,1,1,70.0,1,1,2366.0,29166666.666666668,32
GPU,NCU,PolyBenchGPU,PolyBenchGPU,ADI/flag_O1,adi_kernel4,,NsightComputeProfilers,,212083333.33333334,32,509.0,1,1,70.0,1,1,2383.0,29166666.666666668,32
GPU,NCU,PolyBenchGPU,PolyBenchGPU,ADI/flag_O1,adi_kernel4,,NsightComputeProfilers,,191964285.7142857,32,473.0,1,1,74.0,1,1,2400.0,30032467.532467533,32
GPU,NCU,PolyBenchGPU,PolyBenchGPU,ADI/flag_O1,adi_kernel4,,NsightComputeProfilers,,191300675.67567566,32,453.0,1,1,74.0,1,1,2399.0,31250000.0,32
GPU,NCU,PolyBenchGPU,PolyBenchGPU,ADI/flag_O1,adi_kernel4,,NsightComputeProfilers,,196790540.54054055,32,466.0,1,1,252.0,1,1,2392.0,106418918.91891892,32
GPU,NCU,PolyBenchGPU,PolyBenchGPU,ADI/flag_O1,adi_kernel4,,NsightComputeProfilers,,232263513.5135135,32,550.0,1,1,70.0,1,1,2375.0,29560810.81081081,32
GPU,NCU,PolyBenchGPU,PolyBenchGPU,ADI/flag_O1,adi_kernel4,,NsightComputeProfilers,,198333333.33333334,32,476.0,1,1,70.0,1,1,2486.0,29166666.666666668,32
GPU,NCU,PolyBenchGPU,PolyBenchGPU,ADI/flag_O1,adi_kernel4,,NsightComputeProfilers,,215871710.52631578,32,525.0,1,1,153.0,1,1,2383.0,62911184.21052631,32
GPU,NCU,PolyBenchGPU,PolyBenchGPU,ADI/flag_O1,adi_kernel4,,NsightComputeProfilers,,189144736.84210524,32,460.0,1,1,70.0,1,1,2671.0,28782894.736842103,32
GPU,NCU,PolyBenchGPU,PolyBenchGPU,ADI/flag_O1,adi_kernel4,,NsightComputeProfilers,,193834459.45945945,32,459.0,1,1,70.0,1,1,2943.0,29560810.81081081,32
GPU,NCU,PolyBenchGPU,PolyBenchGPU,ADI/flag_O1,adi_kernel4,,NsightComputeProfilers,,197635135.13513514,32,468.0,1,1,70.0,1,1,2402.0,29560810.81081081,32
GPU,NCU,PolyBenchGPU,PolyBenchGPU,ADI/flag_O1,adi_kernel4,,NsightComputeProfilers,,179984177.21518987,32,455.0,1,1,74.0,1,1,2402.0,29272151.898734175,32
GPU,NCU,PolyBenchGPU,PolyBenchGPU,ADI/flag_O1,adi_kernel4,,NsightComputeProfilers,,192916666.6666667,32,463.0,1,1,70.0,1,1,2447.0,29166666.666666668,32
GPU,NCU,PolyBenchGPU,PolyBenchGPU,ADI/flag_O1,adi_kernel4,,NsightComputeProfilers,,186688311.6883117,32,460.0,1,1,70.0,1,1,2383.0,28409090.90909091,32
GPU,NCU,PolyBenchGPU,PolyBenchGPU,ADI/flag_O1,adi_kernel4,,NsightComputeProfilers,,193834459.45945945,32,459.0,1,1,70.0,1,1,2401.0,29560810.81081081,32
GPU,NCU,PolyBenchGPU,PolyBenchGPU,ADI/flag_O1,adi_kernel3,,NsightComputeProfilers,,934079781.1059909,32,544845.0,1,1,1048005.0,1,1,1628577.0,1796694988.4792628,32
GPU,NCU,PolyBenchGPU,PolyBenchGPU,ADI/flag_O1,adi_kernel4,,NsightComputeProfilers,,186677631.57894737,32,454.0,1,1,76.0,1,1,2570.0,31249999.999999996,32
GPU,NCU,PolyBenchGPU,PolyBenchGPU,ADI/flag_O1,adi_kernel4,,NsightComputeProfilers,,192434210.52631578,32,468.0,1,1,70.0,1,1,2878.0,28782894.736842103,32
GPU,NCU,PolyBenchGPU,PolyBenchGPU,ADI/flag_O1,adi_kernel4,,NsightComputeProfilers,,181962025.3164557,32,460.0,1,1,71.0,1,1,2431.0,28085443.03797468,32
GPU,NCU,PolyBenchGPU,PolyBenchGPU,ADI/flag_O1,adi_kernel4,,NsightComputeProfilers,,214743589.74358976,32,536.0,1,1,70.0,1,1,2377.0,28044871.794871796,32
GPU,NCU,PolyBenchGPU,PolyBenchGPU,ADI/flag_O1,adi_kernel4,,NsightComputeProfilers,,194078947.36842105,32,472.0,1,1,70.0,1,1,2494.0,28782894.736842103,32
GPU,NCU,PolyBenchGPU,PolyBenchGPU,ADI/flag_O1,adi_kernel4,,NsightComputeProfilers,,187500000.0,32,456.0,1,1,74.0,1,1,2462.0,30427631.578947365,32
GPU,NCU,PolyBenchGPU,PolyBenchGPU,ADI/flag_O1,adi_kernel4,,NsightComputeProfilers,,194078947.36842105,32,472.0,1,1,70.0,1,1,2636.0,28782894.736842103,32
GPU,NCU,PolyBenchGPU,PolyBenchGPU,ADI/flag_O1,adi_kernel4,,NsightComputeProfilers,,204391891.8918919,32,484.0,1,1,77.0,1,1,2390.0,32516891.891891893,32
GPU,NCU,PolyBenchGPU,PolyBenchGPU,ADI/flag_O1,adi_kernel4,,NsightComputeProfilers,,193333333.33333334,32,464.0,1,1,70.0,1,1,2415.0,29166666.666666668,32
GPU,NCU,PolyBenchGPU,PolyBenchGPU,ADI/flag_O1,adi_kernel4,,NsightComputeProfilers,,187500000.0,32,474.0,1,1,252.0,1,1,2367.0,99683544.30379745,32
GPU,NCU,PolyBenchGPU,PolyBenchGPU,ADI/flag_O1,adi_kernel4,,NsightComputeProfilers,,169694767.44186047,32,467.0,1,1,70.0,1,1,3137.0,25436046.511627905,32
GPU,NCU,PolyBenchGPU,PolyBenchGPU,ADI/flag_O1,adi_kernel4,,NsightComputeProfilers,,191666666.6666667,32,460.0,1,1,70.0,1,1,2396.0,29166666.666666668,32
GPU,NCU,PolyBenchGPU,PolyBenchGPU,ADI/flag_O1,adi_kernel4,,NsightComputeProfilers,,189295977.01149425,32,527.0,1,1,74.0,1,1,2623.0,26580459.770114943,32
GPU,NCU,PolyBenchGPU,PolyBenchGPU,ADI/flag_O1,adi_kernel4,,NsightComputeProfilers,,193834459.45945945,32,459.0,1,1,70.0,1,1,2438.0,29560810.81081081,32
GPU,NCU,PolyBenchGPU,PolyBenchGPU,ADI/flag_O1,adi_kernel4,,NsightComputeProfilers,,193834459.45945945,32,459.0,1,1,70.0,1,1,2367.0,29560810.81081081,32
GPU,NCU,PolyBenchGPU,PolyBenchGPU,ADI/flag_O1,adi_kernel4,,NsightComputeProfilers,,193834459.45945945,32,459.0,1,1,70.0,1,1,2382.0,29560810.81081081,32
GPU,NCU,PolyBenchGPU,PolyBenchGPU,ADI/flag_O1,adi_kernel4,,NsightComputeProfilers,,188717532.46753246,32,465.0,1,1,70.0,1,1,2398.0,28409090.90909091,32
GPU,NCU,PolyBenchGPU,PolyBenchGPU,ADI/flag_O1,adi_kernel4,,NsightComputeProfilers,,188733552.63157892,32,459.0,1,1,73.0,1,1,2406.0,30016447.36842105,32
GPU,NCU,PolyBenchGPU,PolyBenchGPU,ADI/flag_O1,adi_kernel4,,NsightComputeProfilers,,197083333.33333334,32,473.0,1,1,70.0,1,1,2383.0,29166666.666666668,32
GPU,NCU,PolyBenchGPU,PolyBenchGPU,ADI/flag_O1,adi_kernel4,,NsightComputeProfilers,,182692307.6923077,32,456.0,1,1,248.0,1,1,2446.0,99358974.35897437,32
GPU,NCU,PolyBenchGPU,PolyBenchGPU,ADI/flag_O1,adi_kernel4,,NsightComputeProfilers,,191666666.6666667,32,460.0,1,1,70.0,1,1,2463.0,29166666.666666668,32
GPU,NCU,PolyBenchGPU,PolyBenchGPU,ADI/flag_O1,adi_kernel4,,NsightComputeProfilers,,194256756.75675675,32,460.0,1,1,70.0,1,1,2400.0,29560810.81081081,32
GPU,NCU,PolyBenchGPU,PolyBenchGPU,ADI/flag_O1,adi_kernel4,,NsightComputeProfilers,,192023026.31578946,32,467.0,1,1,70.0,1,1,2478.0,28782894.736842103,32
GPU,NCU,PolyBenchGPU,PolyBenchGPU,ADI/flag_O1,adi_kernel4,,NsightComputeProfilers,,191250000.0,32,459.0,1,1,70.0,1,1,2387.0,29166666.666666668,32
GPU,NCU,PolyBenchGPU,PolyBenchGPU,ADI/flag_O1,adi_kernel4,,NsightComputeProfilers,,194078947.36842105,32,472.0,1,1,70.0,1,1,2416.0,28782894.736842103,32
GPU,NCU,PolyBenchGPU,PolyBenchGPU,ADI/flag_O1,adi_kernel4,,NsightComputeProfilers,,241666666.6666667,32,580.0,1,1,72.0,1,1,2623.0,30000000.0,32
GPU,NCU,PolyBenchGPU,PolyBenchGPU,ADI/flag_O1,adi_kernel4,,NsightComputeProfilers,,187500000.0,32,468.0,1,1,70.0,1,1,2429.0,28044871.794871796,32
GPU,NCU,PolyBenchGPU,PolyBenchGPU,ADI/flag_O1,adi_kernel4,,NsightComputeProfilers,,194583333.33333334,32,467.0,1,1,80.0,1,1,2511.0,33333333.333333336,32
GPU,NCU,PolyBenchGPU,PolyBenchGPU,ADI/flag_O1,adi_kernel4,,NsightComputeProfilers,,198317307.6923077,32,495.0,1,1,70.0,1,1,2374.0,28044871.794871796,32
GPU,NCU,PolyBenchGPU,PolyBenchGPU,ADI/flag_O1,adi_kernel4,,NsightComputeProfilers,,199166666.6666667,32,478.0,1,1,80.0,1,1,2402.0,33333333.333333336,32
GPU,NCU,PolyBenchGPU,PolyBenchGPU,ADI/flag_O1,adi_kernel4,,NsightComputeProfilers,,213260135.13513514,32,505.0,1,1,72.0,1,1,2521.0,30405405.405405406,32
GPU,NCU,PolyBenchGPU,PolyBenchGPU,ADI/flag_O1,adi_kernel4,,NsightComputeProfilers,,192500000.0,32,462.0,1,1,74.0,1,1,2414.0,30833333.333333336,32
GPU,NCU,PolyBenchGPU,PolyBenchGPU,ADI/flag_O1,adi_kernel4,,NsightComputeProfilers,,201666666.6666667,32,484.0,1,1,70.0,1,1,2417.0,29166666.666666668,32
GPU,NCU,PolyBenchGPU,PolyBenchGPU,ADI/flag_O1,adi_kernel4,,NsightComputeProfilers,,195523648.64864865,32,463.0,1,1,70.0,1,1,2367.0,29560810.81081081,32
GPU,NCU,PolyBenchGPU,PolyBenchGPU,ADI/flag_O1,adi_kernel4,,NsightComputeProfilers,,191666666.6666667,32,460.0,1,1,70.0,1,1,2573.0,29166666.666666668,32
GPU,NCU,PolyBenchGPU,PolyBenchGPU,ADI/flag_O1,adi_kernel4,,NsightComputeProfilers,,220373376.6233766,32,543.0,1,1,70.0,1,1,2431.0,28409090.90909091,32
GPU,NCU,PolyBenchGPU,PolyBenchGPU,ADI/flag_O1,adi_kernel4,,NsightComputeProfilers,,195945945.94594595,32,464.0,1,1,70.0,1,1,2382.0,29560810.81081081,32
GPU,NCU,PolyBenchGPU,PolyBenchGPU,ADI/flag_O1,adi_kernel4,,NsightComputeProfilers,,195000000.0,32,468.0,1,1,70.0,1,1,2570.0,29166666.666666668,32
GPU,NCU,PolyBenchGPU,PolyBenchGPU,ADI/flag_O1,adi_kernel4,,NsightComputeProfilers,,237824675.32467532,32,586.0,1,1,72.0,1,1,2374.0,29220779.22077922,32
GPU,NCU,PolyBenchGPU,PolyBenchGPU,ADI/flag_O1,adi_kernel4,,NsightComputeProfilers,,197212837.83783785,32,467.0,1,1,70.0,1,1,2399.0,29560810.81081081,32
GPU,NCU,PolyBenchGPU,PolyBenchGPU,ADI/flag_O1,adi_kernel4,,NsightComputeProfilers,,192083333.33333334,32,461.0,1,1,70.0,1,1,2496.0,29166666.666666668,32
GPU,NCU,PolyBenchGPU,PolyBenchGPU,ADI/flag_O1,adi_kernel4,,NsightComputeProfilers,,203750000.0,32,489.0,1,1,72.0,1,1,2640.0,30000000.0,32
GPU,NCU,PolyBenchGPU,PolyBenchGPU,ADI/flag_O1,adi_kernel4,,NsightComputeProfilers,,191250000.0,32,459.0,1,1,70.0,1,1,2430.0,29166666.666666668,32
GPU,NCU,PolyBenchGPU,PolyBenchGPU,ADI/flag_O1,adi_kernel4,,NsightComputeProfilers,,201891447.36842105,32,491.0,1,1,70.0,1,1,2398.0,28782894.736842103,32
GPU,NCU,PolyBenchGPU,PolyBenchGPU,ADI/flag_O1,adi_kernel4,,NsightComputeProfilers,,191722972.97297296,32,454.0,1,1,75.0,1,1,2375.0,31672297.297297295,32
GPU,NCU,PolyBenchGPU,PolyBenchGPU,ADI/flag_O1,adi_kernel4,,NsightComputeProfilers,,197635135.13513514,32,468.0,1,1,70.0,1,1,2406.0,29560810.81081081,32
GPU,NCU,PolyBenchGPU,PolyBenchGPU,ADI/flag_O1,adi_kernel4,,NsightComputeProfilers,,190378289.4736842,32,463.0,1,1,70.0,1,1,2379.0,28782894.736842103,32
GPU,NCU,PolyBenchGPU,PolyBenchGPU,ADI/flag_O1,adi_kernel2,,NsightComputeProfilers,,1020686619.7183099,32,2319.0,1,1,1030.0,1,1,4549.0,453345070.4225352,32
GPU,NCU,PolyBenchGPU,PolyBenchGPU,ADI/flag_O1,adi_kernel4,,NsightComputeProfilers,,198902027.027027,32,471.0,1,1,70.0,1,1,2367.0,29560810.81081081,32
GPU,NCU,PolyBenchGPU,PolyBenchGPU,ADI/flag_O1,adi_kernel4,,NsightComputeProfilers,,190000000.0,32,456.0,1,1,246.0,1,1,2383.0,102500000.0,32
GPU,NCU,PolyBenchGPU,PolyBenchGPU,ADI/flag_O1,adi_kernel4,,NsightComputeProfilers,,188733552.63157892,32,459.0,1,1,70.0,1,1,2393.0,28782894.736842103,32
GPU,NCU,PolyBenchGPU,PolyBenchGPU,ADI/flag_O1,adi_kernel1,,NsightComputeProfilers,,437749097.4729242,32,485026.0,1,1,2095293.0,1,1,2923036.0,1891058664.2599277,32
GPU,NCU,PolyBenchGPU,PolyBenchGPU,ADI/flag_O1,adi_kernel4,,NsightComputeProfilers,,192434210.52631578,32,468.0,1,1,70.0,1,1,2383.0,28782894.736842103,32
GPU,NCU,PolyBenchGPU,PolyBenchGPU,ADI/flag_O1,adi_kernel4,,NsightComputeProfilers,,203547297.2972973,32,482.0,1,1,80.0,1,1,2425.0,33783783.783783786,32
GPU,NCU,PolyBenchGPU,PolyBenchGPU,ADI/flag_O1,adi_kernel4,,NsightComputeProfilers,,191250000.0,32,459.0,1,1,76.0,1,1,2387.0,31666666.666666668,32
GPU,NCU,PolyBenchGPU,PolyBenchGPU,ADI/flag_O1,adi_kernel4,,NsightComputeProfilers,,190833333.33333334,32,458.0,1,1,248.0,1,1,2432.0,103333333.33333334,32
GPU,NCU,PolyBenchGPU,PolyBenchGPU,ADI/flag_O1,adi_kernel4,,NsightComputeProfilers,,196250000.0,32,471.0,1,1,77.0,1,1,2910.0,32083333.333333336,32
GPU,NCU,PolyBenchGPU,PolyBenchGPU,ADI/flag_O1,adi_kernel4,,NsightComputeProfilers,,191250000.0,32,459.0,1,1,70.0,1,1,2451.0,29166666.666666668,32
GPU,NCU,PolyBenchGPU,PolyBenchGPU,ADI/flag_O1,adi_kernel4,,NsightComputeProfilers,,191250000.0,32,459.0,1,1,74.0,1,1,2398.0,30833333.333333336,32
GPU,NCU,PolyBenchGPU,PolyBenchGPU,ADI/flag_O1,adi_kernel4,,NsightComputeProfilers,,181818181.8181818,32,448.0,1,1,70.0,1,1,2383.0,28409090.90909091,32
GPU,NCU,PolyBenchGPU,PolyBenchGPU,ADI/flag_O1,adi_kernel4,,NsightComputeProfilers,,184294871.7948718,32,460.0,1,1,70.0,1,1,2399.0,28044871.794871796,32
GPU,NCU,PolyBenchGPU,PolyBenchGPU,ADI/flag_O1,adi_kernel4,,NsightComputeProfilers,,187088815.78947368,32,455.0,1,1,70.0,1,1,2383.0,28782894.736842103,32
GPU,NCU,PolyBenchGPU,PolyBenchGPU,ADI/flag_O1,adi_kernel4,,NsightComputeProfilers,,194256756.75675675,32,460.0,1,1,70.0,1,1,2366.0,29560810.81081081,32
GPU,NCU,PolyBenchGPU,PolyBenchGPU,ADI/flag_O1,adi_kernel4,,NsightComputeProfilers,,194583333.33333334,32,467.0,1,1,70.0,1,1,2398.0,29166666.666666668,32
GPU,NCU,PolyBenchGPU,PolyBenchGPU,ADI/flag_O1,adi_kernel4,,NsightComputeProfilers,,194078947.36842105,32,472.0,1,1,80.0,1,1,2398.0,32894736.842105262,32
GPU,NCU,PolyBenchGPU,PolyBenchGPU,ADI/flag_O1,adi_kernel4,,NsightComputeProfilers,,189144736.84210524,32,460.0,1,1,70.0,1,1,2383.0,28782894.736842103,32
GPU,NCU,PolyBenchGPU,PolyBenchGPU,ADI/flag_O1,adi_kernel4,,NsightComputeProfilers,,202302631.57894737,32,492.0,1,1,70.0,1,1,2393.0,28782894.736842103,32
GPU,NCU,PolyBenchGPU,PolyBenchGPU,ADI/flag_O1,adi_kernel4,,NsightComputeProfilers,,214041095.89041093,32,500.0,1,1,70.0,1,1,2367.0,29965753.42465753,32
GPU,NCU,PolyBenchGPU,PolyBenchGPU,ADI/flag_O1,adi_kernel4,,NsightComputeProfilers,,416118421.05263156,32,1012.0,1,1,74.0,1,1,2623.0,30427631.578947365,32
GPU,NCU,PolyBenchGPU,PolyBenchGPU,ADI/flag_O1,adi_kernel4,,NsightComputeProfilers,,200000000.0,32,480.0,1,1,70.0,1,1,2367.0,29166666.666666668,32
GPU,NCU,PolyBenchGPU,PolyBenchGPU,ADI/flag_O1,adi_kernel4,,NsightComputeProfilers,,191666666.6666667,32,460.0,1,1,70.0,1,1,2384.0,29166666.666666668,32
GPU,NCU,PolyBenchGPU,PolyBenchGPU,ADI/flag_O1,adi_kernel4,,NsightComputeProfilers,,210726351.35135135,32,499.0,1,1,70.0,1,1,2427.0,29560810.81081081,32
GPU,NCU,PolyBenchGPU,PolyBenchGPU,ADI/flag_O1,adi_kernel4,,NsightComputeProfilers,,184294871.7948718,32,460.0,1,1,70.0,1,1,2479.0,28044871.794871796,32
GPU,NCU,PolyBenchGPU,PolyBenchGPU,ADI/flag_O1,adi_kernel4,,NsightComputeProfilers,,193834459.45945945,32,459.0,1,1,70.0,1,1,2376.0,29560810.81081081,32
GPU,NCU,PolyBenchGPU,PolyBenchGPU,ADI/flag_O1,adi_kernel4,,NsightComputeProfilers,,195723684.2105263,32,476.0,1,1,70.0,1,1,2419.0,28782894.736842103,32
GPU,NCU,PolyBenchGPU,PolyBenchGPU,ADI/flag_O1,adi_kernel4,,NsightComputeProfilers,,195523648.64864865,32,463.0,1,1,70.0,1,1,2415.0,29560810.81081081,32
GPU,NCU,PolyBenchGPU,PolyBenchGPU,ADI/flag_O1,adi_kernel4,,NsightComputeProfilers,,191666666.6666667,32,460.0,1,1,70.0,1,1,2472.0,29166666.666666668,32
GPU,NCU,PolyBenchGPU,PolyBenchGPU,ADI/flag_O1,adi_kernel4,,NsightComputeProfilers,,198057432.43243244,32,469.0,1,1,77.0,1,1,2414.0,32516891.891891893,32
GPU,NCU,PolyBenchGPU,PolyBenchGPU,ADI/flag_O1,adi_kernel4,,NsightComputeProfilers,,222972972.97297296,32,528.0,1,1,70.0,1,1,2458.0,29560810.81081081,32
GPU,NCU,PolyBenchGPU,PolyBenchGPU,ADI/flag_O2,adi_kernel4,,NsightComputeProfilers,,218327702.7027027,32,517.0,1,1,73.0,1,1,2367.0,30827702.7027027,32
GPU,NCU,PolyBenchGPU,PolyBenchGPU,ADI/flag_O2,adi_kernel4,,NsightComputeProfilers,,193834459.45945945,32,459.0,1,1,70.0,1,1,2366.0,29560810.81081081,32
GPU,NCU,PolyBenchGPU,PolyBenchGPU,ADI/flag_O2,adi_kernel4,,NsightComputeProfilers,,250856164.38356164,32,586.0,1,1,72.0,1,1,2378.0,30821917.808219176,32
GPU,NCU,PolyBenchGPU,PolyBenchGPU,ADI/flag_O2,adi_kernel4,,NsightComputeProfilers,,205236486.4864865,32,486.0,1,1,146.0,1,1,2377.0,61655405.4054054,32
GPU,NCU,PolyBenchGPU,PolyBenchGPU,ADI/flag_O2,adi_kernel4,,NsightComputeProfilers,,200591216.2162162,32,475.0,1,1,146.0,1,1,2370.0,61655405.4054054,32
GPU,NCU,PolyBenchGPU,PolyBenchGPU,ADI/flag_O2,adi_kernel4,,NsightComputeProfilers,,189903846.15384617,32,474.0,1,1,74.0,1,1,2367.0,29647435.8974359,32
GPU,NCU,PolyBenchGPU,PolyBenchGPU,ADI/flag_O2,adi_kernel4,,NsightComputeProfilers,,179984177.21518987,32,455.0,1,1,118.0,1,1,2430.0,46677215.18987341,32
GPU,NCU,PolyBenchGPU,PolyBenchGPU,ADI/flag_O2,adi_kernel4,,NsightComputeProfilers,,219166666.6666667,32,526.0,1,1,151.0,1,1,2375.0,62916666.66666667,32
GPU,NCU,PolyBenchGPU,PolyBenchGPU,ADI/flag_O2,adi_kernel4,,NsightComputeProfilers,,190416666.6666667,32,457.0,1,1,160.0,1,1,2373.0,66666666.66666667,32
GPU,NCU,PolyBenchGPU,PolyBenchGPU,ADI/flag_O2,adi_kernel4,,NsightComputeProfilers,,196489726.02739725,32,459.0,1,1,167.0,1,1,2378.0,71489726.02739726,32
GPU,NCU,PolyBenchGPU,PolyBenchGPU,ADI/flag_O2,adi_kernel4,,NsightComputeProfilers,,189583333.33333334,32,455.0,1,1,75.0,1,1,2378.0,31250000.0,32
GPU,NCU,PolyBenchGPU,PolyBenchGPU,ADI/flag_O2,adi_kernel4,,NsightComputeProfilers,,241250000.0,32,579.0,1,1,74.0,1,1,2447.0,30833333.333333336,32
GPU,NCU,PolyBenchGPU,PolyBenchGPU,ADI/flag_O2,adi_kernel4,,NsightComputeProfilers,,208904109.58904108,32,488.0,1,1,73.0,1,1,2366.0,31249999.999999996,32
GPU,NCU,PolyBenchGPU,PolyBenchGPU,ADI/flag_O2,adi_kernel4,,NsightComputeProfilers,,197916666.6666667,32,456.0,1,1,247.0,1,1,2929.0,107204861.11111112,32
GPU,NCU,PolyBenchGPU,PolyBenchGPU,ADI/flag_O2,adi_kernel4,,NsightComputeProfilers,,196061643.8356164,32,458.0,1,1,146.0,1,1,2415.0,62499999.99999999,32
GPU,NCU,PolyBenchGPU,PolyBenchGPU,ADI/flag_O2,adi_kernel4,,NsightComputeProfilers,,165697674.41860464,32,456.0,1,1,160.0,1,1,2453.0,58139534.88372093,32
GPU,NCU,PolyBenchGPU,PolyBenchGPU,ADI/flag_O2,adi_kernel4,,NsightComputeProfilers,,192567567.56756756,32,456.0,1,1,89.0,1,1,2366.0,37584459.45945946,32
GPU,NCU,PolyBenchGPU,PolyBenchGPU,ADI/flag_O2,adi_kernel4,,NsightComputeProfilers,,193412162.16216215,32,458.0,1,1,75.0,1,1,2366.0,31672297.297297295,32
GPU,NCU,PolyBenchGPU,PolyBenchGPU,ADI/flag_O2,adi_kernel4,,NsightComputeProfilers,,196489726.02739725,32,459.0,1,1,70.0,1,1,2556.0,29965753.42465753,32
GPU,NCU,PolyBenchGPU,PolyBenchGPU,ADI/flag_O2,adi_kernel4,,NsightComputeProfilers,,194256756.75675675,32,460.0,1,1,167.0,1,1,2462.0,70523648.64864865,32
GPU,NCU,PolyBenchGPU,PolyBenchGPU,ADI/flag_O2,adi_kernel3,,NsightComputeProfilers,,913111010.5332456,32,532614.0,1,1,1047482.0,1,1,1617113.0,1795798359.6664474,32
GPU,NCU,PolyBenchGPU,PolyBenchGPU,ADI/flag_O2,adi_kernel4,,NsightComputeProfilers,,194777397.26027396,32,455.0,1,1,146.0,1,1,2366.0,62499999.99999999,32
GPU,NCU,PolyBenchGPU,PolyBenchGPU,ADI/flag_O2,adi_kernel4,,NsightComputeProfilers,,194349315.06849313,32,454.0,1,1,167.0,1,1,2638.0,71489726.02739726,32
GPU,NCU,PolyBenchGPU,PolyBenchGPU,ADI/flag_O2,adi_kernel4,,NsightComputeProfilers,,221558988.76404494,32,631.0,1,1,74.0,1,1,2665.0,25983146.06741573,32
GPU,NCU,PolyBenchGPU,PolyBenchGPU,ADI/flag_O2,adi_kernel4,,NsightComputeProfilers,,163793103.44827586,32,456.0,1,1,146.0,1,1,2420.0,52442528.73563219,32
GPU,NCU,PolyBenchGPU,PolyBenchGPU,ADI/flag_O2,adi_kernel4,,NsightComputeProfilers,,189583333.33333334,32,455.0,1,1,159.0,1,1,6279.0,66250000.0,32
GPU,NCU,PolyBenchGPU,PolyBenchGPU,ADI/flag_O2,adi_kernel4,,NsightComputeProfilers,,184253246.75324675,32,454.0,1,1,151.0,1,1,2387.0,61282467.53246753,32
GPU,NCU,PolyBenchGPU,PolyBenchGPU,ADI/flag_O2,adi_kernel4,,NsightComputeProfilers,,193412162.16216215,32,458.0,1,1,73.0,1,1,2470.0,30827702.7027027,32
GPU,NCU,PolyBenchGPU,PolyBenchGPU,ADI/flag_O2,adi_kernel4,,NsightComputeProfilers,,419092465.75342464,32,979.0,1,1,116.0,1,1,2366.0,49657534.24657534,32
GPU,NCU,PolyBenchGPU,PolyBenchGPU,ADI/flag_O2,adi_kernel4,,NsightComputeProfilers,,209760273.97260273,32,490.0,1,1,77.0,1,1,2495.0,32962328.767123286,32
GPU,NCU,PolyBenchGPU,PolyBenchGPU,ADI/flag_O2,adi_kernel4,,NsightComputeProfilers,,196061643.8356164,32,458.0,1,1,77.0,1,1,2358.0,32962328.767123286,32
GPU,NCU,PolyBenchGPU,PolyBenchGPU,ADI/flag_O2,adi_kernel4,,NsightComputeProfilers,,196061643.8356164,32,458.0,1,1,97.0,1,1,2703.0,41523972.60273972,32
GPU,NCU,PolyBenchGPU,PolyBenchGPU,ADI/flag_O2,adi_kernel4,,NsightComputeProfilers,,196917808.21917808,32,460.0,1,1,75.0,1,1,2385.0,32106164.38356164,32
GPU,NCU,PolyBenchGPU,PolyBenchGPU,ADI/flag_O2,adi_kernel4,,NsightComputeProfilers,,196917808.21917808,32,460.0,1,1,160.0,1,1,2359.0,68493150.6849315,32
GPU,NCU,PolyBenchGPU,PolyBenchGPU,ADI/flag_O2,adi_kernel4,,NsightComputeProfilers,,194679054.05405405,32,461.0,1,1,134.0,1,1,2478.0,56587837.83783784,32
GPU,NCU,PolyBenchGPU,PolyBenchGPU,ADI/flag_O2,adi_kernel4,,NsightComputeProfilers,,195205479.45205477,32,456.0,1,1,74.0,1,1,2358.0,31678082.19178082,32
GPU,NCU,PolyBenchGPU,PolyBenchGPU,ADI/flag_O2,adi_kernel4,,NsightComputeProfilers,,192567567.56756756,32,456.0,1,1,76.0,1,1,2376.0,32094594.594594594,32
GPU,NCU,PolyBenchGPU,PolyBenchGPU,ADI/flag_O2,adi_kernel4,,NsightComputeProfilers,,168188202.247191,32,479.0,1,1,162.0,1,1,2844.0,56882022.47191011,32
GPU,NCU,PolyBenchGPU,PolyBenchGPU,ADI/flag_O2,adi_kernel4,,NsightComputeProfilers,,219866071.42857143,32,591.0,1,1,102.0,1,1,2382.0,37946428.571428575,32
GPU,NCU,PolyBenchGPU,PolyBenchGPU,ADI/flag_O2,adi_kernel4,,NsightComputeProfilers,,206676136.36363637,32,582.0,1,1,74.0,1,1,2367.0,26278409.090909094,32
GPU,NCU,PolyBenchGPU,PolyBenchGPU,ADI/flag_O2,adi_kernel4,,NsightComputeProfilers,,211148648.64864865,32,500.0,1,1,124.0,1,1,2365.0,52364864.86486486,32
GPU,NCU,PolyBenchGPU,PolyBenchGPU,ADI/flag_O2,adi_kernel4,,NsightComputeProfilers,,198202054.79452053,32,463.0,1,1,146.0,1,1,2375.0,62499999.99999999,32
GPU,NCU,PolyBenchGPU,PolyBenchGPU,ADI/flag_O2,adi_kernel4,,NsightComputeProfilers,,194256756.75675675,32,460.0,1,1,73.0,1,1,2855.0,30827702.7027027,32
GPU,NCU,PolyBenchGPU,PolyBenchGPU,ADI/flag_O2,adi_kernel4,,NsightComputeProfilers,,192989864.86486486,32,457.0,1,1,76.0,1,1,2622.0,32094594.594594594,32
GPU,NCU,PolyBenchGPU,PolyBenchGPU,ADI/flag_O2,adi_kernel4,,NsightComputeProfilers,,233072916.6666667,32,537.0,1,1,70.0,1,1,2446.0,30381944.444444448,32
GPU,NCU,PolyBenchGPU,PolyBenchGPU,ADI/flag_O2,adi_kernel4,,NsightComputeProfilers,,200416666.6666667,32,481.0,1,1,72.0,1,1,2377.0,30000000.0,32
GPU,NCU,PolyBenchGPU,PolyBenchGPU,ADI/flag_O2,adi_kernel4,,NsightComputeProfilers,,193834459.45945945,32,459.0,1,1,112.0,1,1,2409.0,47297297.2972973,32
GPU,NCU,PolyBenchGPU,PolyBenchGPU,ADI/flag_O2,adi_kernel4,,NsightComputeProfilers,,225171232.87671232,32,526.0,1,1,72.0,1,1,2409.0,30821917.808219176,32
GPU,NCU,PolyBenchGPU,PolyBenchGPU,ADI/flag_O2,adi_kernel4,,NsightComputeProfilers,,198202054.79452053,32,463.0,1,1,81.0,1,1,2382.0,34674657.53424657,32
GPU,NCU,PolyBenchGPU,PolyBenchGPU,ADI/flag_O2,adi_kernel4,,NsightComputeProfilers,,173018292.6829268,32,454.0,1,1,72.0,1,1,2367.0,27439024.3902439,32
GPU,NCU,PolyBenchGPU,PolyBenchGPU,ADI/flag_O2,adi_kernel4,,NsightComputeProfilers,,196061643.8356164,32,458.0,1,1,146.0,1,1,2464.0,62499999.99999999,32
GPU,NCU,PolyBenchGPU,PolyBenchGPU,ADI/flag_O2,adi_kernel4,,NsightComputeProfilers,,192145270.27027026,32,455.0,1,1,78.0,1,1,2428.0,32939189.18918919,32
GPU,NCU,PolyBenchGPU,PolyBenchGPU,ADI/flag_O2,adi_kernel4,,NsightComputeProfilers,,194777397.26027396,32,455.0,1,1,146.0,1,1,2377.0,62499999.99999999,32
GPU,NCU,PolyBenchGPU,PolyBenchGPU,ADI/flag_O2,adi_kernel4,,NsightComputeProfilers,,195205479.45205477,32,456.0,1,1,160.0,1,1,2510.0,68493150.6849315,32
GPU,NCU,PolyBenchGPU,PolyBenchGPU,ADI/flag_O2,adi_kernel4,,NsightComputeProfilers,,192567567.56756756,32,456.0,1,1,77.0,1,1,2390.0,32516891.891891893,32
GPU,NCU,PolyBenchGPU,PolyBenchGPU,ADI/flag_O2,adi_kernel4,,NsightComputeProfilers,,194777397.26027396,32,455.0,1,1,246.0,1,1,2386.0,105308219.17808218,32
GPU,NCU,PolyBenchGPU,PolyBenchGPU,ADI/flag_O2,adi_kernel4,,NsightComputeProfilers,,207619863.0136986,32,485.0,1,1,142.0,1,1,2366.0,60787671.23287671,32
GPU,NCU,PolyBenchGPU,PolyBenchGPU,ADI/flag_O2,adi_kernel4,,NsightComputeProfilers,,194777397.26027396,32,455.0,1,1,146.0,1,1,2698.0,62499999.99999999,32
GPU,NCU,PolyBenchGPU,PolyBenchGPU,ADI/flag_O2,adi_kernel4,,NsightComputeProfilers,,193921232.87671232,32,453.0,1,1,146.0,1,1,2383.0,62499999.99999999,32
GPU,NCU,PolyBenchGPU,PolyBenchGPU,ADI/flag_O2,adi_kernel4,,NsightComputeProfilers,,195205479.45205477,32,456.0,1,1,161.0,1,1,2774.0,68921232.87671232,32
GPU,NCU,PolyBenchGPU,PolyBenchGPU,ADI/flag_O2,adi_kernel4,,NsightComputeProfilers,,189166666.6666667,32,454.0,1,1,159.0,1,1,2570.0,66250000.0,32
GPU,NCU,PolyBenchGPU,PolyBenchGPU,ADI/flag_O2,adi_kernel4,,NsightComputeProfilers,,201250000.0,32,483.0,1,1,77.0,1,1,2382.0,32083333.333333336,32
GPU,NCU,PolyBenchGPU,PolyBenchGPU,ADI/flag_O2,adi_kernel4,,NsightComputeProfilers,,196790540.54054055,32,466.0,1,1,123.0,1,1,2553.0,51942567.567567565,32
GPU,NCU,PolyBenchGPU,PolyBenchGPU,ADI/flag_O2,adi_kernel4,,NsightComputeProfilers,,196061643.8356164,32,458.0,1,1,73.0,1,1,2367.0,31249999.999999996,32
GPU,NCU,PolyBenchGPU,PolyBenchGPU,ADI/flag_O2,adi_kernel4,,NsightComputeProfilers,,202690972.22222224,32,467.0,1,1,81.0,1,1,2377.0,35156250.0,32
GPU,NCU,PolyBenchGPU,PolyBenchGPU,ADI/flag_O2,adi_kernel4,,NsightComputeProfilers,,195205479.45205477,32,456.0,1,1,123.0,1,1,2366.0,52654109.58904109,32
GPU,NCU,PolyBenchGPU,PolyBenchGPU,ADI/flag_O2,adi_kernel4,,NsightComputeProfilers,,188750000.0,32,453.0,1,1,146.0,1,1,2495.0,60833333.333333336,32
GPU,NCU,PolyBenchGPU,PolyBenchGPU,ADI/flag_O2,adi_kernel4,,NsightComputeProfilers,,194777397.26027396,32,455.0,1,1,159.0,1,1,2358.0,68065068.49315068,32
GPU,NCU,PolyBenchGPU,PolyBenchGPU,ADI/flag_O2,adi_kernel2,,NsightComputeProfilers,,1096117424.2424242,32,2315.0,1,1,1208.0,1,1,4553.0,571969696.969697,32
GPU,NCU,PolyBenchGPU,PolyBenchGPU,ADI/flag_O2,adi_kernel4,,NsightComputeProfilers,,194349315.06849313,32,454.0,1,1,146.0,1,1,2358.0,62499999.99999999,32
GPU,NCU,PolyBenchGPU,PolyBenchGPU,ADI/flag_O2,adi_kernel4,,NsightComputeProfilers,,191250000.0,32,459.0,1,1,151.0,1,1,2377.0,62916666.66666667,32
GPU,NCU,PolyBenchGPU,PolyBenchGPU,ADI/flag_O2,adi_kernel4,,NsightComputeProfilers,,191250000.0,32,459.0,1,1,70.0,1,1,2425.0,29166666.666666668,32
GPU,NCU,PolyBenchGPU,PolyBenchGPU,ADI/flag_O2,adi_kernel1,,NsightComputeProfilers,,443239077.7049464,32,491194.0,1,1,2095227.0,1,1,2716357.0,1890671472.0914786,32
GPU,NCU,PolyBenchGPU,PolyBenchGPU,ADI/flag_O2,adi_kernel4,,NsightComputeProfilers,,217916666.6666667,32,523.0,1,1,74.0,1,1,2377.0,30833333.333333336,32
GPU,NCU,PolyBenchGPU,PolyBenchGPU,ADI/flag_O2,adi_kernel4,,NsightComputeProfilers,,217037671.2328767,32,507.0,1,1,134.0,1,1,2478.0,57363013.69863013,32
GPU,NCU,PolyBenchGPU,PolyBenchGPU,ADI/flag_O2,adi_kernel4,,NsightComputeProfilers,,193412162.16216215,32,458.0,1,1,77.0,1,1,2363.0,32516891.891891893,32
GPU,NCU,PolyBenchGPU,PolyBenchGPU,ADI/flag_O2,adi_kernel4,,NsightComputeProfilers,,192567567.56756756,32,456.0,1,1,161.0,1,1,2366.0,67989864.86486487,32
GPU,NCU,PolyBenchGPU,PolyBenchGPU,ADI/flag_O2,adi_kernel4,,NsightComputeProfilers,,192567567.56756756,32,456.0,1,1,146.0,1,1,2399.0,61655405.4054054,32
GPU,NCU,PolyBenchGPU,PolyBenchGPU,ADI/flag_O2,adi_kernel4,,NsightComputeProfilers,,152553763.4408602,32,454.0,1,1,151.0,1,1,2377.0,50739247.31182796,32
GPU,NCU,PolyBenchGPU,PolyBenchGPU,ADI/flag_O2,adi_kernel4,,NsightComputeProfilers,,199324324.3243243,32,472.0,1,1,112.0,1,1,2381.0,47297297.2972973,32
GPU,NCU,PolyBenchGPU,PolyBenchGPU,ADI/flag_O2,adi_kernel4,,NsightComputeProfilers,,194777397.26027396,32,455.0,1,1,151.0,1,1,2382.0,64640410.9589041,32
GPU,NCU,PolyBenchGPU,PolyBenchGPU,ADI/flag_O2,adi_kernel4,,NsightComputeProfilers,,192145270.27027026,32,455.0,1,1,74.0,1,1,2527.0,31250000.0,32
GPU,NCU,PolyBenchGPU,PolyBenchGPU,ADI/flag_O2,adi_kernel4,,NsightComputeProfilers,,192989864.86486486,32,457.0,1,1,118.0,1,1,2379.0,49831081.08108108,32
GPU,NCU,PolyBenchGPU,PolyBenchGPU,ADI/flag_O2,adi_kernel4,,NsightComputeProfilers,,245000000.0,32,588.0,1,1,159.0,1,1,2469.0,66250000.0,32
GPU,NCU,PolyBenchGPU,PolyBenchGPU,ADI/flag_O2,adi_kernel4,,NsightComputeProfilers,,176204819.27710843,32,468.0,1,1,120.0,1,1,2366.0,45180722.89156626,32
GPU,NCU,PolyBenchGPU,PolyBenchGPU,ADI/flag_O2,adi_kernel4,,NsightComputeProfilers,,201666666.6666667,32,484.0,1,1,73.0,1,1,2390.0,30416666.666666668,32
GPU,NCU,PolyBenchGPU,PolyBenchGPU,ADI/flag_O2,adi_kernel4,,NsightComputeProfilers,,189144736.84210524,32,460.0,1,1,81.0,1,1,2410.0,33305921.052631576,32
GPU,NCU,PolyBenchGPU,PolyBenchGPU,ADI/flag_O2,adi_kernel4,,NsightComputeProfilers,,196917808.21917808,32,460.0,1,1,77.0,1,1,2510.0,32962328.767123286,32
GPU,NCU,PolyBenchGPU,PolyBenchGPU,ADI/flag_O2,adi_kernel4,,NsightComputeProfilers,,192500000.0,32,462.0,1,1,146.0,1,1,2839.0,60833333.333333336,32
GPU,NCU,PolyBenchGPU,PolyBenchGPU,ADI/flag_O2,adi_kernel4,,NsightComputeProfilers,,203969594.5945946,32,483.0,1,1,151.0,1,1,2366.0,63766891.89189189,32
GPU,NCU,PolyBenchGPU,PolyBenchGPU,ADI/flag_O2,adi_kernel4,,NsightComputeProfilers,,192145270.27027026,32,455.0,1,1,246.0,1,1,2372.0,103885135.13513513,32
GPU,NCU,PolyBenchGPU,PolyBenchGPU,ADI/flag_O2,adi_kernel4,,NsightComputeProfilers,,193412162.16216215,32,458.0,1,1,124.0,1,1,2425.0,52364864.86486486,32
GPU,NCU,PolyBenchGPU,PolyBenchGPU,ADI/flag_O2,adi_kernel4,,NsightComputeProfilers,,197345890.4109589,32,461.0,1,1,125.0,1,1,2369.0,53510273.97260273,32
GPU,NCU,PolyBenchGPU,PolyBenchGPU,ADI/flag_O2,adi_kernel4,,NsightComputeProfilers,,194256756.75675675,32,460.0,1,1,73.0,1,1,2622.0,30827702.7027027,32
GPU,NCU,PolyBenchGPU,PolyBenchGPU,ADI/flag_O2,adi_kernel4,,NsightComputeProfilers,,193834459.45945945,32,459.0,1,1,151.0,1,1,2374.0,63766891.89189189,32
GPU,NCU,PolyBenchGPU,PolyBenchGPU,ADI/flag_O2,adi_kernel4,,NsightComputeProfilers,,250422297.2972973,32,593.0,1,1,118.0,1,1,2519.0,49831081.08108108,32
GPU,NCU,PolyBenchGPU,PolyBenchGPU,ADI/flag_O2,adi_kernel4,,NsightComputeProfilers,,195633561.6438356,32,457.0,1,1,160.0,1,1,2358.0,68493150.6849315,32
GPU,NCU,PolyBenchGPU,PolyBenchGPU,ADI/flag_O2,adi_kernel4,,NsightComputeProfilers,,192145270.27027026,32,455.0,1,1,167.0,1,1,2411.0,70523648.64864865,32
GPU,NCU,PolyBenchGPU,PolyBenchGPU,ADI/flag_O2,adi_kernel4,,NsightComputeProfilers,,236430921.05263156,32,575.0,1,1,144.0,1,1,2394.0,59210526.31578947,32
GPU,NCU,PolyBenchGPU,PolyBenchGPU,ADI/flag_O2,adi_kernel4,,NsightComputeProfilers,,182692307.6923077,32,456.0,1,1,74.0,1,1,2555.0,29647435.8974359,32
GPU,NCU,PolyBenchGPU,PolyBenchGPU,ADI/flag_O3,adi_kernel4,,NsightComputeProfilers,,196917808.21917808,32,460.0,1,1,70.0,1,1,2393.0,29965753.42465753,32
GPU,NCU,PolyBenchGPU,PolyBenchGPU,ADI/flag_O3,adi_kernel4,,NsightComputeProfilers,,193412162.16216215,32,458.0,1,1,73.0,1,1,2524.0,30827702.7027027,32
GPU,NCU,PolyBenchGPU,PolyBenchGPU,ADI/flag_O3,adi_kernel4,,NsightComputeProfilers,,203733766.23376623,32,502.0,1,1,71.0,1,1,2400.0,28814935.064935066,32
GPU,NCU,PolyBenchGPU,PolyBenchGPU,ADI/flag_O3,adi_kernel4,,NsightComputeProfilers,,191666666.6666667,32,460.0,1,1,74.0,1,1,4524.0,30833333.333333336,32
GPU,NCU,PolyBenchGPU,PolyBenchGPU,ADI/flag_O3,adi_kernel4,,NsightComputeProfilers,,219178082.1917808,32,512.0,1,1,70.0,1,1,2369.0,29965753.42465753,32
GPU,NCU,PolyBenchGPU,PolyBenchGPU,ADI/flag_O3,adi_kernel4,,NsightComputeProfilers,,186688311.6883117,32,460.0,1,1,70.0,1,1,2461.0,28409090.90909091,32
GPU,NCU,PolyBenchGPU,PolyBenchGPU,ADI/flag_O3,adi_kernel4,,NsightComputeProfilers,,191666666.6666667,32,460.0,1,1,70.0,1,1,2401.0,29166666.666666668,32
GPU,NCU,PolyBenchGPU,PolyBenchGPU,ADI/flag_O3,adi_kernel4,,NsightComputeProfilers,,190000000.0,32,456.0,1,1,248.0,1,1,2547.0,103333333.33333334,32
GPU,NCU,PolyBenchGPU,PolyBenchGPU,ADI/flag_O3,adi_kernel4,,NsightComputeProfilers,,192145270.27027026,32,455.0,1,1,132.0,1,1,2367.0,55743243.24324324,32
GPU,NCU,PolyBenchGPU,PolyBenchGPU,ADI/flag_O3,adi_kernel4,,NsightComputeProfilers,,193412162.16216215,32,458.0,1,1,1053.0,1,1,2482.0,444679054.054054,32
GPU,NCU,PolyBenchGPU,PolyBenchGPU,ADI/flag_O3,adi_kernel4,,NsightComputeProfilers,,202500000.0,32,486.0,1,1,77.0,1,1,2426.0,32083333.333333336,32
GPU,NCU,PolyBenchGPU,PolyBenchGPU,ADI/flag_O3,adi_kernel4,,NsightComputeProfilers,,183984375.0,32,471.0,1,1,150.0,1,1,2383.0,58593750.0,32
GPU,NCU,PolyBenchGPU,PolyBenchGPU,ADI/flag_O3,adi_kernel4,,NsightComputeProfilers,,192989864.86486486,32,457.0,1,1,160.0,1,1,2393.0,67567567.56756757,32
GPU,NCU,PolyBenchGPU,PolyBenchGPU,ADI/flag_O3,adi_kernel4,,NsightComputeProfilers,,188333333.33333334,32,452.0,1,1,80.0,1,1,2487.0,33333333.333333336,32
GPU,NCU,PolyBenchGPU,PolyBenchGPU,ADI/flag_O3,adi_kernel4,,NsightComputeProfilers,,192145270.27027026,32,455.0,1,1,150.0,1,1,2400.0,63344594.59459459,32
GPU,NCU,PolyBenchGPU,PolyBenchGPU,ADI/flag_O3,adi_kernel4,,NsightComputeProfilers,,191666666.6666667,32,460.0,1,1,73.0,1,1,2449.0,30416666.666666668,32
GPU,NCU,PolyBenchGPU,PolyBenchGPU,ADI/flag_O3,adi_kernel4,,NsightComputeProfilers,,185064935.06493506,32,456.0,1,1,74.0,1,1,2565.0,30032467.532467533,32
GPU,NCU,PolyBenchGPU,PolyBenchGPU,ADI/flag_O3,adi_kernel4,,NsightComputeProfilers,,174542682.92682925,32,458.0,1,1,129.0,1,1,2383.0,49161585.36585365,32
GPU,NCU,PolyBenchGPU,PolyBenchGPU,ADI/flag_O3,adi_kernel4,,NsightComputeProfilers,,193834459.45945945,32,459.0,1,1,160.0,1,1,2569.0,67567567.56756757,32
GPU,NCU,PolyBenchGPU,PolyBenchGPU,ADI/flag_O3,adi_kernel4,,NsightComputeProfilers,,191250000.0,32,459.0,1,1,118.0,1,1,2388.0,49166666.66666667,32
GPU,NCU,PolyBenchGPU,PolyBenchGPU,ADI/flag_O3,adi_kernel3,,NsightComputeProfilers,,960589422.5506295,32,561599.0,1,1,1047494.0,1,1,1587928.0,1791690613.02682,32
GPU,NCU,PolyBenchGPU,PolyBenchGPU,ADI/flag_O3,adi_kernel4,,NsightComputeProfilers,,193412162.16216215,32,458.0,1,1,74.0,1,1,2384.0,31250000.0,32
GPU,NCU,PolyBenchGPU,PolyBenchGPU,ADI/flag_O3,adi_kernel4,,NsightComputeProfilers,,183092948.71794873,32,457.0,1,1,247.0,1,1,2384.0,98958333.33333334,32
GPU,NCU,PolyBenchGPU,PolyBenchGPU,ADI/flag_O3,adi_kernel4,,NsightComputeProfilers,,196917808.21917808,32,460.0,1,1,70.0,1,1,2383.0,29965753.42465753,32
GPU,NCU,PolyBenchGPU,PolyBenchGPU,ADI/flag_O3,adi_kernel4,,NsightComputeProfilers,,190789473.6842105,32,464.0,1,1,77.0,1,1,2378.0,31661184.210526314,32
GPU,NCU,PolyBenchGPU,PolyBenchGPU,ADI/flag_O3,adi_kernel4,,NsightComputeProfilers,,193412162.16216215,32,458.0,1,1,75.0,1,1,2383.0,31672297.297297295,32
GPU,NCU,PolyBenchGPU,PolyBenchGPU,ADI/flag_O3,adi_kernel4,,NsightComputeProfilers,,187083333.33333334,32,449.0,1,1,70.0,1,1,2384.0,29166666.666666668,32
GPU,NCU,PolyBenchGPU,PolyBenchGPU,ADI/flag_O3,adi_kernel4,,NsightComputeProfilers,,194679054.05405405,32,461.0,1,1,70.0,1,1,2398.0,29560810.81081081,32
GPU,NCU,PolyBenchGPU,PolyBenchGPU,ADI/flag_O3,adi_kernel4,,NsightComputeProfilers,,187500000.0,32,456.0,1,1,159.0,1,1,2384.0,65378289.47368421,32
GPU,NCU,PolyBenchGPU,PolyBenchGPU,ADI/flag_O3,adi_kernel4,,NsightComputeProfilers,,195633561.6438356,32,457.0,1,1,77.0,1,1,2383.0,32962328.767123286,32
GPU,NCU,PolyBenchGPU,PolyBenchGPU,ADI/flag_O3,adi_kernel4,,NsightComputeProfilers,,194256756.75675675,32,460.0,1,1,70.0,1,1,2382.0,29560810.81081081,32
GPU,NCU,PolyBenchGPU,PolyBenchGPU,ADI/flag_O3,adi_kernel4,,NsightComputeProfilers,,189144736.84210524,32,460.0,1,1,70.0,1,1,2382.0,28782894.736842103,32
GPU,NCU,PolyBenchGPU,PolyBenchGPU,ADI/flag_O3,adi_kernel4,,NsightComputeProfilers,,193256578.9473684,32,470.0,1,1,70.0,1,1,2571.0,28782894.736842103,32
GPU,NCU,PolyBenchGPU,PolyBenchGPU,ADI/flag_O3,adi_kernel4,,NsightComputeProfilers,,189555921.05263156,32,461.0,1,1,160.0,1,1,2391.0,65789473.684210524,32
GPU,NCU,PolyBenchGPU,PolyBenchGPU,ADI/flag_O3,adi_kernel4,,NsightComputeProfilers,,426250000.0,32,1023.0,1,1,74.0,1,1,2395.0,30833333.333333336,32
GPU,NCU,PolyBenchGPU,PolyBenchGPU,ADI/flag_O3,adi_kernel4,,NsightComputeProfilers,,194256756.75675675,32,460.0,1,1,70.0,1,1,2551.0,29560810.81081081,32
GPU,NCU,PolyBenchGPU,PolyBenchGPU,ADI/flag_O3,adi_kernel4,,NsightComputeProfilers,,179687500.0,32,460.0,1,1,70.0,1,1,2377.0,27343750.0,32
GPU,NCU,PolyBenchGPU,PolyBenchGPU,ADI/flag_O3,adi_kernel4,,NsightComputeProfilers,,187094155.84415585,32,461.0,1,1,70.0,1,1,2465.0,28409090.90909091,32
GPU,NCU,PolyBenchGPU,PolyBenchGPU,ADI/flag_O3,adi_kernel4,,NsightComputeProfilers,,168014705.88235295,32,457.0,1,1,102.0,1,1,2399.0,37500000.0,32
GPU,NCU,PolyBenchGPU,PolyBenchGPU,ADI/flag_O3,adi_kernel4,,NsightComputeProfilers,,189555921.05263156,32,461.0,1,1,70.0,1,1,2392.0,28782894.736842103,32
GPU,NCU,PolyBenchGPU,PolyBenchGPU,ADI/flag_O3,adi_kernel4,,NsightComputeProfilers,,194256756.75675675,32,460.0,1,1,70.0,1,1,2550.0,29560810.81081081,32
GPU,NCU,PolyBenchGPU,PolyBenchGPU,ADI/flag_O3,adi_kernel4,,NsightComputeProfilers,,191666666.6666667,32,460.0,1,1,120.0,1,1,2383.0,50000000.0,32
GPU,NCU,PolyBenchGPU,PolyBenchGPU,ADI/flag_O3,adi_kernel4,,NsightComputeProfilers,,195945945.94594595,32,464.0,1,1,72.0,1,1,2367.0,30405405.405405406,32
GPU,NCU,PolyBenchGPU,PolyBenchGPU,ADI/flag_O3,adi_kernel4,,NsightComputeProfilers,,200086805.55555555,32,461.0,1,1,72.0,1,1,2570.0,31250000.0,32
GPU,NCU,PolyBenchGPU,PolyBenchGPU,ADI/flag_O3,adi_kernel4,,NsightComputeProfilers,,192989864.86486486,32,457.0,1,1,73.0,1,1,2569.0,30827702.7027027,32
GPU,NCU,PolyBenchGPU,PolyBenchGPU,ADI/flag_O3,adi_kernel4,,NsightComputeProfilers,,194777397.26027396,32,455.0,1,1,76.0,1,1,2383.0,32534246.575342465,32
GPU,NCU,PolyBenchGPU,PolyBenchGPU,ADI/flag_O3,adi_kernel4,,NsightComputeProfilers,,192145270.27027026,32,455.0,1,1,74.0,1,1,2479.0,31250000.0,32
GPU,NCU,PolyBenchGPU,PolyBenchGPU,ADI/flag_O3,adi_kernel4,,NsightComputeProfilers,,190833333.33333334,32,458.0,1,1,78.0,1,1,2374.0,32500000.0,32
GPU,NCU,PolyBenchGPU,PolyBenchGPU,ADI/flag_O3,adi_kernel4,,NsightComputeProfilers,,184294871.7948718,32,460.0,1,1,76.0,1,1,2400.0,30448717.948717948,32
GPU,NCU,PolyBenchGPU,PolyBenchGPU,ADI/flag_O3,adi_kernel4,,NsightComputeProfilers,,195945945.94594595,32,464.0,1,1,146.0,1,1,2384.0,61655405.4054054,32
GPU,NCU,PolyBenchGPU,PolyBenchGPU,ADI/flag_O3,adi_kernel4,,NsightComputeProfilers,,200246710.52631578,32,487.0,1,1,74.0,1,1,2368.0,30427631.578947365,32
GPU,NCU,PolyBenchGPU,PolyBenchGPU,ADI/flag_O3,adi_kernel4,,NsightComputeProfilers,,219606164.38356164,32,513.0,1,1,70.0,1,1,2577.0,29965753.42465753,32
GPU,NCU,PolyBenchGPU,PolyBenchGPU,ADI/flag_O3,adi_kernel4,,NsightComputeProfilers,,193834459.45945945,32,459.0,1,1,73.0,1,1,2392.0,30827702.7027027,32
GPU,NCU,PolyBenchGPU,PolyBenchGPU,ADI/flag_O3,adi_kernel4,,NsightComputeProfilers,,207770270.27027026,32,492.0,1,1,124.0,1,1,2395.0,52364864.86486486,32
GPU,NCU,PolyBenchGPU,PolyBenchGPU,ADI/flag_O3,adi_kernel4,,NsightComputeProfilers,,191666666.6666667,32,460.0,1,1,70.0,1,1,2367.0,29166666.666666668,32
GPU,NCU,PolyBenchGPU,PolyBenchGPU,ADI/flag_O3,adi_kernel4,,NsightComputeProfilers,,182692307.6923077,32,456.0,1,1,160.0,1,1,2501.0,64102564.102564104,32
GPU,NCU,PolyBenchGPU,PolyBenchGPU,ADI/flag_O3,adi_kernel4,,NsightComputeProfilers,,189144736.84210524,32,460.0,1,1,70.0,1,1,4693.0,28782894.736842103,32
GPU,NCU,PolyBenchGPU,PolyBenchGPU,ADI/flag_O3,adi_kernel4,,NsightComputeProfilers,,186688311.6883117,32,460.0,1,1,70.0,1,1,2536.0,28409090.90909091,32
GPU,NCU,PolyBenchGPU,PolyBenchGPU,ADI/flag_O3,adi_kernel4,,NsightComputeProfilers,,185496794.87179488,32,463.0,1,1,73.0,1,1,2383.0,29246794.871794872,32
GPU,NCU,PolyBenchGPU,PolyBenchGPU,ADI/flag_O3,adi_kernel4,,NsightComputeProfilers,,190833333.33333334,32,458.0,1,1,81.0,1,1,2400.0,33750000.0,32
GPU,NCU,PolyBenchGPU,PolyBenchGPU,ADI/flag_O3,adi_kernel4,,NsightComputeProfilers,,186677631.57894737,32,454.0,1,1,146.0,1,1,2383.0,60032894.7368421,32
GPU,NCU,PolyBenchGPU,PolyBenchGPU,ADI/flag_O3,adi_kernel4,,NsightComputeProfilers,,190000000.0,32,456.0,1,1,158.0,1,1,2439.0,65833333.333333336,32
GPU,NCU,PolyBenchGPU,PolyBenchGPU,ADI/flag_O3,adi_kernel4,,NsightComputeProfilers,,191722972.97297296,32,454.0,1,1,151.0,1,1,2367.0,63766891.89189189,32
GPU,NCU,PolyBenchGPU,PolyBenchGPU,ADI/flag_O3,adi_kernel4,,NsightComputeProfilers,,208192567.56756756,32,493.0,1,1,74.0,1,1,2384.0,31250000.0,32
GPU,NCU,PolyBenchGPU,PolyBenchGPU,ADI/flag_O3,adi_kernel4,,NsightComputeProfilers,,195945945.94594595,32,464.0,1,1,184.0,1,1,2432.0,77702702.7027027,32
GPU,NCU,PolyBenchGPU,PolyBenchGPU,ADI/flag_O3,adi_kernel4,,NsightComputeProfilers,,168750000.0,32,459.0,1,1,81.0,1,1,4530.0,29779411.764705885,32
GPU,NCU,PolyBenchGPU,PolyBenchGPU,ADI/flag_O3,adi_kernel4,,NsightComputeProfilers,,181170886.07594934,32,458.0,1,1,248.0,1,1,2384.0,98101265.8227848,32
GPU,NCU,PolyBenchGPU,PolyBenchGPU,ADI/flag_O3,adi_kernel4,,NsightComputeProfilers,,202922077.92207792,32,500.0,1,1,70.0,1,1,2378.0,28409090.90909091,32
GPU,NCU,PolyBenchGPU,PolyBenchGPU,ADI/flag_O3,adi_kernel2,,NsightComputeProfilers,,1042410714.2857143,32,2335.0,1,1,1030.0,1,1,4534.0,459821428.57142854,32
GPU,NCU,PolyBenchGPU,PolyBenchGPU,ADI/flag_O3,adi_kernel4,,NsightComputeProfilers,,196917808.21917808,32,460.0,1,1,70.0,1,1,2453.0,29965753.42465753,32
GPU,NCU,PolyBenchGPU,PolyBenchGPU,ADI/flag_O3,adi_kernel4,,NsightComputeProfilers,,434543918.9189189,32,1029.0,1,1,161.0,1,1,2392.0,67989864.86486487,32
GPU,NCU,PolyBenchGPU,PolyBenchGPU,ADI/flag_O3,adi_kernel4,,NsightComputeProfilers,,205236486.4864865,32,486.0,1,1,126.0,1,1,2392.0,53209459.45945946,32
GPU,NCU,PolyBenchGPU,PolyBenchGPU,ADI/flag_O3,adi_kernel1,,NsightComputeProfilers,,457173211.1313815,32,505202.0,1,1,2097593.0,1,1,2586657.0,1898178010.888136,32
GPU,NCU,PolyBenchGPU,PolyBenchGPU,ADI/flag_O3,adi_kernel4,,NsightComputeProfilers,,197345890.4109589,32,461.0,1,1,70.0,1,1,2403.0,29965753.42465753,32
GPU,NCU,PolyBenchGPU,PolyBenchGPU,ADI/flag_O3,adi_kernel4,,NsightComputeProfilers,,219583333.33333334,32,527.0,1,1,74.0,1,1,2383.0,30833333.333333336,32
GPU,NCU,PolyBenchGPU,PolyBenchGPU,ADI/flag_O3,adi_kernel4,,NsightComputeProfilers,,194256756.75675675,32,460.0,1,1,74.0,1,1,2394.0,31250000.0,32
GPU,NCU,PolyBenchGPU,PolyBenchGPU,ADI/flag_O3,adi_kernel4,,NsightComputeProfilers,,193412162.16216215,32,458.0,1,1,157.0,1,1,2465.0,66300675.675675675,32
GPU,NCU,PolyBenchGPU,PolyBenchGPU,ADI/flag_O3,adi_kernel4,,NsightComputeProfilers,,192500000.0,32,462.0,1,1,151.0,1,1,2384.0,62916666.66666667,32
GPU,NCU,PolyBenchGPU,PolyBenchGPU,ADI/flag_O3,adi_kernel4,,NsightComputeProfilers,,191666666.6666667,32,460.0,1,1,70.0,1,1,2384.0,29166666.666666668,32
GPU,NCU,PolyBenchGPU,PolyBenchGPU,ADI/flag_O3,adi_kernel4,,NsightComputeProfilers,,196917808.21917808,32,460.0,1,1,248.0,1,1,2383.0,106164383.56164382,32
GPU,NCU,PolyBenchGPU,PolyBenchGPU,ADI/flag_O3,adi_kernel4,,NsightComputeProfilers,,194256756.75675675,32,460.0,1,1,70.0,1,1,2393.0,29560810.81081081,32
GPU,NCU,PolyBenchGPU,PolyBenchGPU,ADI/flag_O3,adi_kernel4,,NsightComputeProfilers,,194256756.75675675,32,460.0,1,1,70.0,1,1,2400.0,29560810.81081081,32
GPU,NCU,PolyBenchGPU,PolyBenchGPU,ADI/flag_O3,adi_kernel4,,NsightComputeProfilers,,209760273.97260273,32,490.0,1,1,70.0,1,1,2391.0,29965753.42465753,32
GPU,NCU,PolyBenchGPU,PolyBenchGPU,ADI/flag_O3,adi_kernel4,,NsightComputeProfilers,,190416666.6666667,32,457.0,1,1,74.0,1,1,2549.0,30833333.333333336,32
GPU,NCU,PolyBenchGPU,PolyBenchGPU,ADI/flag_O3,adi_kernel4,,NsightComputeProfilers,,194679054.05405405,32,461.0,1,1,70.0,1,1,2399.0,29560810.81081081,32
GPU,NCU,PolyBenchGPU,PolyBenchGPU,ADI/flag_O3,adi_kernel4,,NsightComputeProfilers,,192083333.33333334,32,461.0,1,1,70.0,1,1,2380.0,29166666.666666668,32
GPU,NCU,PolyBenchGPU,PolyBenchGPU,ADI/flag_O3,adi_kernel4,,NsightComputeProfilers,,187088815.78947368,32,455.0,1,1,125.0,1,1,2488.0,51398026.31578947,32
GPU,NCU,PolyBenchGPU,PolyBenchGPU,ADI/flag_O3,adi_kernel4,,NsightComputeProfilers,,189144736.84210524,32,460.0,1,1,70.0,1,1,2384.0,28782894.736842103,32
GPU,NCU,PolyBenchGPU,PolyBenchGPU,ADI/flag_O3,adi_kernel4,,NsightComputeProfilers,,192989864.86486486,32,457.0,1,1,72.0,1,1,2553.0,30405405.405405406,32
GPU,NCU,PolyBenchGPU,PolyBenchGPU,ADI/flag_O3,adi_kernel4,,NsightComputeProfilers,,194679054.05405405,32,461.0,1,1,70.0,1,1,2383.0,29560810.81081081,32
GPU,NCU,PolyBenchGPU,PolyBenchGPU,ADI/flag_O3,adi_kernel4,,NsightComputeProfilers,,190378289.4736842,32,463.0,1,1,74.0,1,1,2367.0,30427631.578947365,32
GPU,NCU,PolyBenchGPU,PolyBenchGPU,ADI/flag_O3,adi_kernel4,,NsightComputeProfilers,,182357594.93670884,32,461.0,1,1,70.0,1,1,2592.0,27689873.417721517,32
GPU,NCU,PolyBenchGPU,PolyBenchGPU,ADI/flag_O3,adi_kernel4,,NsightComputeProfilers,,215460526.31578946,32,524.0,1,1,126.0,1,1,2367.0,51809210.526315786,32
GPU,NCU,PolyBenchGPU,PolyBenchGPU,ADI/flag_O3,adi_kernel4,,NsightComputeProfilers,,197345890.4109589,32,461.0,1,1,70.0,1,1,2555.0,29965753.42465753,32
GPU,NCU,PolyBenchGPU,PolyBenchGPU,ADI/flag_O3,adi_kernel4,,NsightComputeProfilers,,196489726.02739725,32,459.0,1,1,76.0,1,1,2528.0,32534246.575342465,32
GPU,NCU,PolyBenchGPU,PolyBenchGPU,ADI/flag_O3,adi_kernel4,,NsightComputeProfilers,,185876623.37662336,32,458.0,1,1,74.0,1,1,2392.0,30032467.532467533,32
GPU,NCU,PolyBenchGPU,PolyBenchGPU,ADI/flag_O3,adi_kernel4,,NsightComputeProfilers,,197345890.4109589,32,461.0,1,1,70.0,1,1,2394.0,29965753.42465753,32
GPU,NCU,PolyBenchGPU,PolyBenchGPU,ADI/flag_O3,adi_kernel4,,NsightComputeProfilers,,194256756.75675675,32,460.0,1,1,70.0,1,1,2384.0,29560810.81081081,32
GPU,NCU,PolyBenchGPU,PolyBenchGPU,ADI/flag_O3,adi_kernel4,,NsightComputeProfilers,,177610759.49367088,32,449.0,1,1,71.0,1,1,2391.0,28085443.03797468,32
GPU,NCU,PolyBenchGPU,PolyBenchGPU,ADI/flag_O3,adi_kernel4,,NsightComputeProfilers,,182753164.556962,32,462.0,1,1,150.0,1,1,2401.0,59335443.03797468,32
GPU,NCU,PolyBenchGPU,PolyBenchGPU,ATAX/flag_O1,atax_kernel2,,NsightComputeProfilers,,510807414.0533767,32,573886.0,1,1,533266.0,1,1,4327089.0,474652154.71816343,32
GPU,NCU,PolyBenchGPU,PolyBenchGPU,ATAX/flag_O1,atax_kernel1,,NsightComputeProfilers,,2050814926.6279428,32,2146629.0,1,1,1169028.0,1,1,6818199.0,1116848822.9899116,32
GPU,NCU,PolyBenchGPU,PolyBenchGPU,ATAX/flag_O2,atax_kernel2,,NsightComputeProfilers,,509980380.4486906,32,573936.0,1,1,533339.0,1,1,4392005.0,473907240.75179845,32
GPU,NCU,PolyBenchGPU,PolyBenchGPU,ATAX/flag_O2,atax_kernel1,,NsightComputeProfilers,,2099285881.984661,32,2145974.0,1,1,1190135.0,1,1,6933411.0,1164242252.3086555,32
GPU,NCU,PolyBenchGPU,PolyBenchGPU,ATAX/flag_O3,atax_kernel2,,NsightComputeProfilers,,501196619.0928388,32,574235.0,1,1,532882.0,1,1,4283291.0,465103410.2334935,32
GPU,NCU,PolyBenchGPU,PolyBenchGPU,ATAX/flag_O3,atax_kernel1,,NsightComputeProfilers,,2145706698.8344405,32,2191436.0,1,1,1140442.0,1,1,6767117.0,1116644081.3385136,32
GPU,NCU,PolyBenchGPU,PolyBenchGPU,BICG/flag_O1,bicg_kernel2,,NsightComputeProfilers,,3872106922.851276,32,2112002.0,1,1,524513.0,1,1,4218870.0,961632810.2082722,32
GPU,NCU,PolyBenchGPU,PolyBenchGPU,BICG/flag_O1,bicg_kernel1,,NsightComputeProfilers,,474682726.9427303,32,543994.0,1,1,524519.0,1,1,4235282.0,457689072.4038757,32
GPU,NCU,PolyBenchGPU,PolyBenchGPU,BICG/flag_O2,bicg_kernel2,,NsightComputeProfilers,,3864011411.5785775,32,2110183.0,1,1,525203.0,1,1,4277541.0,961712981.9524201,32
GPU,NCU,PolyBenchGPU,PolyBenchGPU,BICG/flag_O2,bicg_kernel1,,NsightComputeProfilers,,490589155.1818786,32,543353.0,1,1,524522.0,1,1,4236366.0,473586793.21602964,32
GPU,NCU,PolyBenchGPU,PolyBenchGPU,BICG/flag_O3,bicg_kernel2,,NsightComputeProfilers,,3864751727.8744216,32,2111453.0,1,1,527108.0,1,1,4211090.0,964805540.912552,32
GPU,NCU,PolyBenchGPU,PolyBenchGPU,BICG/flag_O3,bicg_kernel1,,NsightComputeProfilers,,474588827.3250105,32,541335.0,1,1,524631.0,1,1,4213565.0,459944417.1693084,32
GPU,NCU,PolyBenchGPU,PolyBenchGPU,CORR/flag_O1,std_kernel,,NsightComputeProfilers,,286473665.2236652,32,158821.0,1,1,131780.0,1,1,1064791.0,237698412.6984127,32
GPU,NCU,PolyBenchGPU,PolyBenchGPU,CORR/flag_O1,mean_kernel,,NsightComputeProfilers,,245830204.48243994,32,136186.0,1,1,131224.0,1,1,1058450.0,236873267.09796673,32
GPU,NCU,PolyBenchGPU,PolyBenchGPU,CORR/flag_O1,corr_kernel,,NsightComputeProfilers,,393958331.7400042,32,372530604.0,1,1,4297355968.0,1,1,5386138695.0,4544537200.079891,32
GPU,NCU,PolyBenchGPU,PolyBenchGPU,CORR/flag_O1,reduce_kernel,,NsightComputeProfilers,,5446633454.10628,32,144314.0,1,1,262347.0,1,1,1629603.0,9901381340.57971,32
GPU,NCU,PolyBenchGPU,PolyBenchGPU,CORR/flag_O2,std_kernel,,NsightComputeProfilers,,244963693.8445548,32,135753.0,1,1,131978.0,1,1,1056873.0,238151778.49636218,32
GPU,NCU,PolyBenchGPU,PolyBenchGPU,CORR/flag_O2,mean_kernel,,NsightComputeProfilers,,249002678.83000287,32,137569.0,1,1,131514.0,1,1,1055020.0,238043006.08166808,32
GPU,NCU,PolyBenchGPU,PolyBenchGPU,CORR/flag_O2,corr_kernel,,NsightComputeProfilers,,401016439.20706594,32,379888609.0,1,1,4297354649.0,1,1,5390220695.0,4536355706.711677,32
GPU,NCU,PolyBenchGPU,PolyBenchGPU,CORR/flag_O2,reduce_kernel,,NsightComputeProfilers,,5525589045.287638,32,144461.0,1,1,262276.0,1,1,1632301.0,10031976744.186047,32
GPU,NCU,PolyBenchGPU,PolyBenchGPU,CORR/flag_O3,std_kernel,,NsightComputeProfilers,,256688836.68645877,32,142489.0,1,1,132640.0,1,1,1078581.0,238946215.48394537,32
GPU,NCU,PolyBenchGPU,PolyBenchGPU,CORR/flag_O3,mean_kernel,,NsightComputeProfilers,,246838056.3282337,32,136302.0,1,1,131344.0,1,1,1055182.0,237859295.31757072,32
GPU,NCU,PolyBenchGPU,PolyBenchGPU,CORR/flag_O3,corr_kernel,,NsightComputeProfilers,,396657563.378526,32,375028734.0,1,1,4297352257.0,1,1,5397886289.0,4545191129.917072,32
GPU,NCU,PolyBenchGPU,PolyBenchGPU,CORR/flag_O3,reduce_kernel,,NsightComputeProfilers,,5494867700.729927,32,144537.0,1,1,262268.0,1,1,1627194.0,9970650851.581509,32
GPU,NCU,PolyBenchGPU,PolyBenchGPU,COVAR/flag_O1,covar_kernel,,NsightComputeProfilers,,391450302.7751609,32,370479928.0,1,1,4301552126.0,1,1,5376879904.0,4545034035.219952,32
GPU,NCU,PolyBenchGPU,PolyBenchGPU,COVAR/flag_O1,mean_kernel,,NsightComputeProfilers,,286645021.6450216,32,158916.0,1,1,131312.0,1,1,1062525.0,236854256.85425684,32
GPU,NCU,PolyBenchGPU,PolyBenchGPU,COVAR/flag_O1,reduce_kernel,,NsightComputeProfilers,,4606095679.012346,32,35817.0,1,1,32784.0,1,1,275991.0,4216049382.7160497,32
GPU,NCU,PolyBenchGPU,PolyBenchGPU,COVAR/flag_O2,covar_kernel,,NsightComputeProfilers,,400074961.90419364,32,378502075.0,1,1,4313479537.0,1,1,5374938881.0,4559328139.587594,32
GPU,NCU,PolyBenchGPU,PolyBenchGPU,COVAR/flag_O2,mean_kernel,,NsightComputeProfilers,,238922849.91568297,32,136014.0,1,1,131422.0,1,1,1061351.0,230856520.51714444,32
GPU,NCU,PolyBenchGPU,PolyBenchGPU,COVAR/flag_O2,reduce_kernel,,NsightComputeProfilers,,4611368312.757202,32,35858.0,1,1,32793.0,1,1,283216.0,4217206790.123457,32
GPU,NCU,PolyBenchGPU,PolyBenchGPU,COVAR/flag_O3,covar_kernel,,NsightComputeProfilers,,396310892.7977568,32,374972411.0,1,1,4301547816.0,1,1,5376788777.0,4546335157.898325,32
GPU,NCU,PolyBenchGPU,PolyBenchGPU,COVAR/flag_O3,mean_kernel,,NsightComputeProfilers,,246144832.77398446,32,136124.0,1,1,131208.0,1,1,1055600.0,237255525.98078924,32
GPU,NCU,PolyBenchGPU,PolyBenchGPU,COVAR/flag_O3,reduce_kernel,,NsightComputeProfilers,,4611882716.049383,32,35862.0,1,1,32786.0,1,1,276071.0,4216306584.36214,32
GPU,NCU,PolyBenchGPU,PolyBenchGPU,FDTD-2D/flag_O1,fdtd_step1_kernel,,NsightComputeProfilers,,4529706990.64449,32,278885.0,1,1,131154.0,1,1,1639946.0,2130229989.6049895,32
GPU,NCU,PolyBenchGPU,PolyBenchGPU,FDTD-2D/flag_O1,fdtd_step1_kernel,,NsightComputeProfilers,,5295868772.782503,32,278944.0,1,1,154587.0,1,1,1641855.0,2934898997.569866,32
GPU,NCU,PolyBenchGPU,PolyBenchGPU,FDTD-2D/flag_O1,fdtd_step3_kernel,,NsightComputeProfilers,,6990408544.172543,32,539324.0,1,1,131603.0,1,1,2287112.0,1705762650.352551,32
GPU,NCU,PolyBenchGPU,PolyBenchGPU,FDTD-2D/flag_O1,fdtd_step3_kernel,,NsightComputeProfilers,,6151684623.813003,32,538986.0,1,1,131014.0,1,1,2286737.0,1495320489.4083273,32
GPU,NCU,PolyBenchGPU,PolyBenchGPU,FDTD-2D/flag_O1,fdtd_step1_kernel,,NsightComputeProfilers,,4146110846.8125596,32,278884.0,1,1,131355.0,1,1,1648073.0,1952827664.1294007,32
GPU,NCU,PolyBenchGPU,PolyBenchGPU,FDTD-2D/flag_O1,fdtd_step2_kernel,,NsightComputeProfilers,,5767282765.242439,32,384424.0,1,1,131298.0,1,1,1697714.0,1969785165.6265004,32
GPU,NCU,PolyBenchGPU,PolyBenchGPU,FDTD-2D/flag_O1,fdtd_step3_kernel,,NsightComputeProfilers,,7320754460.400349,32,538339.0,1,1,131210.0,1,1,2286397.0,1784296127.067015,32
GPU,NCU,PolyBenchGPU,PolyBenchGPU,FDTD-2D/flag_O1,fdtd_step1_kernel,,NsightComputeProfilers,,4587366466.909848,32,281701.0,1,1,131842.0,1,1,1641402.0,2146984106.3053672,32
GPU,NCU,PolyBenchGPU,PolyBenchGPU,FDTD-2D/flag_O1,fdtd_step3_kernel,,NsightComputeProfilers,,5628606975.577116,32,538365.0,1,1,131209.0,1,1,2286981.0,1371790314.4864502,32
GPU,NCU,PolyBenchGPU,PolyBenchGPU,FDTD-2D/flag_O1,fdtd_step3_kernel,,NsightComputeProfilers,,7327485300.522648,32,538365.0,1,1,131760.0,1,1,2304283.0,1793336236.9337978,32
GPU,NCU,PolyBenchGPU,PolyBenchGPU,FDTD-2D/flag_O1,fdtd_step2_kernel,,NsightComputeProfilers,,7950194049.15912,32,393312.0,1,1,131078.0,1,1,1697487.0,2649539133.247089,32
GPU,NCU,PolyBenchGPU,PolyBenchGPU,FDTD-2D/flag_O1,fdtd_step3_kernel,,NsightComputeProfilers,,7326872822.299651,32,538320.0,1,1,131234.0,1,1,2286157.0,1786177047.0383275,32
GPU,NCU,PolyBenchGPU,PolyBenchGPU,FDTD-2D/flag_O1,fdtd_step3_kernel,,NsightComputeProfilers,,7333015475.152572,32,538302.0,1,1,131253.0,1,1,2286913.0,1787993134.2632957,32
GPU,NCU,PolyBenchGPU,PolyBenchGPU,FDTD-2D/flag_O1,fdtd_step3_kernel,,NsightComputeProfilers,,7317447803.392779,32,538330.0,1,1,131258.0,1,1,2286858.0,1784172466.2896912,32
GPU,NCU,PolyBenchGPU,PolyBenchGPU,FDTD-2D/flag_O1,fdtd_step1_kernel,,NsightComputeProfilers,,5658753229.97416,32,280312.0,1,1,147767.0,1,1,1640337.0,2983022448.3204136,32
GPU,NCU,PolyBenchGPU,PolyBenchGPU,FDTD-2D/flag_O1,fdtd_step3_kernel,,NsightComputeProfilers,,7031522302.904565,32,542271.0,1,1,131014.0,1,1,2425330.0,1698832987.5518672,32
GPU,NCU,PolyBenchGPU,PolyBenchGPU,FDTD-2D/flag_O1,fdtd_step1_kernel,,NsightComputeProfilers,,5615314916.237114,32,278879.0,1,1,131277.0,1,1,1642699.0,2643302996.134021,32
GPU,NCU,PolyBenchGPU,PolyBenchGPU,FDTD-2D/flag_O1,fdtd_step1_kernel,,NsightComputeProfilers,,5635106727.037516,32,278780.0,1,1,131078.0,1,1,1640323.0,2649539133.247089,32
GPU,NCU,PolyBenchGPU,PolyBenchGPU,FDTD-2D/flag_O1,fdtd_step2_kernel,,NsightComputeProfilers,,7763623868.046572,32,384082.0,1,1,131104.0,1,1,1696025.0,2650064683.05304,32
GPU,NCU,PolyBenchGPU,PolyBenchGPU,FDTD-2D/flag_O1,fdtd_step2_kernel,,NsightComputeProfilers,,7758847769.877182,32,384094.0,1,1,131357.0,1,1,1697966.0,2653462346.477052,32
GPU,NCU,PolyBenchGPU,PolyBenchGPU,FDTD-2D/flag_O1,fdtd_step1_kernel,,NsightComputeProfilers,,5635658914.728682,32,279168.0,1,1,131278.0,1,1,1641063.0,2650153423.7726097,32
GPU,NCU,PolyBenchGPU,PolyBenchGPU,FDTD-2D/flag_O1,fdtd_step3_kernel,,NsightComputeProfilers,,7332734204.793028,32,538516.0,1,1,131758.0,1,1,2287230.0,1794090413.943355,32
GPU,NCU,PolyBenchGPU,PolyBenchGPU,FDTD-2D/flag_O1,fdtd_step2_kernel,,NsightComputeProfilers,,7761963363.460298,32,384745.0,1,1,131343.0,1,1,1689923.0,2649753873.466753,32
GPU,NCU,PolyBenchGPU,PolyBenchGPU,FDTD-2D/flag_O1,fdtd_step1_kernel,,NsightComputeProfilers,,5323686621.869273,32,278876.0,1,1,131356.0,1,1,1640472.0,2507559560.171045,32
GPU,NCU,PolyBenchGPU,PolyBenchGPU,FDTD-2D/flag_O1,fdtd_step1_kernel,,NsightComputeProfilers,,5620809155.383623,32,278972.0,1,1,131843.0,1,1,1643022.0,2656411186.331399,32
GPU,NCU,PolyBenchGPU,PolyBenchGPU,FDTD-2D/flag_O1,fdtd_step3_kernel,,NsightComputeProfilers,,7332375217.959895,32,538255.0,1,1,131014.0,1,1,2287818.0,1784737358.326068,32
GPU,NCU,PolyBenchGPU,PolyBenchGPU,FDTD-2D/flag_O1,fdtd_step3_kernel,,NsightComputeProfilers,,7325048998.257839,32,538186.0,1,1,131018.0,1,1,2286916.0,1783237151.567944,32
GPU,NCU,PolyBenchGPU,PolyBenchGPU,FDTD-2D/flag_O1,fdtd_step3_kernel,,NsightComputeProfilers,,7336012423.714037,32,538522.0,1,1,131205.0,1,1,2287924.0,1787339254.5771577,32
GPU,NCU,PolyBenchGPU,PolyBenchGPU,FDTD-2D/flag_O1,fdtd_step3_kernel,,NsightComputeProfilers,,7330010893.246187,32,538316.0,1,1,131218.0,1,1,2286110.0,1786737472.7668846,32
GPU,NCU,PolyBenchGPU,PolyBenchGPU,FDTD-2D/flag_O1,fdtd_step3_kernel,,NsightComputeProfilers,,7338137532.693984,32,538678.0,1,1,131289.0,1,1,2288261.0,1788483544.0278988,32
GPU,NCU,PolyBenchGPU,PolyBenchGPU,FDTD-2D/flag_O1,fdtd_step1_kernel,,NsightComputeProfilers,,5615502253.702511,32,279068.0,1,1,131279.0,1,1,1641218.0,2641641178.3644557,32
GPU,NCU,PolyBenchGPU,PolyBenchGPU,FDTD-2D/flag_O1,fdtd_step2_kernel,,NsightComputeProfilers,,7692030147.530468,32,383740.0,1,1,131277.0,1,1,1697115.0,2631434413.085311,32
GPU,NCU,PolyBenchGPU,PolyBenchGPU,FDTD-2D/flag_O1,fdtd_step2_kernel,,NsightComputeProfilers,,6795132993.774759,32,384224.0,1,1,131299.0,1,1,1697380.0,2322067770.232032,32
GPU,NCU,PolyBenchGPU,PolyBenchGPU,FDTD-2D/flag_O1,fdtd_step1_kernel,,NsightComputeProfilers,,5626653225.806452,32,279082.0,1,1,131348.0,1,1,1640444.0,2648145161.290323,32
GPU,NCU,PolyBenchGPU,PolyBenchGPU,FDTD-2D/flag_O1,fdtd_step2_kernel,,NsightComputeProfilers,,7701473904.639175,32,382486.0,1,1,131078.0,1,1,1697456.0,2639296069.587629,32
GPU,NCU,PolyBenchGPU,PolyBenchGPU,FDTD-2D/flag_O1,fdtd_step2_kernel,,NsightComputeProfilers,,7415628867.574257,32,383477.0,1,1,131078.0,1,1,1694176.0,2534769492.5742574,32
GPU,NCU,PolyBenchGPU,PolyBenchGPU,FDTD-2D/flag_O1,fdtd_step3_kernel,,NsightComputeProfilers,,7326627831.010452,32,538302.0,1,1,131213.0,1,1,2286763.0,1785891223.8675957,32
GPU,NCU,PolyBenchGPU,PolyBenchGPU,FDTD-2D/flag_O1,fdtd_step2_kernel,,NsightComputeProfilers,,7740014553.6869335,32,382914.0,1,1,131078.0,1,1,1690636.0,2649539133.247089,32
GPU,NCU,PolyBenchGPU,PolyBenchGPU,FDTD-2D/flag_O1,fdtd_step3_kernel,,NsightComputeProfilers,,7330746187.363834,32,538370.0,1,1,131301.0,1,1,2286806.0,1787867647.0588236,32
GPU,NCU,PolyBenchGPU,PolyBenchGPU,FDTD-2D/flag_O1,fdtd_step3_kernel,,NsightComputeProfilers,,7341801983.435048,32,538947.0,1,1,131014.0,1,1,2287727.0,1784737358.326068,32
GPU,NCU,PolyBenchGPU,PolyBenchGPU,FDTD-2D/flag_O1,fdtd_step2_kernel,,NsightComputeProfilers,,7707693240.620956,32,381315.0,1,1,131078.0,1,1,1696829.0,2649539133.247089,32
GPU,NCU,PolyBenchGPU,PolyBenchGPU,FDTD-2D/flag_O1,fdtd_step2_kernel,,NsightComputeProfilers,,7734626853.642811,32,383885.0,1,1,131078.0,1,1,1697543.0,2640997743.3913603,32
GPU,NCU,PolyBenchGPU,PolyBenchGPU,FDTD-2D/flag_O1,fdtd_step3_kernel,,NsightComputeProfilers,,7330187908.496732,32,538329.0,1,1,131278.0,1,1,2287714.0,1787554466.2309368,32
GPU,NCU,PolyBenchGPU,PolyBenchGPU,FDTD-2D/flag_O1,fdtd_step1_kernel,,NsightComputeProfilers,,5505411681.360201,32,279763.0,1,1,131930.0,1,1,1641280.0,2596229534.005038,32
GPU,NCU,PolyBenchGPU,PolyBenchGPU,FDTD-2D/flag_O1,fdtd_step3_kernel,,NsightComputeProfilers,,6149145650.584795,32,538370.0,1,1,131209.0,1,1,2286306.0,1498640807.748538,32
GPU,NCU,PolyBenchGPU,PolyBenchGPU,FDTD-2D/flag_O1,fdtd_step1_kernel,,NsightComputeProfilers,,5615496134.020618,32,278888.0,1,1,131367.0,1,1,1640501.0,2645115173.9690723,32
GPU,NCU,PolyBenchGPU,PolyBenchGPU,FDTD-2D/flag_O1,fdtd_step2_kernel,,NsightComputeProfilers,,7740584677.419355,32,383933.0,1,1,131274.0,1,1,1696304.0,2646653225.806452,32
GPU,NCU,PolyBenchGPU,PolyBenchGPU,FDTD-2D/flag_O1,fdtd_step1_kernel,,NsightComputeProfilers,,5637694049.15912,32,278908.0,1,1,131667.0,1,1,1641723.0,2661444857.6972833,32
GPU,NCU,PolyBenchGPU,PolyBenchGPU,FDTD-2D/flag_O1,fdtd_step2_kernel,,NsightComputeProfilers,,7759864165.588615,32,383896.0,1,1,131281.0,1,1,1697494.0,2653642464.4243207,32
GPU,NCU,PolyBenchGPU,PolyBenchGPU,FDTD-2D/flag_O1,fdtd_step1_kernel,,NsightComputeProfilers,,5637491914.61837,32,278898.0,1,1,131278.0,1,1,1641120.0,2653581824.0620956,32
GPU,NCU,PolyBenchGPU,PolyBenchGPU,FDTD-2D/flag_O1,fdtd_step2_kernel,,NsightComputeProfilers,,7769190368.455074,32,384606.0,1,1,131301.0,1,1,1697569.0,2652331124.7575955,32
GPU,NCU,PolyBenchGPU,PolyBenchGPU,FDTD-2D/flag_O1,fdtd_step1_kernel,,NsightComputeProfilers,,5615133698.4536085,32,278870.0,1,1,131270.0,1,1,1640300.0,2643162048.9690723,32
GPU,NCU,PolyBenchGPU,PolyBenchGPU,FDTD-2D/flag_O1,fdtd_step2_kernel,,NsightComputeProfilers,,7737864077.669903,32,382560.0,1,1,132369.0,1,1,1698408.0,2677366504.8543687,32
GPU,NCU,PolyBenchGPU,PolyBenchGPU,FDTD-2D/flag_O1,fdtd_step3_kernel,,NsightComputeProfilers,,7317189538.92997,32,538311.0,1,1,131205.0,1,1,2286441.0,1783452044.3671162,32
GPU,NCU,PolyBenchGPU,PolyBenchGPU,FDTD-2D/flag_O1,fdtd_step2_kernel,,NsightComputeProfilers,,7734314594.0721655,32,384117.0,1,1,131409.0,1,1,1697171.0,2645960856.958763,32
GPU,NCU,PolyBenchGPU,PolyBenchGPU,FDTD-2D/flag_O1,fdtd_step1_kernel,,NsightComputeProfilers,,5649563671.622496,32,279676.0,1,1,131705.0,1,1,1639935.0,2660492081.4479637,32
GPU,NCU,PolyBenchGPU,PolyBenchGPU,FDTD-2D/flag_O1,fdtd_step3_kernel,,NsightComputeProfilers,,7329084967.320261,32,538248.0,1,1,131014.0,1,1,2285894.0,1783959694.9891067,32
GPU,NCU,PolyBenchGPU,PolyBenchGPU,FDTD-2D/flag_O1,fdtd_step1_kernel,,NsightComputeProfilers,,5609294562.419562,32,278939.0,1,1,131357.0,1,1,1640369.0,2641509813.3848133,32
GPU,NCU,PolyBenchGPU,PolyBenchGPU,FDTD-2D/flag_O1,fdtd_step1_kernel,,NsightComputeProfilers,,5633908371.040724,32,278901.0,1,1,131282.0,1,1,1640353.0,2651947317.388494,32
GPU,NCU,PolyBenchGPU,PolyBenchGPU,FDTD-2D/flag_O1,fdtd_step2_kernel,,NsightComputeProfilers,,7772800776.196636,32,384536.0,1,1,131274.0,1,1,1696791.0,2653500970.2457952,32
GPU,NCU,PolyBenchGPU,PolyBenchGPU,FDTD-2D/flag_O1,fdtd_step3_kernel,,NsightComputeProfilers,,7336734415.86748,32,538575.0,1,1,131206.0,1,1,2286387.0,1787352877.070619,32
GPU,NCU,PolyBenchGPU,PolyBenchGPU,FDTD-2D/flag_O1,fdtd_step3_kernel,,NsightComputeProfilers,,7324262946.040035,32,538597.0,1,1,131210.0,1,1,2288593.0,1784296127.067015,32
GPU,NCU,PolyBenchGPU,PolyBenchGPU,FDTD-2D/flag_O1,fdtd_step1_kernel,,NsightComputeProfilers,,5336100061.199511,32,279014.0,1,1,131412.0,1,1,1640236.0,2513234394.124847,32
GPU,NCU,PolyBenchGPU,PolyBenchGPU,FDTD-2D/flag_O1,fdtd_step1_kernel,,NsightComputeProfilers,,5650509379.04269,32,279542.0,1,1,131078.0,1,1,1641861.0,2649539133.247089,32
GPU,NCU,PolyBenchGPU,PolyBenchGPU,FDTD-2D/flag_O1,fdtd_step3_kernel,,NsightComputeProfilers,,6940594059.405941,32,538368.0,1,1,131292.0,1,1,2286993.0,1692605198.019802,32
GPU,NCU,PolyBenchGPU,PolyBenchGPU,FDTD-2D/flag_O1,fdtd_step2_kernel,,NsightComputeProfilers,,7743019690.122661,32,383806.0,1,1,131286.0,1,1,1697218.0,2648603938.0245323,32
GPU,NCU,PolyBenchGPU,PolyBenchGPU,FDTD-2D/flag_O1,fdtd_step2_kernel,,NsightComputeProfilers,,7783675614.489003,32,385074.0,1,1,131078.0,1,1,1695929.0,2649539133.247089,32
GPU,NCU,PolyBenchGPU,PolyBenchGPU,FDTD-2D/flag_O1,fdtd_step3_kernel,,NsightComputeProfilers,,7331337108.013937,32,538648.0,1,1,131777.0,1,1,2288448.0,1793567617.5958188,32
GPU,NCU,PolyBenchGPU,PolyBenchGPU,FDTD-2D/flag_O1,fdtd_step1_kernel,,NsightComputeProfilers,,5638886642.949547,32,278967.0,1,1,131846.0,1,1,1640606.0,2665063065.976714,32
GPU,NCU,PolyBenchGPU,PolyBenchGPU,FDTD-2D/flag_O1,fdtd_step2_kernel,,NsightComputeProfilers,,7726985341.494845,32,383753.0,1,1,131326.0,1,1,1696884.0,2644289626.28866,32
GPU,NCU,PolyBenchGPU,PolyBenchGPU,FDTD-2D/flag_O1,fdtd_step2_kernel,,NsightComputeProfilers,,7639748549.323017,32,379176.0,1,1,131078.0,1,1,1697730.0,2640997743.3913603,32
GPU,NCU,PolyBenchGPU,PolyBenchGPU,FDTD-2D/flag_O1,fdtd_step2_kernel,,NsightComputeProfilers,,7728032377.57732,32,383805.0,1,1,131348.0,1,1,1698260.0,2644732603.0927835,32
GPU,NCU,PolyBenchGPU,PolyBenchGPU,FDTD-2D/flag_O1,fdtd_step2_kernel,,NsightComputeProfilers,,7761824870.633893,32,383993.0,1,1,131896.0,1,1,1699079.0,2666073738.6804657,32
GPU,NCU,PolyBenchGPU,PolyBenchGPU,FDTD-2D/flag_O1,fdtd_step2_kernel,,NsightComputeProfilers,,7711274983.881367,32,382726.0,1,1,131279.0,1,1,1695607.0,2645047549.9677625,32
GPU,NCU,PolyBenchGPU,PolyBenchGPU,FDTD-2D/flag_O1,fdtd_step3_kernel,,NsightComputeProfilers,,7332911220.043572,32,538529.0,1,1,131283.0,1,1,2288961.0,1787622549.0196078,32
GPU,NCU,PolyBenchGPU,PolyBenchGPU,FDTD-2D/flag_O1,fdtd_step1_kernel,,NsightComputeProfilers,,5403111438.313701,32,278887.0,1,1,131278.0,1,1,1640250.0,2543358648.481091,32
GPU,NCU,PolyBenchGPU,PolyBenchGPU,FDTD-2D/flag_O1,fdtd_step3_kernel,,NsightComputeProfilers,,7322395606.785559,32,538694.0,1,1,131756.0,1,1,2286809.0,1790941713.7886038,32
GPU,NCU,PolyBenchGPU,PolyBenchGPU,FDTD-2D/flag_O1,fdtd_step2_kernel,,NsightComputeProfilers,,7698832417.5824175,32,381123.0,1,1,131082.0,1,1,1697125.0,2647907239.8190045,32
GPU,NCU,PolyBenchGPU,PolyBenchGPU,FDTD-2D/flag_O1,fdtd_step1_kernel,,NsightComputeProfilers,,5636845084.087969,32,278866.0,1,1,131324.0,1,1,1640992.0,2654511642.949547,32
GPU,NCU,PolyBenchGPU,PolyBenchGPU,FDTD-2D/flag_O1,fdtd_step1_kernel,,NsightComputeProfilers,,5664936166.774403,32,280437.0,1,1,131278.0,1,1,1640994.0,2651866515.8371043,32
GPU,NCU,PolyBenchGPU,PolyBenchGPU,FDTD-2D/flag_O1,fdtd_step1_kernel,,NsightComputeProfilers,,5632211538.461538,32,278817.0,1,1,131094.0,1,1,1640310.0,2648149644.473174,32
GPU,NCU,PolyBenchGPU,PolyBenchGPU,FDTD-2D/flag_O1,fdtd_step1_kernel,,NsightComputeProfilers,,5645186084.142395,32,279098.0,1,1,131630.0,1,1,1641542.0,2662419093.851133,32
GPU,NCU,PolyBenchGPU,PolyBenchGPU,FDTD-2D/flag_O1,fdtd_step3_kernel,,NsightComputeProfilers,,7318399304.045238,32,538400.0,1,1,131779.0,1,1,2287121.0,1791254349.7172685,32
GPU,NCU,PolyBenchGPU,PolyBenchGPU,FDTD-2D/flag_O1,fdtd_step1_kernel,,NsightComputeProfilers,,5606137387.387387,32,278782.0,1,1,131078.0,1,1,1640400.0,2635899292.149292,32
GPU,NCU,PolyBenchGPU,PolyBenchGPU,FDTD-2D/flag_O1,fdtd_step1_kernel,,NsightComputeProfilers,,5633383160.956691,32,278875.0,1,1,131343.0,1,1,1640286.0,2653179541.0471883,32
GPU,NCU,PolyBenchGPU,PolyBenchGPU,FDTD-2D/flag_O1,fdtd_step1_kernel,,NsightComputeProfilers,,5617368717.783505,32,278981.0,1,1,131281.0,1,1,1640400.0,2643383537.3711343,32
GPU,NCU,PolyBenchGPU,PolyBenchGPU,FDTD-2D/flag_O1,fdtd_step2_kernel,,NsightComputeProfilers,,7742867504.835589,32,384294.0,1,1,131365.0,1,1,1699006.0,2646780303.030303,32
GPU,NCU,PolyBenchGPU,PolyBenchGPU,FDTD-2D/flag_O1,fdtd_step2_kernel,,NsightComputeProfilers,,7760962783.171521,32,383702.0,1,1,131846.0,1,1,1697626.0,2666788025.8899674,32
GPU,NCU,PolyBenchGPU,PolyBenchGPU,FDTD-2D/flag_O1,fdtd_step1_kernel,,NsightComputeProfilers,,4176788710.450623,32,278809.0,1,1,131079.0,1,1,1639842.0,1963671500.4793863,32
GPU,NCU,PolyBenchGPU,PolyBenchGPU,FDTD-2D/flag_O1,fdtd_step3_kernel,,NsightComputeProfilers,,7327866398.083623,32,538393.0,1,1,131278.0,1,1,2286533.0,1786775914.6341462,32
GPU,NCU,PolyBenchGPU,PolyBenchGPU,FDTD-2D/flag_O1,fdtd_step1_kernel,,NsightComputeProfilers,,5630608457.0690775,32,279098.0,1,1,131078.0,1,1,1641136.0,2644407682.375726,32
GPU,NCU,PolyBenchGPU,PolyBenchGPU,FDTD-2D/flag_O1,fdtd_step2_kernel,,NsightComputeProfilers,,7577236093.5524645,32,383590.0,1,1,131078.0,1,1,1698937.0,2589246207.3324904,32
GPU,NCU,PolyBenchGPU,PolyBenchGPU,FDTD-2D/flag_O1,fdtd_step2_kernel,,NsightComputeProfilers,,7754322882.999353,32,383870.0,1,1,131553.0,1,1,1696389.0,2657421622.495152,32
GPU,NCU,PolyBenchGPU,PolyBenchGPU,FDTD-2D/flag_O1,fdtd_step3_kernel,,NsightComputeProfilers,,7077066680.689946,32,538310.0,1,1,131042.0,1,1,2286583.0,1722786074.884308,32
GPU,NCU,PolyBenchGPU,PolyBenchGPU,FDTD-2D/flag_O1,fdtd_step2_kernel,,NsightComputeProfilers,,6295825682.056663,32,383995.0,1,1,131078.0,1,1,1696711.0,2149101521.511018,32
GPU,NCU,PolyBenchGPU,PolyBenchGPU,FDTD-2D/flag_O1,fdtd_step3_kernel,,NsightComputeProfilers,,7335066419.860627,32,538922.0,1,1,131288.0,1,1,2289461.0,1786912020.9059234,32
GPU,NCU,PolyBenchGPU,PolyBenchGPU,FDTD-2D/flag_O1,fdtd_step3_kernel,,NsightComputeProfilers,,7320904046.99739,32,538350.0,1,1,131590.0,1,1,2287281.0,1789463664.0557008,32
GPU,NCU,PolyBenchGPU,PolyBenchGPU,FDTD-2D/flag_O1,fdtd_step1_kernel,,NsightComputeProfilers,,5235536570.743405,32,279452.0,1,1,131277.0,1,1,1641473.0,2459476169.0647483,32
GPU,NCU,PolyBenchGPU,PolyBenchGPU,FDTD-2D/flag_O1,fdtd_step2_kernel,,NsightComputeProfilers,,7720521907.2164955,32,383432.0,1,1,131284.0,1,1,1696234.0,2643443943.2989693,32
GPU,NCU,PolyBenchGPU,PolyBenchGPU,FDTD-2D/flag_O1,fdtd_step2_kernel,,NsightComputeProfilers,,7957086836.998706,32,393653.0,1,1,131876.0,1,1,1698807.0,2665669469.5989647,32
GPU,NCU,PolyBenchGPU,PolyBenchGPU,FDTD-2D/flag_O2,fdtd_step1_kernel,,NsightComputeProfilers,,5563658146.964856,32,278628.0,1,1,131098.0,1,1,1639823.0,2617771565.495208,32
GPU,NCU,PolyBenchGPU,PolyBenchGPU,FDTD-2D/flag_O2,fdtd_step1_kernel,,NsightComputeProfilers,,5601321497.429306,32,278901.0,1,1,131358.0,1,1,1640289.0,2638134640.1028275,32
GPU,NCU,PolyBenchGPU,PolyBenchGPU,FDTD-2D/flag_O2,fdtd_step3_kernel,,NsightComputeProfilers,,7333642109.851788,32,538348.0,1,1,131301.0,1,1,2285718.0,1788647013.9494333,32
GPU,NCU,PolyBenchGPU,PolyBenchGPU,FDTD-2D/flag_O2,fdtd_step3_kernel,,NsightComputeProfilers,,7332852005.231037,32,538290.0,1,1,131588.0,1,1,2286939.0,1792556669.5727987,32
GPU,NCU,PolyBenchGPU,PolyBenchGPU,FDTD-2D/flag_O2,fdtd_step1_kernel,,NsightComputeProfilers,,5634352779.573368,32,278923.0,1,1,131343.0,1,1,1640326.0,2653179541.0471883,32
GPU,NCU,PolyBenchGPU,PolyBenchGPU,FDTD-2D/flag_O2,fdtd_step2_kernel,,NsightComputeProfilers,,7781391402.714932,32,385210.0,1,1,131082.0,1,1,1744165.0,2647907239.8190045,32
GPU,NCU,PolyBenchGPU,PolyBenchGPU,FDTD-2D/flag_O2,fdtd_step3_kernel,,NsightComputeProfilers,,7331353530.950305,32,538180.0,1,1,131018.0,1,1,2355315.0,1784791848.299913,32
GPU,NCU,PolyBenchGPU,PolyBenchGPU,FDTD-2D/flag_O2,fdtd_step1_kernel,,NsightComputeProfilers,,5635059793.148028,32,278958.0,1,1,131833.0,1,1,1641695.0,2663077731.092437,32
GPU,NCU,PolyBenchGPU,PolyBenchGPU,FDTD-2D/flag_O2,fdtd_step3_kernel,,NsightComputeProfilers,,7333846447.253705,32,538363.0,1,1,131779.0,1,1,2287134.0,1795158565.8238885,32
GPU,NCU,PolyBenchGPU,PolyBenchGPU,FDTD-2D/flag_O2,fdtd_step3_kernel,,NsightComputeProfilers,,7333342414.995641,32,538326.0,1,1,131294.0,1,1,2286701.0,1788551656.495205,32
GPU,NCU,PolyBenchGPU,PolyBenchGPU,FDTD-2D/flag_O2,fdtd_step2_kernel,,NsightComputeProfilers,,7790614886.731392,32,385168.0,1,1,131934.0,1,1,1697419.0,2668567961.1650486,32
GPU,NCU,PolyBenchGPU,PolyBenchGPU,FDTD-2D/flag_O2,fdtd_step3_kernel,,NsightComputeProfilers,,7205808351.17773,32,538418.0,1,1,131283.0,1,1,2286517.0,1756999464.6680942,32
GPU,NCU,PolyBenchGPU,PolyBenchGPU,FDTD-2D/flag_O2,fdtd_step3_kernel,,NsightComputeProfilers,,7333083587.619878,32,538307.0,1,1,131210.0,1,1,2307063.0,1787407367.0444639,32
GPU,NCU,PolyBenchGPU,PolyBenchGPU,FDTD-2D/flag_O2,fdtd_step3_kernel,,NsightComputeProfilers,,7333642109.851788,32,538348.0,1,1,131238.0,1,1,2286388.0,1787788796.8613775,32
GPU,NCU,PolyBenchGPU,PolyBenchGPU,FDTD-2D/flag_O2,fdtd_step1_kernel,,NsightComputeProfilers,,5612161944.62331,32,278902.0,1,1,131385.0,1,1,1640276.0,2643774146.8126206,32
GPU,NCU,PolyBenchGPU,PolyBenchGPU,FDTD-2D/flag_O2,fdtd_step3_kernel,,NsightComputeProfilers,,7336717727.867423,32,538339.0,1,1,131217.0,1,1,2286651.0,1788282272.1325774,32
GPU,NCU,PolyBenchGPU,PolyBenchGPU,FDTD-2D/flag_O2,fdtd_step1_kernel,,NsightComputeProfilers,,5637269566.623545,32,278887.0,1,1,131270.0,1,1,1640010.0,2653420116.4294953,32
GPU,NCU,PolyBenchGPU,PolyBenchGPU,FDTD-2D/flag_O2,fdtd_step1_kernel,,NsightComputeProfilers,,5635180995.475113,32,278964.0,1,1,131843.0,1,1,1640264.0,2663279734.9709115,32
GPU,NCU,PolyBenchGPU,PolyBenchGPU,FDTD-2D/flag_O2,fdtd_step2_kernel,,NsightComputeProfilers,,7780299967.658473,32,384907.0,1,1,131925.0,1,1,1699512.0,2666659928.8486414,32
GPU,NCU,PolyBenchGPU,PolyBenchGPU,FDTD-2D/flag_O2,fdtd_step2_kernel,,NsightComputeProfilers,,7802562338.082902,32,385509.0,1,1,131359.0,1,1,1698518.0,2658658516.8393784,32
GPU,NCU,PolyBenchGPU,PolyBenchGPU,FDTD-2D/flag_O2,fdtd_step1_kernel,,NsightComputeProfilers,,5634473981.900453,32,278929.0,1,1,131359.0,1,1,1640369.0,2653502747.2527475,32
GPU,NCU,PolyBenchGPU,PolyBenchGPU,FDTD-2D/flag_O2,fdtd_step3_kernel,,NsightComputeProfilers,,7334922624.237141,32,538442.0,1,1,131293.0,1,1,2287036.0,1788538034.0017438,32
GPU,NCU,PolyBenchGPU,PolyBenchGPU,FDTD-2D/flag_O2,fdtd_step2_kernel,,NsightComputeProfilers,,7785431480.284422,32,385410.0,1,1,131282.0,1,1,1698473.0,2651947317.388494,32
GPU,NCU,PolyBenchGPU,PolyBenchGPU,FDTD-2D/flag_O2,fdtd_step1_kernel,,NsightComputeProfilers,,5621250000.0,32,278814.0,1,1,131078.0,1,1,1640394.0,2642701612.903226,32
GPU,NCU,PolyBenchGPU,PolyBenchGPU,FDTD-2D/flag_O2,fdtd_step1_kernel,,NsightComputeProfilers,,5633302359.405301,32,278871.0,1,1,131774.0,1,1,1640325.0,2661885908.209438,32
GPU,NCU,PolyBenchGPU,PolyBenchGPU,FDTD-2D/flag_O2,fdtd_step3_kernel,,NsightComputeProfilers,,7333451394.943331,32,538334.0,1,1,131293.0,1,1,2288073.0,1788538034.0017438,32
GPU,NCU,PolyBenchGPU,PolyBenchGPU,FDTD-2D/flag_O2,fdtd_step3_kernel,,NsightComputeProfilers,,7330705337.690632,32,538367.0,1,1,131035.0,1,1,2286518.0,1784245642.701525,32
GPU,NCU,PolyBenchGPU,PolyBenchGPU,FDTD-2D/flag_O2,fdtd_step3_kernel,,NsightComputeProfilers,,7333601242.371404,32,538345.0,1,1,131293.0,1,1,2286677.0,1788538034.0017438,32
GPU,NCU,PolyBenchGPU,PolyBenchGPU,FDTD-2D/flag_O2,fdtd_step3_kernel,,NsightComputeProfilers,,7334350479.51177,32,538400.0,1,1,131748.0,1,1,2286488.0,1794736268.526591,32
GPU,NCU,PolyBenchGPU,PolyBenchGPU,FDTD-2D/flag_O2,fdtd_step3_kernel,,NsightComputeProfilers,,7332416085.440279,32,538258.0,1,1,131018.0,1,1,2286930.0,1784791848.299913,32
GPU,NCU,PolyBenchGPU,PolyBenchGPU,FDTD-2D/flag_O2,fdtd_step1_kernel,,NsightComputeProfilers,,5626452550.032279,32,278892.0,1,1,131389.0,1,1,1640282.0,2650681891.542931,32
GPU,NCU,PolyBenchGPU,PolyBenchGPU,FDTD-2D/flag_O2,fdtd_step2_kernel,,NsightComputeProfilers,,7763318020.63185,32,385309.0,1,1,131363.0,1,1,1698011.0,2646740006.447453,32
GPU,NCU,PolyBenchGPU,PolyBenchGPU,FDTD-2D/flag_O2,fdtd_step2_kernel,,NsightComputeProfilers,,7782181023.316062,32,384502.0,1,1,131274.0,1,1,1697106.0,2656938147.668394,32
GPU,NCU,PolyBenchGPU,PolyBenchGPU,FDTD-2D/flag_O2,fdtd_step1_kernel,,NsightComputeProfilers,,5639654754.204398,32,279005.0,1,1,131934.0,1,1,1640296.0,2666841849.9353166,32
GPU,NCU,PolyBenchGPU,PolyBenchGPU,FDTD-2D/flag_O2,fdtd_step2_kernel,,NsightComputeProfilers,,7286000908.540278,32,384934.0,1,1,131082.0,1,1,1698550.0,2481109933.373713,32
GPU,NCU,PolyBenchGPU,PolyBenchGPU,FDTD-2D/flag_O2,fdtd_step2_kernel,,NsightComputeProfilers,,7802805213.73057,32,385521.0,1,1,131383.0,1,1,1698365.0,2659144268.134715,32
GPU,NCU,PolyBenchGPU,PolyBenchGPU,FDTD-2D/flag_O2,fdtd_step3_kernel,,NsightComputeProfilers,,7334323234.524848,32,538398.0,1,1,131211.0,1,1,2286350.0,1787420989.537925,32
GPU,NCU,PolyBenchGPU,PolyBenchGPU,FDTD-2D/flag_O2,fdtd_step2_kernel,,NsightComputeProfilers,,7792253236.2459545,32,385249.0,1,1,131304.0,1,1,1699270.0,2655825242.7184467,32
GPU,NCU,PolyBenchGPU,PolyBenchGPU,FDTD-2D/flag_O2,fdtd_step3_kernel,,NsightComputeProfilers,,7324404114.061819,32,538373.0,1,1,131590.0,1,1,2286899.0,1790242707.8798432,32
GPU,NCU,PolyBenchGPU,PolyBenchGPU,FDTD-2D/flag_O2,fdtd_step3_kernel,,NsightComputeProfilers,,7334486704.446382,32,538410.0,1,1,131308.0,1,1,2286154.0,1788742371.4036617,32
GPU,NCU,PolyBenchGPU,PolyBenchGPU,FDTD-2D/flag_O2,fdtd_step2_kernel,,NsightComputeProfilers,,7746252417.7949705,32,384462.0,1,1,131365.0,1,1,1698030.0,2646780303.030303,32
GPU,NCU,PolyBenchGPU,PolyBenchGPU,FDTD-2D/flag_O2,fdtd_step2_kernel,,NsightComputeProfilers,,7779672330.097087,32,384627.0,1,1,131343.0,1,1,1699201.0,2656614077.669903,32
GPU,NCU,PolyBenchGPU,PolyBenchGPU,FDTD-2D/flag_O2,fdtd_step3_kernel,,NsightComputeProfilers,,7334200632.083696,32,538389.0,1,1,131206.0,1,1,2286377.0,1787352877.070619,32
GPU,NCU,PolyBenchGPU,PolyBenchGPU,FDTD-2D/flag_O2,fdtd_step1_kernel,,NsightComputeProfilers,,5630309270.02584,32,278903.0,1,1,131363.0,1,1,1640157.0,2651869347.5452194,32
GPU,NCU,PolyBenchGPU,PolyBenchGPU,FDTD-2D/flag_O2,fdtd_step3_kernel,,NsightComputeProfilers,,7335603748.910201,32,538492.0,1,1,131832.0,1,1,2287027.0,1795880557.977332,32
GPU,NCU,PolyBenchGPU,PolyBenchGPU,FDTD-2D/flag_O2,fdtd_step1_kernel,,NsightComputeProfilers,,5619156995.486782,32,278890.0,1,1,131278.0,1,1,1641434.0,2645027401.6763377,32
GPU,NCU,PolyBenchGPU,PolyBenchGPU,FDTD-2D/flag_O2,fdtd_step2_kernel,,NsightComputeProfilers,,7790459034.974093,32,384911.0,1,1,131357.0,1,1,1698077.0,2658618037.564767,32
GPU,NCU,PolyBenchGPU,PolyBenchGPU,FDTD-2D/flag_O2,fdtd_step1_kernel,,NsightComputeProfilers,,5628452034.88372,32,278811.0,1,1,131078.0,1,1,1640526.0,2646115956.0723515,32
GPU,NCU,PolyBenchGPU,PolyBenchGPU,FDTD-2D/flag_O2,fdtd_step2_kernel,,NsightComputeProfilers,,7777851941.747573,32,384537.0,1,1,131342.0,1,1,1698907.0,2656593851.132686,32
GPU,NCU,PolyBenchGPU,PolyBenchGPU,FDTD-2D/flag_O2,fdtd_step1_kernel,,NsightComputeProfilers,,5633706367.16225,32,278891.0,1,1,131335.0,1,1,1640749.0,2653017937.9444084,32
GPU,NCU,PolyBenchGPU,PolyBenchGPU,FDTD-2D/flag_O2,fdtd_step2_kernel,,NsightComputeProfilers,,7776676337.84655,32,385972.0,1,1,131381.0,1,1,1697562.0,2647102675.693101,32
GPU,NCU,PolyBenchGPU,PolyBenchGPU,FDTD-2D/flag_O2,fdtd_step1_kernel,,NsightComputeProfilers,,5634958791.208792,32,278953.0,1,1,131282.0,1,1,1639920.0,2651947317.388494,32
GPU,NCU,PolyBenchGPU,PolyBenchGPU,FDTD-2D/flag_O2,fdtd_step2_kernel,,NsightComputeProfilers,,7752877495.170637,32,385287.0,1,1,131350.0,1,1,1699953.0,2643069864.777849,32
GPU,NCU,PolyBenchGPU,PolyBenchGPU,FDTD-2D/flag_O2,fdtd_step3_kernel,,NsightComputeProfilers,,7558581845.885938,32,555586.0,1,1,131787.0,1,1,2286112.0,1792922834.1314757,32
GPU,NCU,PolyBenchGPU,PolyBenchGPU,FDTD-2D/flag_O2,fdtd_step2_kernel,,NsightComputeProfilers,,7789814964.447317,32,385627.0,1,1,131845.0,1,1,1742741.0,2663320135.7466063,32
GPU,NCU,PolyBenchGPU,PolyBenchGPU,FDTD-2D/flag_O2,fdtd_step1_kernel,,NsightComputeProfilers,,5616019652.061856,32,278914.0,1,1,131282.0,1,1,1639976.0,2643403672.6804123,32
GPU,NCU,PolyBenchGPU,PolyBenchGPU,FDTD-2D/flag_O2,fdtd_step3_kernel,,NsightComputeProfilers,,7334023539.668701,32,538376.0,1,1,131300.0,1,1,2286794.0,1788633391.4559722,32
GPU,NCU,PolyBenchGPU,PolyBenchGPU,FDTD-2D/flag_O2,fdtd_step1_kernel,,NsightComputeProfilers,,5632761966.364812,32,278664.0,1,1,131082.0,1,1,1640352.0,2649619987.0633893,32
GPU,NCU,PolyBenchGPU,PolyBenchGPU,FDTD-2D/flag_O2,fdtd_step1_kernel,,NsightComputeProfilers,,5639906957.9288025,32,278837.0,1,1,131667.0,1,1,1641583.0,2663167475.728155,32
GPU,NCU,PolyBenchGPU,PolyBenchGPU,FDTD-2D/flag_O2,fdtd_step2_kernel,,NsightComputeProfilers,,7761955645.16129,32,384993.0,1,1,131845.0,1,1,1698027.0,2658165322.580645,32
GPU,NCU,PolyBenchGPU,PolyBenchGPU,FDTD-2D/flag_O2,fdtd_step3_kernel,,NsightComputeProfilers,,7331304466.230937,32,538411.0,1,1,131229.0,1,1,2286439.0,1786887254.9019608,32
GPU,NCU,PolyBenchGPU,PolyBenchGPU,FDTD-2D/flag_O2,fdtd_step3_kernel,,NsightComputeProfilers,,7331345315.9041395,32,538414.0,1,1,131242.0,1,1,2286804.0,1787064270.1525054,32
GPU,NCU,PolyBenchGPU,PolyBenchGPU,FDTD-2D/flag_O2,fdtd_step1_kernel,,NsightComputeProfilers,,5635100193.923723,32,278960.0,1,1,131908.0,1,1,1641683.0,2664592760.1809955,32
GPU,NCU,PolyBenchGPU,PolyBenchGPU,FDTD-2D/flag_O2,fdtd_step1_kernel,,NsightComputeProfilers,,5410575729.360646,32,278926.0,1,1,131278.0,1,1,1640343.0,2546516139.044072,32
GPU,NCU,PolyBenchGPU,PolyBenchGPU,FDTD-2D/flag_O2,fdtd_step3_kernel,,NsightComputeProfilers,,7329765795.206971,32,538298.0,1,1,131293.0,1,1,2286795.0,1787758714.5969498,32
GPU,NCU,PolyBenchGPU,PolyBenchGPU,FDTD-2D/flag_O2,fdtd_step2_kernel,,NsightComputeProfilers,,7743721828.718609,32,384832.0,1,1,131082.0,1,1,1697363.0,2637677076.6258855,32
GPU,NCU,PolyBenchGPU,PolyBenchGPU,FDTD-2D/flag_O2,fdtd_step2_kernel,,NsightComputeProfilers,,7782099514.563107,32,384747.0,1,1,131366.0,1,1,1699510.0,2657079288.02589,32
GPU,NCU,PolyBenchGPU,PolyBenchGPU,FDTD-2D/flag_O2,fdtd_step3_kernel,,NsightComputeProfilers,,7333628487.358326,32,538347.0,1,1,131603.0,1,1,2286539.0,1792761006.9747167,32
GPU,NCU,PolyBenchGPU,PolyBenchGPU,FDTD-2D/flag_O2,fdtd_step1_kernel,,NsightComputeProfilers,,5634110374.919199,32,278911.0,1,1,131574.0,1,1,1640276.0,2657845830.6399484,32
GPU,NCU,PolyBenchGPU,PolyBenchGPU,FDTD-2D/flag_O2,fdtd_step2_kernel,,NsightComputeProfilers,,7783171521.035599,32,384800.0,1,1,131274.0,1,1,1697959.0,2655218446.6019416,32
GPU,NCU,PolyBenchGPU,PolyBenchGPU,FDTD-2D/flag_O2,fdtd_step2_kernel,,NsightComputeProfilers,,7785717173.350581,32,385175.0,1,1,131842.0,1,1,1697513.0,2664982212.1604137,32
GPU,NCU,PolyBenchGPU,PolyBenchGPU,FDTD-2D/flag_O2,fdtd_step2_kernel,,NsightComputeProfilers,,7643154954.663213,32,377633.0,1,1,131310.0,1,1,1698536.0,2657666774.611399,32
GPU,NCU,PolyBenchGPU,PolyBenchGPU,FDTD-2D/flag_O2,fdtd_step2_kernel,,NsightComputeProfilers,,7797451456.310679,32,385506.0,1,1,131342.0,1,1,1697083.0,2656593851.132686,32
GPU,NCU,PolyBenchGPU,PolyBenchGPU,FDTD-2D/flag_O2,fdtd_step2_kernel,,NsightComputeProfilers,,7788389967.63754,32,385058.0,1,1,131709.0,1,1,1697511.0,2664016990.291262,32
GPU,NCU,PolyBenchGPU,PolyBenchGPU,FDTD-2D/flag_O2,fdtd_step3_kernel,,NsightComputeProfilers,,7327049760.452961,32,538333.0,1,1,131283.0,1,1,2286930.0,1786843967.7700348,32
GPU,NCU,PolyBenchGPU,PolyBenchGPU,FDTD-2D/flag_O2,fdtd_step1_kernel,,NsightComputeProfilers,,5620607672.469375,32,278962.0,1,1,131845.0,1,1,1640341.0,2656451482.914249,32
GPU,NCU,PolyBenchGPU,PolyBenchGPU,FDTD-2D/flag_O2,fdtd_step3_kernel,,NsightComputeProfilers,,7333737467.306016,32,538355.0,1,1,131293.0,1,1,2286738.0,1788538034.0017438,32
GPU,NCU,PolyBenchGPU,PolyBenchGPU,FDTD-2D/flag_O2,fdtd_step2_kernel,,NsightComputeProfilers,,7740109223.300971,32,382671.0,1,1,131275.0,1,1,1694606.0,2655238673.1391587,32
GPU,NCU,PolyBenchGPU,PolyBenchGPU,FDTD-2D/flag_O2,fdtd_step1_kernel,,NsightComputeProfilers,,5638886642.949547,32,278967.0,1,1,131880.0,1,1,1640400.0,2665750323.415265,32
GPU,NCU,PolyBenchGPU,PolyBenchGPU,FDTD-2D/flag_O2,fdtd_step1_kernel,,NsightComputeProfilers,,5637815329.88357,32,278914.0,1,1,131357.0,1,1,1640261.0,2655178686.934023,32
GPU,NCU,PolyBenchGPU,PolyBenchGPU,FDTD-2D/flag_O2,fdtd_step1_kernel,,NsightComputeProfilers,,5635059793.148028,32,278958.0,1,1,131409.0,1,1,1640510.0,2654512766.6451197,32
GPU,NCU,PolyBenchGPU,PolyBenchGPU,FDTD-2D/flag_O2,fdtd_step1_kernel,,NsightComputeProfilers,,5630410206.718346,32,278908.0,1,1,131273.0,1,1,1641677.0,2650052487.0801034,32
GPU,NCU,PolyBenchGPU,PolyBenchGPU,FDTD-2D/flag_O2,fdtd_step3_kernel,,NsightComputeProfilers,,7329793028.32244,32,538300.0,1,1,131337.0,1,1,2286246.0,1788357843.137255,32
GPU,NCU,PolyBenchGPU,PolyBenchGPU,FDTD-2D/flag_O2,fdtd_step1_kernel,,NsightComputeProfilers,,5637229139.715394,32,278885.0,1,1,131278.0,1,1,1640354.0,2653581824.0620956,32
GPU,NCU,PolyBenchGPU,PolyBenchGPU,FDTD-2D/flag_O2,fdtd_step1_kernel,,NsightComputeProfilers,,5625968366.688187,32,278868.0,1,1,131099.0,1,1,1640236.0,2644831342.801808,32
GPU,NCU,PolyBenchGPU,PolyBenchGPU,FDTD-2D/flag_O2,fdtd_step1_kernel,,NsightComputeProfilers,,5638260025.87322,32,278936.0,1,1,131347.0,1,1,1640631.0,2654976552.393273,32
GPU,NCU,PolyBenchGPU,PolyBenchGPU,FDTD-2D/flag_O2,fdtd_step2_kernel,,NsightComputeProfilers,,7796055825.242719,32,385437.0,1,1,131754.0,1,1,1698989.0,2664927184.466019,32
GPU,NCU,PolyBenchGPU,PolyBenchGPU,FDTD-2D/flag_O2,fdtd_step2_kernel,,NsightComputeProfilers,,7772912629.198966,32,385039.0,1,1,131365.0,1,1,1697639.0,2651909722.2222223,32
GPU,NCU,PolyBenchGPU,PolyBenchGPU,FDTD-2D/flag_O2,fdtd_step1_kernel,,NsightComputeProfilers,,5637977037.5161705,32,278922.0,1,1,131359.0,1,1,1641262.0,2655219113.842173,32
GPU,NCU,PolyBenchGPU,PolyBenchGPU,FDTD-2D/flag_O2,fdtd_step3_kernel,,NsightComputeProfilers,,7334595684.394072,32,538418.0,1,1,131278.0,1,1,2287934.0,1788333696.5998256,32
GPU,NCU,PolyBenchGPU,PolyBenchGPU,FDTD-2D/flag_O2,fdtd_step1_kernel,,NsightComputeProfilers,,5636764230.271668,32,278862.0,1,1,131099.0,1,1,1640069.0,2649963615.782665,32
GPU,NCU,PolyBenchGPU,PolyBenchGPU,FDTD-2D/flag_O2,fdtd_step2_kernel,,NsightComputeProfilers,,7754536290.32258,32,384625.0,1,1,131409.0,1,1,1698168.0,2649375000.0,32
GPU,NCU,PolyBenchGPU,PolyBenchGPU,FDTD-2D/flag_O2,fdtd_step2_kernel,,NsightComputeProfilers,,7782180420.711974,32,384751.0,1,1,131347.0,1,1,1698642.0,2656694983.8187704,32
GPU,NCU,PolyBenchGPU,PolyBenchGPU,FDTD-2D/flag_O2,fdtd_step3_kernel,,NsightComputeProfilers,,7333015475.152572,32,538302.0,1,1,131598.0,1,1,2286972.0,1792692894.5074108,32
GPU,NCU,PolyBenchGPU,PolyBenchGPU,FDTD-2D/flag_O2,fdtd_step2_kernel,,NsightComputeProfilers,,7801314724.919094,32,385697.0,1,1,131082.0,1,1,1697684.0,2651334951.4563107,32
GPU,NCU,PolyBenchGPU,PolyBenchGPU,FDTD-2D/flag_O2,fdtd_step3_kernel,,NsightComputeProfilers,,7327839176.8292675,32,538391.0,1,1,131817.0,1,1,2287989.0,1794112042.6829267,32
GPU,NCU,PolyBenchGPU,PolyBenchGPU,FDTD-2D/flag_O2,fdtd_step3_kernel,,NsightComputeProfilers,,7330296840.958606,32,538337.0,1,1,131213.0,1,1,2288176.0,1786669389.9782135,32
GPU,NCU,PolyBenchGPU,PolyBenchGPU,FDTD-2D/flag_O2,fdtd_step1_kernel,,NsightComputeProfilers,,5642192556.634304,32,278950.0,1,1,131846.0,1,1,1640387.0,2666788025.8899674,32
GPU,NCU,PolyBenchGPU,PolyBenchGPU,FDTD-2D/flag_O2,fdtd_step2_kernel,,NsightComputeProfilers,,7750241779.497098,32,384660.0,1,1,131845.0,1,1,1697617.0,2656451482.914249,32
GPU,NCU,PolyBenchGPU,PolyBenchGPU,FDTD-2D/flag_O2,fdtd_step2_kernel,,NsightComputeProfilers,,7802076586.787565,32,385485.0,1,1,131343.0,1,1,1697865.0,2658334682.642487,32
GPU,NCU,PolyBenchGPU,PolyBenchGPU,FDTD-2D/flag_O3,fdtd_step1_kernel,,NsightComputeProfilers,,4127174424.0714617,32,280912.0,1,1,131082.0,1,1,1641487.0,1925863892.80677,32
GPU,NCU,PolyBenchGPU,PolyBenchGPU,FDTD-2D/flag_O3,fdtd_step1_kernel,,NsightComputeProfilers,,5687358688.630491,32,281729.0,1,1,131078.0,1,1,1640391.0,2646115956.0723515,32
GPU,NCU,PolyBenchGPU,PolyBenchGPU,FDTD-2D/flag_O3,fdtd_step3_kernel,,NsightComputeProfilers,,5751860367.892976,32,550338.0,1,1,131603.0,1,1,2285706.0,1375449414.715719,32
GPU,NCU,PolyBenchGPU,PolyBenchGPU,FDTD-2D/flag_O3,fdtd_step3_kernel,,NsightComputeProfilers,,7319116847.826087,32,538687.0,1,1,131206.0,1,1,2287635.0,1782690217.3913043,32
GPU,NCU,PolyBenchGPU,PolyBenchGPU,FDTD-2D/flag_O3,fdtd_step1_kernel,,NsightComputeProfilers,,4253751830.1610537,32,278910.0,1,1,131343.0,1,1,1641600.0,2003157027.8184478,32
GPU,NCU,PolyBenchGPU,PolyBenchGPU,FDTD-2D/flag_O3,fdtd_step2_kernel,,NsightComputeProfilers,,5677587126.600285,32,383169.0,1,1,131837.0,1,1,1693271.0,1953488027.5011854,32
GPU,NCU,PolyBenchGPU,PolyBenchGPU,FDTD-2D/flag_O3,fdtd_step3_kernel,,NsightComputeProfilers,,7377506538.796862,32,541568.0,1,1,131639.0,1,1,2285703.0,1793251416.73932,32
GPU,NCU,PolyBenchGPU,PolyBenchGPU,FDTD-2D/flag_O3,fdtd_step1_kernel,,NsightComputeProfilers,,5649316785.252263,32,279483.0,1,1,131847.0,1,1,1642282.0,2665083279.430789,32
GPU,NCU,PolyBenchGPU,PolyBenchGPU,FDTD-2D/flag_O3,fdtd_step3_kernel,,NsightComputeProfilers,,7314971751.412429,32,538616.0,1,1,131837.0,1,1,2282366.0,1790485115.1673186,32
GPU,NCU,PolyBenchGPU,PolyBenchGPU,FDTD-2D/flag_O3,fdtd_step3_kernel,,NsightComputeProfilers,,5458326573.653472,32,538322.0,1,1,131014.0,1,1,2285926.0,1328419046.073978,32
GPU,NCU,PolyBenchGPU,PolyBenchGPU,FDTD-2D/flag_O3,fdtd_step2_kernel,,NsightComputeProfilers,,5563429368.02974,32,383120.0,1,1,131282.0,1,1,1695122.0,1906395213.754647,32
GPU,NCU,PolyBenchGPU,PolyBenchGPU,FDTD-2D/flag_O3,fdtd_step3_kernel,,NsightComputeProfilers,,7327485300.522648,32,538365.0,1,1,131209.0,1,1,2287746.0,1785836781.3588848,32
GPU,NCU,PolyBenchGPU,PolyBenchGPU,FDTD-2D/flag_O3,fdtd_step3_kernel,,NsightComputeProfilers,,7328900805.749128,32,538469.0,1,1,131599.0,1,1,2285187.0,1791144925.958188,32
GPU,NCU,PolyBenchGPU,PolyBenchGPU,FDTD-2D/flag_O3,fdtd_step3_kernel,,NsightComputeProfilers,,7328567538.126362,32,538210.0,1,1,131126.0,1,1,2282427.0,1785484749.4553378,32
GPU,NCU,PolyBenchGPU,PolyBenchGPU,FDTD-2D/flag_O3,fdtd_step1_kernel,,NsightComputeProfilers,,5620294401.544401,32,279486.0,1,1,131078.0,1,1,1643219.0,2635899292.149292,32
GPU,NCU,PolyBenchGPU,PolyBenchGPU,FDTD-2D/flag_O3,fdtd_step3_kernel,,NsightComputeProfilers,,7320849651.871193,32,538346.0,1,1,131014.0,1,1,2289201.0,1781630765.883377,32
GPU,NCU,PolyBenchGPU,PolyBenchGPU,FDTD-2D/flag_O3,fdtd_step1_kernel,,NsightComputeProfilers,,4133238501.659554,32,278944.0,1,1,131286.0,1,1,1640085.0,1945323613.086771,32
GPU,NCU,PolyBenchGPU,PolyBenchGPU,FDTD-2D/flag_O3,fdtd_step1_kernel,,NsightComputeProfilers,,4139935988.620199,32,279396.0,1,1,131343.0,1,1,1640055.0,1946168207.6813655,32
GPU,NCU,PolyBenchGPU,PolyBenchGPU,FDTD-2D/flag_O3,fdtd_step2_kernel,,NsightComputeProfilers,,5667917060.491493,32,383786.0,1,1,131654.0,1,1,1697103.0,1944323015.1228733,32
GPU,NCU,PolyBenchGPU,PolyBenchGPU,FDTD-2D/flag_O3,fdtd_step2_kernel,,NsightComputeProfilers,,5884152334.152334,32,383176.0,1,1,131359.0,1,1,1696391.0,2017183660.933661,32
GPU,NCU,PolyBenchGPU,PolyBenchGPU,FDTD-2D/flag_O3,fdtd_step1_kernel,,NsightComputeProfilers,,5616212194.337194,32,279283.0,1,1,131830.0,1,1,1649485.0,2651021557.2715573,32
GPU,NCU,PolyBenchGPU,PolyBenchGPU,FDTD-2D/flag_O3,fdtd_step3_kernel,,NsightComputeProfilers,,7266657667.386609,32,538314.0,1,1,131014.0,1,1,2284956.0,1768547516.1987042,32
GPU,NCU,PolyBenchGPU,PolyBenchGPU,FDTD-2D/flag_O3,fdtd_step2_kernel,,NsightComputeProfilers,,7436093750.0,32,380728.0,1,1,131078.0,1,1,1697584.0,2560117187.5,32
GPU,NCU,PolyBenchGPU,PolyBenchGPU,FDTD-2D/flag_O3,fdtd_step1_kernel,,NsightComputeProfilers,,5635780038.759689,32,279174.0,1,1,131270.0,1,1,1639921.0,2649991925.0645995,32
GPU,NCU,PolyBenchGPU,PolyBenchGPU,FDTD-2D/flag_O3,fdtd_step1_kernel,,NsightComputeProfilers,,5639391979.301423,32,278992.0,1,1,131295.0,1,1,1640011.0,2653925452.781371,32
GPU,NCU,PolyBenchGPU,PolyBenchGPU,FDTD-2D/flag_O3,fdtd_step3_kernel,,NsightComputeProfilers,,5397387311.517485,32,538357.0,1,1,131206.0,1,1,2284337.0,1315427494.3856273,32
GPU,NCU,PolyBenchGPU,PolyBenchGPU,FDTD-2D/flag_O3,fdtd_step3_kernel,,NsightComputeProfilers,,7332638888.888888,32,538509.0,1,1,131294.0,1,1,2287616.0,1787772331.154684,32
GPU,NCU,PolyBenchGPU,PolyBenchGPU,FDTD-2D/flag_O3,fdtd_step3_kernel,,NsightComputeProfilers,,7322699086.1618805,32,538482.0,1,1,131603.0,1,1,2284379.0,1789640448.2158399,32
GPU,NCU,PolyBenchGPU,PolyBenchGPU,FDTD-2D/flag_O3,fdtd_step3_kernel,,NsightComputeProfilers,,5643844379.194632,32,538197.0,1,1,131018.0,1,1,2298390.0,1373930369.1275167,32
GPU,NCU,PolyBenchGPU,PolyBenchGPU,FDTD-2D/flag_O3,fdtd_step3_kernel,,NsightComputeProfilers,,7329139433.551198,32,538252.0,1,1,131014.0,1,1,2284302.0,1783959694.9891067,32
GPU,NCU,PolyBenchGPU,PolyBenchGPU,FDTD-2D/flag_O3,fdtd_step1_kernel,,NsightComputeProfilers,,5632852874.677002,32,279029.0,1,1,131078.0,1,1,1640334.0,2646115956.0723515,32
GPU,NCU,PolyBenchGPU,PolyBenchGPU,FDTD-2D/flag_O3,fdtd_step2_kernel,,NsightComputeProfilers,,7188587935.174069,32,383238.0,1,1,131397.0,1,1,1695155.0,2464679621.8487396,32
GPU,NCU,PolyBenchGPU,PolyBenchGPU,FDTD-2D/flag_O3,fdtd_step2_kernel,,NsightComputeProfilers,,7740808823.529412,32,383201.0,1,1,131846.0,1,1,1696566.0,2663340336.134454,32
GPU,NCU,PolyBenchGPU,PolyBenchGPU,FDTD-2D/flag_O3,fdtd_step1_kernel,,NsightComputeProfilers,,4861890668.523677,32,279267.0,1,1,131275.0,1,1,1641772.0,2285428272.9805017,32
GPU,NCU,PolyBenchGPU,PolyBenchGPU,FDTD-2D/flag_O3,fdtd_step2_kernel,,NsightComputeProfilers,,7639776034.928848,32,377955.0,1,1,131078.0,1,1,1697597.0,2649539133.247089,32
GPU,NCU,PolyBenchGPU,PolyBenchGPU,FDTD-2D/flag_O3,fdtd_step2_kernel,,NsightComputeProfilers,,6741304806.070827,32,383769.0,1,1,131282.0,1,1,1696431.0,2306105958.4035974,32
GPU,NCU,PolyBenchGPU,PolyBenchGPU,FDTD-2D/flag_O3,fdtd_step3_kernel,,NsightComputeProfilers,,7339025054.46623,32,538978.0,1,1,131217.0,1,1,2284788.0,1786723856.2091503,32
GPU,NCU,PolyBenchGPU,PolyBenchGPU,FDTD-2D/flag_O3,fdtd_step2_kernel,,NsightComputeProfilers,,7743576276.664512,32,383338.0,1,1,131078.0,1,1,1695746.0,2647826438.267615,32
GPU,NCU,PolyBenchGPU,PolyBenchGPU,FDTD-2D/flag_O3,fdtd_step3_kernel,,NsightComputeProfilers,,7333587287.766651,32,539048.0,1,1,131213.0,1,1,2285762.0,1785113735.306922,32
GPU,NCU,PolyBenchGPU,PolyBenchGPU,FDTD-2D/flag_O3,fdtd_step3_kernel,,NsightComputeProfilers,,5492345482.713634,32,538865.0,1,1,131701.0,1,1,2298120.0,1342353636.6601436,32
GPU,NCU,PolyBenchGPU,PolyBenchGPU,FDTD-2D/flag_O3,fdtd_step2_kernel,,NsightComputeProfilers,,7722016129.032258,32,383012.0,1,1,131363.0,1,1,1695694.0,2648447580.645161,32
GPU,NCU,PolyBenchGPU,PolyBenchGPU,FDTD-2D/flag_O3,fdtd_step2_kernel,,NsightComputeProfilers,,7726875000.0,32,383253.0,1,1,131667.0,1,1,1699027.0,2654576612.903226,32
GPU,NCU,PolyBenchGPU,PolyBenchGPU,FDTD-2D/flag_O3,fdtd_step3_kernel,,NsightComputeProfilers,,6881071063.394683,32,538375.0,1,1,131217.0,1,1,2285367.0,1677108895.7055216,32
GPU,NCU,PolyBenchGPU,PolyBenchGPU,FDTD-2D/flag_O3,fdtd_step1_kernel,,NsightComputeProfilers,,5634473981.900453,32,278929.0,1,1,131356.0,1,1,1642081.0,2653442146.089205,32
GPU,NCU,PolyBenchGPU,PolyBenchGPU,FDTD-2D/flag_O3,fdtd_step3_kernel,,NsightComputeProfilers,,5634695406.125167,32,541652.0,1,1,131779.0,1,1,2284443.0,1370870089.8801599,32
GPU,NCU,PolyBenchGPU,PolyBenchGPU,FDTD-2D/flag_O3,fdtd_step1_kernel,,NsightComputeProfilers,,4859941438.929169,32,278844.0,1,1,131174.0,1,1,1640306.0,2286217233.6865587,32
GPU,NCU,PolyBenchGPU,PolyBenchGPU,FDTD-2D/flag_O3,fdtd_step2_kernel,,NsightComputeProfilers,,7750989179.586563,32,383953.0,1,1,131282.0,1,1,1698802.0,2650234173.126615,32
GPU,NCU,PolyBenchGPU,PolyBenchGPU,FDTD-2D/flag_O3,fdtd_step1_kernel,,NsightComputeProfilers,,5460957080.200501,32,278902.0,1,1,131277.0,1,1,1641736.0,2570429981.203007,32
GPU,NCU,PolyBenchGPU,PolyBenchGPU,FDTD-2D/flag_O3,fdtd_step2_kernel,,NsightComputeProfilers,,7341257668.711657,32,382920.0,1,1,131082.0,1,1,1696233.0,2513075153.3742332,32
GPU,NCU,PolyBenchGPU,PolyBenchGPU,FDTD-2D/flag_O3,fdtd_step1_kernel,,NsightComputeProfilers,,5672864179.586563,32,281011.0,1,1,131845.0,1,1,1642569.0,2661599644.702842,32
GPU,NCU,PolyBenchGPU,PolyBenchGPU,FDTD-2D/flag_O3,fdtd_step2_kernel,,NsightComputeProfilers,,7735576923.076923,32,382942.0,1,1,131899.0,1,1,1698778.0,2664410956.6903687,32
GPU,NCU,PolyBenchGPU,PolyBenchGPU,FDTD-2D/flag_O3,fdtd_step1_kernel,,NsightComputeProfilers,,5592152555.9105425,32,280055.0,1,1,131079.0,1,1,1640272.0,2617392172.5239615,32
GPU,NCU,PolyBenchGPU,PolyBenchGPU,FDTD-2D/flag_O3,fdtd_step2_kernel,,NsightComputeProfilers,,7589539007.092198,32,376684.0,1,1,131078.0,1,1,1697211.0,2640997743.3913603,32
GPU,NCU,PolyBenchGPU,PolyBenchGPU,FDTD-2D/flag_O3,fdtd_step3_kernel,,NsightComputeProfilers,,7321383870.265563,32,538151.0,1,1,131014.0,1,1,2282764.0,1782406399.6517196,32
GPU,NCU,PolyBenchGPU,PolyBenchGPU,FDTD-2D/flag_O3,fdtd_step2_kernel,,NsightComputeProfilers,,7726057816.537467,32,382718.0,1,1,131278.0,1,1,1696465.0,2650153423.7726097,32
GPU,NCU,PolyBenchGPU,PolyBenchGPU,FDTD-2D/flag_O3,fdtd_step1_kernel,,NsightComputeProfilers,,5633807369.101487,32,278896.0,1,1,131279.0,1,1,1639961.0,2651886716.2249517,32
GPU,NCU,PolyBenchGPU,PolyBenchGPU,FDTD-2D/flag_O3,fdtd_step3_kernel,,NsightComputeProfilers,,6928912998.76594,32,539014.0,1,1,131291.0,1,1,2286172.0,1687718531.4685314,32
GPU,NCU,PolyBenchGPU,PolyBenchGPU,FDTD-2D/flag_O3,fdtd_step1_kernel,,NsightComputeProfilers,,4016451909.8021164,32,279288.0,1,1,131078.0,1,1,1650366.0,1885037965.945697,32
GPU,NCU,PolyBenchGPU,PolyBenchGPU,FDTD-2D/flag_O3,fdtd_step1_kernel,,NsightComputeProfilers,,5641927925.01616,32,279298.0,1,1,131809.0,1,1,1640135.0,2662592921.784098,32
GPU,NCU,PolyBenchGPU,PolyBenchGPU,FDTD-2D/flag_O3,fdtd_step2_kernel,,NsightComputeProfilers,,7723897771.317829,32,382611.0,1,1,131285.0,1,1,1705138.0,2650294735.142119,32
GPU,NCU,PolyBenchGPU,PolyBenchGPU,FDTD-2D/flag_O3,fdtd_step3_kernel,,NsightComputeProfilers,,6748710953.143772,32,539249.0,1,1,131745.0,1,1,2282250.0,1648791049.259111,32
GPU,NCU,PolyBenchGPU,PolyBenchGPU,FDTD-2D/flag_O3,fdtd_step3_kernel,,NsightComputeProfilers,,7321162423.846824,32,538369.0,1,1,131225.0,1,1,2284304.0,1784500108.7902524,32
GPU,NCU,PolyBenchGPU,PolyBenchGPU,FDTD-2D/flag_O3,fdtd_step1_kernel,,NsightComputeProfilers,,5633317183.462532,32,279052.0,1,1,131282.0,1,1,1640674.0,2650234173.126615,32
GPU,NCU,PolyBenchGPU,PolyBenchGPU,FDTD-2D/flag_O3,fdtd_step1_kernel,,NsightComputeProfilers,,5638231254.040077,32,279115.0,1,1,131362.0,1,1,1650189.0,2653563348.41629,32
GPU,NCU,PolyBenchGPU,PolyBenchGPU,FDTD-2D/flag_O3,fdtd_step3_kernel,,NsightComputeProfilers,,5532822262.413679,32,538410.0,1,1,131297.0,1,1,2285273.0,1349237504.1104898,32
GPU,NCU,PolyBenchGPU,PolyBenchGPU,FDTD-2D/flag_O3,fdtd_step2_kernel,,NsightComputeProfilers,,7697406572.164948,32,382284.0,1,1,131078.0,1,1,1691723.0,2639296069.587629,32
GPU,NCU,PolyBenchGPU,PolyBenchGPU,FDTD-2D/flag_O3,fdtd_step2_kernel,,NsightComputeProfilers,,7875623391.248391,32,391639.0,1,1,131843.0,1,1,1698147.0,2651282979.4079795,32
GPU,NCU,PolyBenchGPU,PolyBenchGPU,FDTD-2D/flag_O3,fdtd_step3_kernel,,NsightComputeProfilers,,7285513209.181464,32,538312.0,1,1,131215.0,1,1,2285928.0,1775863469.034214,32
GPU,NCU,PolyBenchGPU,PolyBenchGPU,FDTD-2D/flag_O3,fdtd_step1_kernel,,NsightComputeProfilers,,4083269906.3231854,32,278969.0,1,1,131278.0,1,1,1640254.0,1921516393.4426231,32
GPU,NCU,PolyBenchGPU,PolyBenchGPU,FDTD-2D/flag_O3,fdtd_step2_kernel,,NsightComputeProfilers,,7725391634.366925,32,382685.0,1,1,131348.0,1,1,1697481.0,2651566537.4677,32
GPU,NCU,PolyBenchGPU,PolyBenchGPU,FDTD-2D/flag_O3,fdtd_step2_kernel,,NsightComputeProfilers,,7718750000.0,32,382356.0,1,1,131078.0,1,1,1696442.0,2646115956.0723515,32
GPU,NCU,PolyBenchGPU,PolyBenchGPU,FDTD-2D/flag_O3,fdtd_step2_kernel,,NsightComputeProfilers,,6653452014.549524,32,380471.0,1,1,131078.0,1,1,1696668.0,2292214605.4840517,32
GPU,NCU,PolyBenchGPU,PolyBenchGPU,FDTD-2D/flag_O3,fdtd_step2_kernel,,NsightComputeProfilers,,7730657640.232108,32,383688.0,1,1,131351.0,1,1,1690604.0,2646498226.9503546,32
GPU,NCU,PolyBenchGPU,PolyBenchGPU,FDTD-2D/flag_O3,fdtd_step2_kernel,,NsightComputeProfilers,,7733690399.484536,32,384086.0,1,1,131843.0,1,1,1695446.0,2654699581.1855674,32
GPU,NCU,PolyBenchGPU,PolyBenchGPU,FDTD-2D/flag_O3,fdtd_step3_kernel,,NsightComputeProfilers,,7315652173.913043,32,538432.0,1,1,131014.0,1,1,2283861.0,1780081521.7391305,32
GPU,NCU,PolyBenchGPU,PolyBenchGPU,FDTD-2D/flag_O3,fdtd_step1_kernel,,NsightComputeProfilers,,4226884391.662627,32,279042.0,1,1,131277.0,1,1,1640373.0,1988563378.5748909,32
GPU,NCU,PolyBenchGPU,PolyBenchGPU,FDTD-2D/flag_O3,fdtd_step3_kernel,,NsightComputeProfilers,,5425324282.951982,32,538713.0,1,1,131213.0,1,1,2286528.0,1321432887.5281985,32
GPU,NCU,PolyBenchGPU,PolyBenchGPU,FDTD-2D/flag_O3,fdtd_step2_kernel,,NsightComputeProfilers,,7713255494.505495,32,381837.0,1,1,131683.0,1,1,1694320.0,2660047672.91532,32
GPU,NCU,PolyBenchGPU,PolyBenchGPU,FDTD-2D/flag_O3,fdtd_step1_kernel,,NsightComputeProfilers,,5630349644.702842,32,278905.0,1,1,131405.0,1,1,1642164.0,2652717215.762274,32
GPU,NCU,PolyBenchGPU,PolyBenchGPU,FDTD-2D/flag_O3,fdtd_step1_kernel,,NsightComputeProfilers,,5634130575.307046,32,278912.0,1,1,131278.0,1,1,1640408.0,2651866515.8371043,32
GPU,NCU,PolyBenchGPU,PolyBenchGPU,FDTD-2D/flag_O3,fdtd_step1_kernel,,NsightComputeProfilers,,5623048132.646491,32,279443.0,1,1,131846.0,1,1,1641916.0,2653050547.3277526,32
GPU,NCU,PolyBenchGPU,PolyBenchGPU,FDTD-2D/flag_O3,fdtd_step1_kernel,,NsightComputeProfilers,,5639270698.576972,32,278986.0,1,1,131172.0,1,1,1640358.0,2651439197.930142,32
GPU,NCU,PolyBenchGPU,PolyBenchGPU,FDTD-2D/flag_O3,fdtd_step3_kernel,,NsightComputeProfilers,,7330459614.551755,32,541633.0,1,1,131586.0,1,1,2285662.0,1780884582.0701604,32
GPU,NCU,PolyBenchGPU,PolyBenchGPU,FDTD-2D/flag_O3,fdtd_step1_kernel,,NsightComputeProfilers,,5635362798.96574,32,278973.0,1,1,131303.0,1,1,1640140.0,2652371525.5332904,32
GPU,NCU,PolyBenchGPU,PolyBenchGPU,FDTD-2D/flag_O3,fdtd_step1_kernel,,NsightComputeProfilers,,4197495791.2457914,32,279251.0,1,1,131282.0,1,1,1644246.0,1973334535.8345358,32
GPU,NCU,PolyBenchGPU,PolyBenchGPU,FDTD-2D/flag_O3,fdtd_step1_kernel,,NsightComputeProfilers,,5620181451.612904,32,278761.0,1,1,131137.0,1,1,1639946.0,2643891129.032258,32
GPU,NCU,PolyBenchGPU,PolyBenchGPU,FDTD-2D/flag_O3,fdtd_step2_kernel,,NsightComputeProfilers,,7699573406.310367,32,382638.0,1,1,131078.0,1,1,1696607.0,2637596587.250483,32
GPU,NCU,PolyBenchGPU,PolyBenchGPU,FDTD-2D/flag_O3,fdtd_step2_kernel,,NsightComputeProfilers,,7645420396.419437,32,382638.0,1,1,131356.0,1,1,1695969.0,2624600383.6317134,32
GPU,NCU,PolyBenchGPU,PolyBenchGPU,FDTD-2D/flag_O3,fdtd_step1_kernel,,NsightComputeProfilers,,4229515405.1431346,32,278945.0,1,1,131078.0,1,1,1640260.0,1987475739.932072,32
GPU,NCU,PolyBenchGPU,PolyBenchGPU,FDTD-2D/flag_O3,fdtd_step3_kernel,,NsightComputeProfilers,,7329234749.455338,32,538259.0,1,1,131586.0,1,1,2285426.0,1791748366.0130718,32
GPU,NCU,PolyBenchGPU,PolyBenchGPU,FDTD-2D/flag_O3,fdtd_step1_kernel,,NsightComputeProfilers,,5213059701.4925375,32,279420.0,1,1,131904.0,1,1,1642216.0,2460895522.3880596,32
GPU,NCU,PolyBenchGPU,PolyBenchGPU,FDTD-2D/flag_O3,fdtd_step2_kernel,,NsightComputeProfilers,,7698808757.244043,32,382600.0,1,1,131078.0,1,1,1696412.0,2637596587.250483,32
GPU,NCU,PolyBenchGPU,PolyBenchGPU,FDTD-2D/flag_O3,fdtd_step2_kernel,,NsightComputeProfilers,,7766747572.815534,32,383988.0,1,1,131279.0,1,1,1698032.0,2655319579.288026,32
GPU,NCU,PolyBenchGPU,PolyBenchGPU,FDTD-2D/flag_O3,fdtd_step3_kernel,,NsightComputeProfilers,,7337513616.5577345,32,538867.0,1,1,131211.0,1,1,2282150.0,1786642156.862745,32
GPU,NCU,PolyBenchGPU,PolyBenchGPU,FDTD-2D/flag_O3,fdtd_step2_kernel,,NsightComputeProfilers,,7740566418.875242,32,383189.0,1,1,131078.0,1,1,1694102.0,2647826438.267615,32
GPU,NCU,PolyBenchGPU,PolyBenchGPU,FDTD-2D/flag_O3,fdtd_step3_kernel,,NsightComputeProfilers,,5501990770.989873,32,538931.0,1,1,131014.0,1,1,2284385.0,1337532669.062398,32
GPU,NCU,PolyBenchGPU,PolyBenchGPU,FDTD-2D/flag_O3,fdtd_step3_kernel,,NsightComputeProfilers,,7329682738.354375,32,538761.0,1,1,131050.0,1,1,2292074.0,1782896168.9159772,32
GPU,NCU,PolyBenchGPU,PolyBenchGPU,FDTD-2D/flag_O3,fdtd_step1_kernel,,NsightComputeProfilers,,5441323345.817728,32,278944.0,1,1,131843.0,1,1,1640312.0,2571843789.013733,32
GPU,NCU,PolyBenchGPU,PolyBenchGPU,FDTD-2D/flag_O3,fdtd_step2_kernel,,NsightComputeProfilers,,5564573665.893271,32,383733.0,1,1,131078.0,1,1,1695553.0,1900783062.6450114,32
GPU,NCU,PolyBenchGPU,PolyBenchGPU,FDTD-2D/flag_O3,fdtd_step2_kernel,,NsightComputeProfilers,,7734587104.072398,32,382893.0,1,1,131328.0,1,1,1693828.0,2652876535.2294765,32
GPU,NCU,PolyBenchGPU,PolyBenchGPU,GEMM/flag_O1,gemm_kernel,,NsightComputeProfilers,,1886133614.7877684,32,661203.0,1,1,4201440.0,1,1,18581427.0,11984938384.299408,32
GPU,NCU,PolyBenchGPU,PolyBenchGPU,GEMM/flag_O2,gemm_kernel,,NsightComputeProfilers,,1813566744.5203018,32,646036.0,1,1,4200814.0,1,1,18583324.0,11792619250.808481,32
GPU,NCU,PolyBenchGPU,PolyBenchGPU,GEMM/flag_O3,gemm_kernel,,NsightComputeProfilers,,1865903890.1601832,32,652320.0,1,1,4200932.0,1,1,18606524.0,12016395881.006865,32
GPU,NCU,PolyBenchGPU,PolyBenchGPU,GEMVER/flag_O1,gemver_kernel2,,NsightComputeProfilers,,493823950.6563795,32,548911.0,1,1,525194.0,1,1,4215832.0,472487117.11192995,32
GPU,NCU,PolyBenchGPU,PolyBenchGPU,GEMVER/flag_O1,gemver_kernel1,,NsightComputeProfilers,,3607183159.7222223,32,664876.0,1,1,524394.0,1,1,4546252.0,2845019531.25,32
GPU,NCU,PolyBenchGPU,PolyBenchGPU,GEMVER/flag_O1,gemver_kernel3,,NsightComputeProfilers,,3666816096.747289,32,2110326.0,1,1,525070.0,1,1,4224489.0,912340144.5649152,32
GPU,NCU,PolyBenchGPU,PolyBenchGPU,GEMVER/flag_O2,gemver_kernel2,,NsightComputeProfilers,,479397210.09975064,32,541343.0,1,1,525392.0,1,1,4215763.0,465271480.3899343,32
GPU,NCU,PolyBenchGPU,PolyBenchGPU,GEMVER/flag_O2,gemver_kernel1,,NsightComputeProfilers,,3396009394.48638,32,662249.0,1,1,524394.0,1,1,4546213.0,2689089678.3721695,32
GPU,NCU,PolyBenchGPU,PolyBenchGPU,GEMVER/flag_O2,gemver_kernel3,,NsightComputeProfilers,,3668303596.26189,32,2110243.0,1,1,525157.0,1,1,4211467.0,912897382.7668687,32
GPU,NCU,PolyBenchGPU,PolyBenchGPU,GEMVER/flag_O3,gemver_kernel2,,NsightComputeProfilers,,497527841.0894089,32,551834.0,1,1,525289.0,1,1,4214625.0,473595142.9560601,32
GPU,NCU,PolyBenchGPU,PolyBenchGPU,GEMVER/flag_O3,gemver_kernel1,,NsightComputeProfilers,,4168357329.8429317,32,662402.0,1,1,524875.0,1,1,4544183.0,3302928664.921466,32
GPU,NCU,PolyBenchGPU,PolyBenchGPU,GEMVER/flag_O3,gemver_kernel3,,NsightComputeProfilers,,3667374353.6998944,32,2110882.0,1,1,525062.0,1,1,4215608.0,912224801.2453439,32
GPU,NCU,PolyBenchGPU,PolyBenchGPU,GESUMMV/flag_O1,gesummv_kernel,,NsightComputeProfilers,,3525488629.802645,32,4298727.0,1,1,1048968.0,1,1,8702492.0,860283697.2496326,32
GPU,NCU,PolyBenchGPU,PolyBenchGPU,GESUMMV/flag_O2,gesummv_kernel,,NsightComputeProfilers,,3549543930.77103,32,4370880.0,1,1,1048791.0,1,1,8638521.0,851711721.3689873,32
GPU,NCU,PolyBenchGPU,PolyBenchGPU,GESUMMV/flag_O3,gesummv_kernel,,NsightComputeProfilers,,3551638684.300837,32,4305268.0,1,1,1048876.0,1,1,8715959.0,865272168.1053827,32
GPU,NCU,PolyBenchGPU,PolyBenchGPU,GRAMSCHM/flag_O1,gramschmidt_kernel1,,NsightComputeProfilers,,24988537.368179735,32,3488.0,1,1,845.0,1,1,6922.0,6053702.430077946,32
GPU,NCU,PolyBenchGPU,PolyBenchGPU,GRAMSCHM/flag_O1,gramschmidt_kernel2,,NsightComputeProfilers,,930775316.4556961,32,2353.0,1,1,2054.0,1,1,5862.0,812499999.9999999,32
GPU,NCU,PolyBenchGPU,PolyBenchGPU,GRAMSCHM/flag_O1,gramschmidt_kernel3,,NsightComputeProfilers,,356529673.871824,32,300854.0,1,1,258985.0,1,1,2118866.0,306912447.8574137,32
GPU,NCU,PolyBenchGPU,PolyBenchGPU,GRAMSCHM/flag_O1,gramschmidt_kernel3,,NsightComputeProfilers,,350530287.53161734,32,301557.0,1,1,262333.0,1,1,2130879.0,304936253.9056688,32
GPU,NCU,PolyBenchGPU,PolyBenchGPU,GRAMSCHM/flag_O1,gramschmidt_kernel1,,NsightComputeProfilers,,23739147.81814028,32,3325.0,1,1,7.0,1,1,6013.0,49977.15330134796,32
GPU,NCU,PolyBenchGPU,PolyBenchGPU,GRAMSCHM/flag_O1,gramschmidt_kernel3,,NsightComputeProfilers,,358870199.63425785,32,301428.0,1,1,262301.0,1,1,2135222.0,312286888.52484,32
GPU,NCU,PolyBenchGPU,PolyBenchGPU,GRAMSCHM/flag_O1,gramschmidt_kernel2,,NsightComputeProfilers,,954951298.7012987,32,2353.0,1,1,2054.0,1,1,5807.0,833603896.1038961,32
GPU,NCU,PolyBenchGPU,PolyBenchGPU,GRAMSCHM/flag_O1,gramschmidt_kernel1,,NsightComputeProfilers,,31371373.08658899,32,4394.0,1,1,774.0,1,1,7762.0,5526045.236463332,32
GPU,NCU,PolyBenchGPU,PolyBenchGPU,GRAMSCHM/flag_O1,gramschmidt_kernel2,,NsightComputeProfilers,,942307692.3076923,32,2352.0,1,1,2061.0,1,1,5798.0,825721153.8461539,32
GPU,NCU,PolyBenchGPU,PolyBenchGPU,GRAMSCHM/flag_O1,gramschmidt_kernel2,,NsightComputeProfilers,,907021604.9382716,32,2351.0,1,1,2060.0,1,1,5800.0,794753086.4197531,32
GPU,NCU,PolyBenchGPU,PolyBenchGPU,GRAMSCHM/flag_O1,gramschmidt_kernel3,,NsightComputeProfilers,,357887187.47625196,32,301404.0,1,1,262301.0,1,1,2142791.0,311456275.1728855,32
GPU,NCU,PolyBenchGPU,PolyBenchGPU,GRAMSCHM/flag_O1,gramschmidt_kernel2,,NsightComputeProfilers,,955357142.8571428,32,2354.0,1,1,2054.0,1,1,5894.0,833603896.1038961,32
GPU,NCU,PolyBenchGPU,PolyBenchGPU,GRAMSCHM/flag_O1,gramschmidt_kernel2,,NsightComputeProfilers,,800067204.3010752,32,2381.0,1,1,2054.0,1,1,5800.0,690188172.0430107,32
GPU,NCU,PolyBenchGPU,PolyBenchGPU,GRAMSCHM/flag_O1,gramschmidt_kernel1,,NsightComputeProfilers,,24868811.316449918,32,3488.0,1,1,779.0,1,1,5255.0,5554129.591603924,32
GPU,NCU,PolyBenchGPU,PolyBenchGPU,GRAMSCHM/flag_O1,gramschmidt_kernel2,,NsightComputeProfilers,,929193037.9746835,32,2349.0,1,1,2058.0,1,1,5799.0,814082278.4810126,32
GPU,NCU,PolyBenchGPU,PolyBenchGPU,GRAMSCHM/flag_O1,gramschmidt_kernel2,,NsightComputeProfilers,,955762987.012987,32,2355.0,1,1,2143.0,1,1,5798.0,869724025.974026,32
GPU,NCU,PolyBenchGPU,PolyBenchGPU,GRAMSCHM/flag_O1,gramschmidt_kernel2,,NsightComputeProfilers,,955528846.1538461,32,2385.0,1,1,2054.0,1,1,5798.0,822916666.6666667,32
GPU,NCU,PolyBenchGPU,PolyBenchGPU,GRAMSCHM/flag_O1,gramschmidt_kernel3,,NsightComputeProfilers,,361103715.8178983,32,303824.0,1,1,263256.0,1,1,2127357.0,312887460.54082835,32
GPU,NCU,PolyBenchGPU,PolyBenchGPU,GRAMSCHM/flag_O1,gramschmidt_kernel2,,NsightComputeProfilers,,1134493670.886076,32,2868.0,1,1,2135.0,1,1,5798.0,844541139.2405063,32
GPU,NCU,PolyBenchGPU,PolyBenchGPU,GRAMSCHM/flag_O1,gramschmidt_kernel1,,NsightComputeProfilers,,24852756.175663315,32,3477.0,1,1,778.0,1,1,9919.0,5560956.084172004,32
GPU,NCU,PolyBenchGPU,PolyBenchGPU,GRAMSCHM/flag_O1,gramschmidt_kernel2,,NsightComputeProfilers,,921093750.0,32,2358.0,1,1,2059.0,1,1,5798.0,804296875.0,32
GPU,NCU,PolyBenchGPU,PolyBenchGPU,GRAMSCHM/flag_O1,gramschmidt_kernel1,,NsightComputeProfilers,,25169651.003649637,32,3531.0,1,1,7.0,1,1,4364.0,49897.35401459854,32
GPU,NCU,PolyBenchGPU,PolyBenchGPU,GRAMSCHM/flag_O1,gramschmidt_kernel1,,NsightComputeProfilers,,24921338.67276888,32,3485.0,1,1,779.0,1,1,6186.0,5570652.173913044,32
GPU,NCU,PolyBenchGPU,PolyBenchGPU,GRAMSCHM/flag_O1,gramschmidt_kernel1,,NsightComputeProfilers,,24818057.766659085,32,3492.0,1,1,857.0,1,1,6009.0,6090800.5458267,32
GPU,NCU,PolyBenchGPU,PolyBenchGPU,GRAMSCHM/flag_O1,gramschmidt_kernel1,,NsightComputeProfilers,,31572164.94845361,32,4410.0,1,1,778.0,1,1,5395.0,5569873.99770905,32
GPU,NCU,PolyBenchGPU,PolyBenchGPU,GRAMSCHM/flag_O1,gramschmidt_kernel3,,NsightComputeProfilers,,368389606.1852529,32,309518.0,1,1,265266.0,1,1,2144154.0,315720692.4131627,32
GPU,NCU,PolyBenchGPU,PolyBenchGPU,GRAMSCHM/flag_O1,gramschmidt_kernel3,,NsightComputeProfilers,,357031575.55782855,32,301586.0,1,1,263168.0,1,1,2153860.0,311550554.98730916,32
GPU,NCU,PolyBenchGPU,PolyBenchGPU,GRAMSCHM/flag_O1,gramschmidt_kernel3,,NsightComputeProfilers,,363492470.91033536,32,305892.0,1,1,262214.0,1,1,2131627.0,311589759.67754203,32
GPU,NCU,PolyBenchGPU,PolyBenchGPU,GRAMSCHM/flag_O1,gramschmidt_kernel1,,NsightComputeProfilers,,26034405.496912967,32,4183.0,1,1,863.0,1,1,4276.0,5371190.9978092015,32
GPU,NCU,PolyBenchGPU,PolyBenchGPU,GRAMSCHM/flag_O1,gramschmidt_kernel1,,NsightComputeProfilers,,25387497.140242506,32,3551.0,1,1,806.0,1,1,4280.0,5762411.347517731,32
GPU,NCU,PolyBenchGPU,PolyBenchGPU,GRAMSCHM/flag_O1,gramschmidt_kernel1,,NsightComputeProfilers,,24727949.59908362,32,3454.0,1,1,774.0,1,1,5374.0,5541237.113402062,32
GPU,NCU,PolyBenchGPU,PolyBenchGPU,GRAMSCHM/flag_O1,gramschmidt_kernel2,,NsightComputeProfilers,,941506410.2564102,32,2350.0,1,1,2080.0,1,1,5918.0,833333333.3333334,32
GPU,NCU,PolyBenchGPU,PolyBenchGPU,GRAMSCHM/flag_O1,gramschmidt_kernel2,,NsightComputeProfilers,,854651162.7906977,32,2352.0,1,1,2057.0,1,1,5798.0,747456395.3488371,32
GPU,NCU,PolyBenchGPU,PolyBenchGPU,GRAMSCHM/flag_O1,gramschmidt_kernel1,,NsightComputeProfilers,,24781528.444139823,32,3471.0,1,1,775.0,1,1,4413.0,5533184.829792095,32
GPU,NCU,PolyBenchGPU,PolyBenchGPU,GRAMSCHM/flag_O1,gramschmidt_kernel1,,NsightComputeProfilers,,31801133.76087952,32,4443.0,1,1,779.0,1,1,8715.0,5575755.840586348,32
GPU,NCU,PolyBenchGPU,PolyBenchGPU,GRAMSCHM/flag_O1,gramschmidt_kernel1,,NsightComputeProfilers,,23771734.15694349,32,3325.0,1,1,103.0,1,1,10644.0,736387.5543353923,32
GPU,NCU,PolyBenchGPU,PolyBenchGPU,GRAMSCHM/flag_O1,gramschmidt_kernel3,,NsightComputeProfilers,,437735132.0539616,32,368608.0,1,1,263132.0,1,1,2137076.0,312478624.35873073,32
GPU,NCU,PolyBenchGPU,PolyBenchGPU,GRAMSCHM/flag_O1,gramschmidt_kernel3,,NsightComputeProfilers,,361182497.90985787,32,304133.0,1,1,263382.0,1,1,2115389.0,312787394.5428289,32
GPU,NCU,PolyBenchGPU,PolyBenchGPU,GRAMSCHM/flag_O1,gramschmidt_kernel3,,NsightComputeProfilers,,360481105.369153,32,303577.0,1,1,263161.0,1,1,2115354.0,312489312.9916024,32
GPU,NCU,PolyBenchGPU,PolyBenchGPU,GRAMSCHM/flag_O1,gramschmidt_kernel1,,NsightComputeProfilers,,25234607.461661708,32,3528.0,1,1,7.0,1,1,4273.0,50068.66559853513,32
GPU,NCU,PolyBenchGPU,PolyBenchGPU,GRAMSCHM/flag_O1,gramschmidt_kernel1,,NsightComputeProfilers,,24844498.97283725,32,3483.0,1,1,782.0,1,1,6077.0,5578064.368865556,32
GPU,NCU,PolyBenchGPU,PolyBenchGPU,GRAMSCHM/flag_O1,gramschmidt_kernel1,,NsightComputeProfilers,,31521180.63484814,32,4417.0,1,1,866.0,1,1,4461.0,6180063.941539165,32
GPU,NCU,PolyBenchGPU,PolyBenchGPU,GRAMSCHM/flag_O1,gramschmidt_kernel3,,NsightComputeProfilers,,356954392.14794606,32,301418.0,1,1,262310.0,1,1,2139923.0,310640726.8455359,32
GPU,NCU,PolyBenchGPU,PolyBenchGPU,GRAMSCHM/flag_O1,gramschmidt_kernel1,,NsightComputeProfilers,,23535624.57182005,32,3298.0,1,1,7.0,1,1,7753.0,49954.32747202558,32
GPU,NCU,PolyBenchGPU,PolyBenchGPU,GRAMSCHM/flag_O1,gramschmidt_kernel3,,NsightComputeProfilers,,358305136.29624,32,301584.0,1,1,263077.0,1,1,2144788.0,312555839.6380641,32
GPU,NCU,PolyBenchGPU,PolyBenchGPU,GRAMSCHM/flag_O1,gramschmidt_kernel3,,NsightComputeProfilers,,361995695.71662045,32,304783.0,1,1,263082.0,1,1,2124214.0,312466743.9473984,32
GPU,NCU,PolyBenchGPU,PolyBenchGPU,GRAMSCHM/flag_O1,gramschmidt_kernel3,,NsightComputeProfilers,,353516590.6065792,32,297463.0,1,1,259059.0,1,1,2107570.0,307875784.36965203,32
GPU,NCU,PolyBenchGPU,PolyBenchGPU,GRAMSCHM/flag_O1,gramschmidt_kernel3,,NsightComputeProfilers,,364189047.81831324,32,306350.0,1,1,262326.0,1,1,2270866.0,311853292.5019972,32
GPU,NCU,PolyBenchGPU,PolyBenchGPU,GRAMSCHM/flag_O1,gramschmidt_kernel1,,NsightComputeProfilers,,23505186.95850433,32,3299.0,1,1,7.0,1,1,4273.0,49874.60100319197,32
GPU,NCU,PolyBenchGPU,PolyBenchGPU,GRAMSCHM/flag_O1,gramschmidt_kernel3,,NsightComputeProfilers,,418414373.81404173,32,352807.0,1,1,263162.0,1,1,2144595.0,312099146.11005694,32
GPU,NCU,PolyBenchGPU,PolyBenchGPU,GRAMSCHM/flag_O1,gramschmidt_kernel1,,NsightComputeProfilers,,24930095.86852317,32,3495.0,1,1,7.0,1,1,6153.0,49931.52248345126,32
GPU,NCU,PolyBenchGPU,PolyBenchGPU,GRAMSCHM/flag_O1,gramschmidt_kernel3,,NsightComputeProfilers,,357642580.4981774,32,301404.0,1,1,262215.0,1,1,2129823.0,311141355.9386391,32
GPU,NCU,PolyBenchGPU,PolyBenchGPU,GRAMSCHM/flag_O1,gramschmidt_kernel2,,NsightComputeProfilers,,929588607.5949366,32,2350.0,1,1,2058.0,1,1,5938.0,814082278.4810126,32
GPU,NCU,PolyBenchGPU,PolyBenchGPU,GRAMSCHM/flag_O1,gramschmidt_kernel1,,NsightComputeProfilers,,24957044.67353952,32,3486.0,1,1,774.0,1,1,6124.0,5541237.113402062,32
GPU,NCU,PolyBenchGPU,PolyBenchGPU,GRAMSCHM/flag_O1,gramschmidt_kernel1,,NsightComputeProfilers,,24524954.21245421,32,3428.0,1,1,7.0,1,1,4273.0,50080.1282051282,32
GPU,NCU,PolyBenchGPU,PolyBenchGPU,GRAMSCHM/flag_O1,gramschmidt_kernel2,,NsightComputeProfilers,,1011938202.247191,32,2882.0,1,1,2144.0,1,1,5798.0,752808988.7640449,32
GPU,NCU,PolyBenchGPU,PolyBenchGPU,GRAMSCHM/flag_O1,gramschmidt_kernel2,,NsightComputeProfilers,,953733766.2337662,32,2350.0,1,1,2135.0,1,1,5983.0,866477272.7272727,32
GPU,NCU,PolyBenchGPU,PolyBenchGPU,GRAMSCHM/flag_O1,gramschmidt_kernel2,,NsightComputeProfilers,,941105769.2307693,32,2349.0,1,1,2135.0,1,1,6006.0,855368589.7435898,32
GPU,NCU,PolyBenchGPU,PolyBenchGPU,GRAMSCHM/flag_O1,gramschmidt_kernel3,,NsightComputeProfilers,,358467557.9051458,32,301606.0,1,1,263079.0,1,1,2121743.0,312677090.86068535,32
GPU,NCU,PolyBenchGPU,PolyBenchGPU,GRAMSCHM/flag_O1,gramschmidt_kernel2,,NsightComputeProfilers,,1078313253.0120482,32,2864.0,1,1,2056.0,1,1,5798.0,774096385.5421686,32
GPU,NCU,PolyBenchGPU,PolyBenchGPU,GRAMSCHM/flag_O1,gramschmidt_kernel3,,NsightComputeProfilers,,361767472.3520693,32,304614.0,1,1,263075.0,1,1,2131998.0,312434680.57614106,32
GPU,NCU,PolyBenchGPU,PolyBenchGPU,GRAMSCHM/flag_O1,gramschmidt_kernel3,,NsightComputeProfilers,,364047997.1850274,32,306243.0,1,1,262574.0,1,1,2123533.0,312136240.8703591,32
GPU,NCU,PolyBenchGPU,PolyBenchGPU,GRAMSCHM/flag_O1,gramschmidt_kernel3,,NsightComputeProfilers,,404392084.28246015,32,340854.0,1,1,263819.0,1,1,2126223.0,312997105.16324985,32
GPU,NCU,PolyBenchGPU,PolyBenchGPU,GRAMSCHM/flag_O1,gramschmidt_kernel3,,NsightComputeProfilers,,357719276.60543495,32,301606.0,1,1,263215.0,1,1,2142114.0,312185697.2066191,32
GPU,NCU,PolyBenchGPU,PolyBenchGPU,GRAMSCHM/flag_O1,gramschmidt_kernel3,,NsightComputeProfilers,,358713967.4802939,32,301446.0,1,1,262301.0,1,1,2130853.0,312132296.94223374,32
GPU,NCU,PolyBenchGPU,PolyBenchGPU,GRAMSCHM/flag_O1,gramschmidt_kernel2,,NsightComputeProfilers,,929193037.9746835,32,2349.0,1,1,2056.0,1,1,5799.0,813291139.2405063,32
GPU,NCU,PolyBenchGPU,PolyBenchGPU,GRAMSCHM/flag_O1,gramschmidt_kernel2,,NsightComputeProfilers,,954951298.7012987,32,2353.0,1,1,2054.0,1,1,7898.0,833603896.1038961,32
GPU,NCU,PolyBenchGPU,PolyBenchGPU,GRAMSCHM/flag_O1,gramschmidt_kernel3,,NsightComputeProfilers,,364646291.8614817,32,306968.0,1,1,263138.0,1,1,2128296.0,312580776.97951114,32
GPU,NCU,PolyBenchGPU,PolyBenchGPU,GRAMSCHM/flag_O1,gramschmidt_kernel2,,NsightComputeProfilers,,954727564.1025641,32,2383.0,1,1,2058.0,1,1,5896.0,824519230.7692308,32
GPU,NCU,PolyBenchGPU,PolyBenchGPU,GRAMSCHM/flag_O1,gramschmidt_kernel1,,NsightComputeProfilers,,23373579.545454543,32,3291.0,1,1,123.0,1,1,6934.0,873579.5454545454,32
GPU,NCU,PolyBenchGPU,PolyBenchGPU,GRAMSCHM/flag_O1,gramschmidt_kernel2,,NsightComputeProfilers,,930379746.835443,32,2352.0,1,1,2061.0,1,1,5798.0,815268987.3417721,32
GPU,NCU,PolyBenchGPU,PolyBenchGPU,GRAMSCHM/flag_O1,gramschmidt_kernel3,,NsightComputeProfilers,,359917267.2103167,32,303655.0,1,1,263073.0,1,1,2130071.0,311816091.40906507,32
GPU,NCU,PolyBenchGPU,PolyBenchGPU,GRAMSCHM/flag_O1,gramschmidt_kernel2,,NsightComputeProfilers,,930379746.835443,32,2352.0,1,1,2057.0,1,1,5798.0,813686708.8607594,32
GPU,NCU,PolyBenchGPU,PolyBenchGPU,GRAMSCHM/flag_O1,gramschmidt_kernel3,,NsightComputeProfilers,,358050545.4614566,32,301427.0,1,1,262301.0,1,1,2132870.0,311574663.6004257,32
GPU,NCU,PolyBenchGPU,PolyBenchGPU,GRAMSCHM/flag_O1,gramschmidt_kernel1,,NsightComputeProfilers,,26370313.21444902,32,3691.0,1,1,871.0,1,1,9831.0,6222850.93735711,32
GPU,NCU,PolyBenchGPU,PolyBenchGPU,GRAMSCHM/flag_O1,gramschmidt_kernel1,,NsightComputeProfilers,,30342442.25931854,32,4246.0,1,1,7.0,1,1,9809.0,50022.86759661559,32
GPU,NCU,PolyBenchGPU,PolyBenchGPU,GRAMSCHM/flag_O1,gramschmidt_kernel2,,NsightComputeProfilers,,919140625.0,32,2353.0,1,1,2054.0,1,1,5895.0,802343750.0,32
GPU,NCU,PolyBenchGPU,PolyBenchGPU,GRAMSCHM/flag_O1,gramschmidt_kernel1,,NsightComputeProfilers,,180818867.06258565,32,25332.0,1,1,861.0,1,1,8575.0,6145785.7469164,32
GPU,NCU,PolyBenchGPU,PolyBenchGPU,GRAMSCHM/flag_O1,gramschmidt_kernel3,,NsightComputeProfilers,,357755143.68143344,32,301579.0,1,1,263081.0,1,1,2138632.0,312085990.58573437,32
GPU,NCU,PolyBenchGPU,PolyBenchGPU,GRAMSCHM/flag_O1,gramschmidt_kernel3,,NsightComputeProfilers,,362546366.74909645,32,304945.0,1,1,263081.0,1,1,2134576.0,312774633.82157123,32
GPU,NCU,PolyBenchGPU,PolyBenchGPU,GRAMSCHM/flag_O1,gramschmidt_kernel2,,NsightComputeProfilers,,835582386.3636364,32,2353.0,1,1,2054.0,1,1,6200.0,729403409.0909091,32
GPU,NCU,PolyBenchGPU,PolyBenchGPU,GRAMSCHM/flag_O1,gramschmidt_kernel2,,NsightComputeProfilers,,954951298.7012987,32,2353.0,1,1,2054.0,1,1,5798.0,833603896.1038961,32
GPU,NCU,PolyBenchGPU,PolyBenchGPU,GRAMSCHM/flag_O1,gramschmidt_kernel3,,NsightComputeProfilers,,359887733.37389255,32,302870.0,1,1,265350.0,1,1,2114052.0,315304289.13646907,32
GPU,NCU,PolyBenchGPU,PolyBenchGPU,GRAMSCHM/flag_O1,gramschmidt_kernel2,,NsightComputeProfilers,,885918674.6987952,32,2353.0,1,1,2054.0,1,1,5987.0,773343373.4939759,32
GPU,NCU,PolyBenchGPU,PolyBenchGPU,GRAMSCHM/flag_O1,gramschmidt_kernel2,,NsightComputeProfilers,,943910256.4102565,32,2356.0,1,1,2060.0,1,1,5798.0,825320512.8205129,32
GPU,NCU,PolyBenchGPU,PolyBenchGPU,GRAMSCHM/flag_O1,gramschmidt_kernel1,,NsightComputeProfilers,,24625313.42603146,32,3457.0,1,1,778.0,1,1,4272.0,5541942.101664008,32
GPU,NCU,PolyBenchGPU,PolyBenchGPU,GRAMSCHM/flag_O1,gramschmidt_kernel2,,NsightComputeProfilers,,965909090.9090909,32,2380.0,1,1,2054.0,1,1,5818.0,833603896.1038961,32
GPU,NCU,PolyBenchGPU,PolyBenchGPU,GRAMSCHM/flag_O1,gramschmidt_kernel3,,NsightComputeProfilers,,362031386.2249346,32,305624.0,1,1,263091.0,1,1,2141451.0,311648298.0175126,32
GPU,NCU,PolyBenchGPU,PolyBenchGPU,GRAMSCHM/flag_O1,gramschmidt_kernel2,,NsightComputeProfilers,,895579268.2926829,32,2350.0,1,1,2130.0,1,1,5798.0,811737804.8780487,32
GPU,NCU,PolyBenchGPU,PolyBenchGPU,GRAMSCHM/flag_O1,gramschmidt_kernel1,,NsightComputeProfilers,,24381021.734259464,32,3482.0,1,1,817.0,1,1,8130.0,5720647.54649339,32
GPU,NCU,PolyBenchGPU,PolyBenchGPU,GRAMSCHM/flag_O1,gramschmidt_kernel1,,NsightComputeProfilers,,23515981.735159814,32,3296.0,1,1,7.0,1,1,70247.0,49942.92237442922,32
GPU,NCU,PolyBenchGPU,PolyBenchGPU,GRAMSCHM/flag_O1,gramschmidt_kernel2,,NsightComputeProfilers,,825491573.0337079,32,2351.0,1,1,2057.0,1,1,5798.0,722261235.9550562,32
GPU,NCU,PolyBenchGPU,PolyBenchGPU,GRAMSCHM/flag_O1,gramschmidt_kernel1,,NsightComputeProfilers,,23541000.4568296,32,3298.0,1,1,7.0,1,1,4364.0,49965.73777980813,32
GPU,NCU,PolyBenchGPU,PolyBenchGPU,GRAMSCHM/flag_O1,gramschmidt_kernel3,,NsightComputeProfilers,,361701547.0766895,32,304871.0,1,1,262530.0,1,1,2155190.0,311467824.60136676,32
GPU,NCU,PolyBenchGPU,PolyBenchGPU,GRAMSCHM/flag_O1,gramschmidt_kernel1,,NsightComputeProfilers,,29804499.65651477,32,4165.0,1,1,782.0,1,1,4280.0,5595946.874284406,32
GPU,NCU,PolyBenchGPU,PolyBenchGPU,GRAMSCHM/flag_O1,gramschmidt_kernel1,,NsightComputeProfilers,,28400630.011454757,32,3967.0,1,1,779.0,1,1,6018.0,5577033.218785796,32
GPU,NCU,PolyBenchGPU,PolyBenchGPU,GRAMSCHM/flag_O1,gramschmidt_kernel2,,NsightComputeProfilers,,815625000.0,32,2349.0,1,1,2060.0,1,1,5798.0,715277777.7777778,32
GPU,NCU,PolyBenchGPU,PolyBenchGPU,GRAMSCHM/flag_O1,gramschmidt_kernel1,,NsightComputeProfilers,,24726455.087076075,32,3453.0,1,1,1229.0,1,1,4278.0,8800698.90009166,32
GPU,NCU,PolyBenchGPU,PolyBenchGPU,GRAMSCHM/flag_O1,gramschmidt_kernel2,,NsightComputeProfilers,,943910256.4102565,32,2356.0,1,1,2058.0,1,1,5799.0,824519230.7692308,32
GPU,NCU,PolyBenchGPU,PolyBenchGPU,GRAMSCHM/flag_O1,gramschmidt_kernel3,,NsightComputeProfilers,,364077566.24402094,32,306897.0,1,1,262214.0,1,1,2300170.0,311069299.9772227,32
GPU,NCU,PolyBenchGPU,PolyBenchGPU,GRAMSCHM/flag_O2,gramschmidt_kernel1,,NsightComputeProfilers,,26434636.425803512,32,3711.0,1,1,807.0,1,1,6025.0,5748518.349669479,32
GPU,NCU,PolyBenchGPU,PolyBenchGPU,GRAMSCHM/flag_O2,gramschmidt_kernel2,,NsightComputeProfilers,,815625000.0,32,2349.0,1,1,2144.0,1,1,5893.0,744444444.4444444,32
GPU,NCU,PolyBenchGPU,PolyBenchGPU,GRAMSCHM/flag_O2,gramschmidt_kernel3,,NsightComputeProfilers,,352993876.96981204,32,297475.0,1,1,259141.0,1,1,2107672.0,307505458.5152838,32
GPU,NCU,PolyBenchGPU,PolyBenchGPU,GRAMSCHM/flag_O2,gramschmidt_kernel3,,NsightComputeProfilers,,434817566.02914387,32,366666.0,1,1,263919.0,1,1,2391567.0,312973161.42987245,32
GPU,NCU,PolyBenchGPU,PolyBenchGPU,GRAMSCHM/flag_O2,gramschmidt_kernel1,,NsightComputeProfilers,,25225045.578851413,32,3542.0,1,1,1476.0,1,1,6025.0,10511622.607110301,32
GPU,NCU,PolyBenchGPU,PolyBenchGPU,GRAMSCHM/flag_O2,gramschmidt_kernel3,,NsightComputeProfilers,,357928438.5205438,32,301622.0,1,1,263252.0,1,1,2127626.0,312395572.2639933,32
GPU,NCU,PolyBenchGPU,PolyBenchGPU,GRAMSCHM/flag_O2,gramschmidt_kernel2,,NsightComputeProfilers,,929193037.9746835,32,2349.0,1,1,2143.0,1,1,8148.0,847705696.2025316,32
GPU,NCU,PolyBenchGPU,PolyBenchGPU,GRAMSCHM/flag_O2,gramschmidt_kernel1,,NsightComputeProfilers,,24888367.30020609,32,3478.0,1,1,779.0,1,1,6185.0,5574479.047400962,32
GPU,NCU,PolyBenchGPU,PolyBenchGPU,GRAMSCHM/flag_O2,gramschmidt_kernel2,,NsightComputeProfilers,,967105263.1578946,32,2352.0,1,1,2229.0,1,1,5881.0,916529605.2631578,32
GPU,NCU,PolyBenchGPU,PolyBenchGPU,GRAMSCHM/flag_O2,gramschmidt_kernel2,,NsightComputeProfilers,,895960365.8536584,32,2351.0,1,1,2234.0,1,1,5810.0,851371951.2195121,32
GPU,NCU,PolyBenchGPU,PolyBenchGPU,GRAMSCHM/flag_O2,gramschmidt_kernel3,,NsightComputeProfilers,,357152330.4281925,32,301608.0,1,1,263170.0,1,1,2139960.0,311635562.71314895,32
GPU,NCU,PolyBenchGPU,PolyBenchGPU,GRAMSCHM/flag_O2,gramschmidt_kernel2,,NsightComputeProfilers,,966282894.736842,32,2350.0,1,1,2057.0,1,1,5899.0,845805921.0526315,32
GPU,NCU,PolyBenchGPU,PolyBenchGPU,GRAMSCHM/flag_O2,gramschmidt_kernel2,,NsightComputeProfilers,,953733766.2337662,32,2350.0,1,1,2130.0,1,1,5847.0,864448051.9480519,32
GPU,NCU,PolyBenchGPU,PolyBenchGPU,GRAMSCHM/flag_O2,gramschmidt_kernel1,,NsightComputeProfilers,,25875569.476082,32,3635.0,1,1,963.0,1,1,6090.0,6855068.33712984,32
GPU,NCU,PolyBenchGPU,PolyBenchGPU,GRAMSCHM/flag_O2,gramschmidt_kernel2,,NsightComputeProfilers,,874627976.1904762,32,2351.0,1,1,2143.0,1,1,5822.0,797247023.8095238,32
GPU,NCU,PolyBenchGPU,PolyBenchGPU,GRAMSCHM/flag_O2,gramschmidt_kernel2,,NsightComputeProfilers,,966282894.736842,32,2350.0,1,1,2147.0,1,1,5848.0,882812499.9999999,32
GPU,NCU,PolyBenchGPU,PolyBenchGPU,GRAMSCHM/flag_O2,gramschmidt_kernel2,,NsightComputeProfilers,,941907051.2820513,32,2351.0,1,1,2058.0,1,1,5819.0,824519230.7692308,32
GPU,NCU,PolyBenchGPU,PolyBenchGPU,GRAMSCHM/flag_O2,gramschmidt_kernel3,,NsightComputeProfilers,,357976658.31339943,32,301697.0,1,1,263086.0,1,1,2116016.0,312163021.6045867,32
GPU,NCU,PolyBenchGPU,PolyBenchGPU,GRAMSCHM/flag_O2,gramschmidt_kernel2,,NsightComputeProfilers,,954545454.5454545,32,2352.0,1,1,2151.0,1,1,5812.0,872970779.2207792,32
GPU,NCU,PolyBenchGPU,PolyBenchGPU,GRAMSCHM/flag_O2,gramschmidt_kernel1,,NsightComputeProfilers,,24727080.475537267,32,3461.0,1,1,772.0,1,1,4279.0,5515546.410608139,32
GPU,NCU,PolyBenchGPU,PolyBenchGPU,GRAMSCHM/flag_O2,gramschmidt_kernel2,,NsightComputeProfilers,,953327922.0779221,32,2349.0,1,1,2145.0,1,1,5879.0,870535714.2857143,32
GPU,NCU,PolyBenchGPU,PolyBenchGPU,GRAMSCHM/flag_O2,gramschmidt_kernel1,,NsightComputeProfilers,,157093049.83996344,32,21988.0,1,1,772.0,1,1,5991.0,5515546.410608139,32
GPU,NCU,PolyBenchGPU,PolyBenchGPU,GRAMSCHM/flag_O2,gramschmidt_kernel1,,NsightComputeProfilers,,24892734.553775746,32,3481.0,1,1,778.0,1,1,6094.0,5563501.144164761,32
GPU,NCU,PolyBenchGPU,PolyBenchGPU,GRAMSCHM/flag_O2,gramschmidt_kernel1,,NsightComputeProfilers,,23521351.906828042,32,3296.0,1,1,7.0,1,1,9611.0,49954.32747202558,32
GPU,NCU,PolyBenchGPU,PolyBenchGPU,GRAMSCHM/flag_O2,gramschmidt_kernel1,,NsightComputeProfilers,,25614285.714285716,32,3586.0,1,1,811.0,1,1,6604.0,5792857.142857144,32
GPU,NCU,PolyBenchGPU,PolyBenchGPU,GRAMSCHM/flag_O2,gramschmidt_kernel3,,NsightComputeProfilers,,358093892.47720367,32,301601.0,1,1,263170.0,1,1,2132660.0,312464380.69908816,32
GPU,NCU,PolyBenchGPU,PolyBenchGPU,GRAMSCHM/flag_O2,gramschmidt_kernel3,,NsightComputeProfilers,,357331238.62602365,32,301599.0,1,1,263173.0,1,1,2142814.0,311804528.7382469,32
GPU,NCU,PolyBenchGPU,PolyBenchGPU,GRAMSCHM/flag_O2,gramschmidt_kernel3,,NsightComputeProfilers,,358006239.5532594,32,301573.0,1,1,263168.0,1,1,2131746.0,312414526.66767967,32
GPU,NCU,PolyBenchGPU,PolyBenchGPU,GRAMSCHM/flag_O2,gramschmidt_kernel1,,NsightComputeProfilers,,181056922.19679636,32,25319.0,1,1,915.0,1,1,6097.0,6543192.219679634,32
GPU,NCU,PolyBenchGPU,PolyBenchGPU,GRAMSCHM/flag_O2,gramschmidt_kernel1,,NsightComputeProfilers,,24607964.801444042,32,3490.0,1,1,864.0,1,1,5993.0,6092057.761732852,32
GPU,NCU,PolyBenchGPU,PolyBenchGPU,GRAMSCHM/flag_O2,gramschmidt_kernel1,,NsightComputeProfilers,,24881347.2095151,32,3481.0,1,1,779.0,1,1,5983.0,5568103.84263495,32
GPU,NCU,PolyBenchGPU,PolyBenchGPU,GRAMSCHM/flag_O2,gramschmidt_kernel2,,NsightComputeProfilers,,1228207236.8421052,32,2987.0,1,1,2121.0,1,1,5830.0,872121710.5263157,32
GPU,NCU,PolyBenchGPU,PolyBenchGPU,GRAMSCHM/flag_O2,gramschmidt_kernel2,,NsightComputeProfilers,,941105769.2307693,32,2349.0,1,1,2130.0,1,1,5900.0,853365384.6153847,32
GPU,NCU,PolyBenchGPU,PolyBenchGPU,GRAMSCHM/flag_O2,gramschmidt_kernel1,,NsightComputeProfilers,,25186886.555580918,32,3531.0,1,1,878.0,1,1,6082.0,6262839.534352887,32
GPU,NCU,PolyBenchGPU,PolyBenchGPU,GRAMSCHM/flag_O2,gramschmidt_kernel1,,NsightComputeProfilers,,24130832.570905764,32,3376.0,1,1,596.0,1,1,6191.0,4260064.043915828,32
GPU,NCU,PolyBenchGPU,PolyBenchGPU,GRAMSCHM/flag_O2,gramschmidt_kernel1,,NsightComputeProfilers,,23571428.571428575,32,3300.0,1,1,7.0,1,1,6160.0,50000.00000000001,32
GPU,NCU,PolyBenchGPU,PolyBenchGPU,GRAMSCHM/flag_O2,gramschmidt_kernel3,,NsightComputeProfilers,,357712110.29355985,32,301806.0,1,1,263213.0,1,1,2143711.0,311970198.3615262,32
GPU,NCU,PolyBenchGPU,PolyBenchGPU,GRAMSCHM/flag_O2,gramschmidt_kernel3,,NsightComputeProfilers,,357739032.67428184,32,301657.0,1,1,263247.0,1,1,2363420.0,312188104.81575656,32
GPU,NCU,PolyBenchGPU,PolyBenchGPU,GRAMSCHM/flag_O2,gramschmidt_kernel3,,NsightComputeProfilers,,435806059.22378075,32,366872.0,1,1,263447.0,1,1,2115679.0,312947837.0775839,32
GPU,NCU,PolyBenchGPU,PolyBenchGPU,GRAMSCHM/flag_O2,gramschmidt_kernel1,,NsightComputeProfilers,,24856010.49270073,32,3487.0,1,1,861.0,1,1,6018.0,6137374.543795621,32
GPU,NCU,PolyBenchGPU,PolyBenchGPU,GRAMSCHM/flag_O2,gramschmidt_kernel1,,NsightComputeProfilers,,24955805.20072993,32,3501.0,1,1,795.0,1,1,6015.0,5666913.777372263,32
GPU,NCU,PolyBenchGPU,PolyBenchGPU,GRAMSCHM/flag_O2,gramschmidt_kernel1,,NsightComputeProfilers,,24844853.10863129,32,3491.0,1,1,866.0,1,1,6025.0,6163174.675472558,32
GPU,NCU,PolyBenchGPU,PolyBenchGPU,GRAMSCHM/flag_O2,gramschmidt_kernel3,,NsightComputeProfilers,,358425067.3189972,32,302419.0,1,1,264194.0,1,1,2140602.0,313121041.4533318,32
GPU,NCU,PolyBenchGPU,PolyBenchGPU,GRAMSCHM/flag_O2,gramschmidt_kernel1,,NsightComputeProfilers,,26965955.74817518,32,3783.0,1,1,2124.0,1,1,6423.0,15140282.84671533,32
GPU,NCU,PolyBenchGPU,PolyBenchGPU,GRAMSCHM/flag_O2,gramschmidt_kernel3,,NsightComputeProfilers,,358490095.7192236,32,302015.0,1,1,265273.0,1,1,2131826.0,314877549.6638432,32
GPU,NCU,PolyBenchGPU,PolyBenchGPU,GRAMSCHM/flag_O2,gramschmidt_kernel3,,NsightComputeProfilers,,358113051.5753867,32,301514.0,1,1,262397.0,1,1,2123529.0,311653158.3748242,32
GPU,NCU,PolyBenchGPU,PolyBenchGPU,GRAMSCHM/flag_O2,gramschmidt_kernel3,,NsightComputeProfilers,,352995548.0882409,32,297499.0,1,1,259075.0,1,1,2107247.0,307403795.0411968,32
GPU,NCU,PolyBenchGPU,PolyBenchGPU,GRAMSCHM/flag_O2,gramschmidt_kernel3,,NsightComputeProfilers,,357708783.5020281,32,301952.0,1,1,263118.0,1,1,2117820.0,311703912.20288867,32
GPU,NCU,PolyBenchGPU,PolyBenchGPU,GRAMSCHM/flag_O2,gramschmidt_kernel1,,NsightComputeProfilers,,24732734.964555223,32,3461.0,1,1,774.0,1,1,7647.0,5531099.93139721,32
GPU,NCU,PolyBenchGPU,PolyBenchGPU,GRAMSCHM/flag_O2,gramschmidt_kernel3,,NsightComputeProfilers,,358056742.640076,32,301627.0,1,1,263194.0,1,1,2131820.0,312433523.2668566,32
GPU,NCU,PolyBenchGPU,PolyBenchGPU,GRAMSCHM/flag_O2,gramschmidt_kernel1,,NsightComputeProfilers,,23598545.579477783,32,3297.0,1,1,7.0,1,1,5982.0,50103.069170865776,32
GPU,NCU,PolyBenchGPU,PolyBenchGPU,GRAMSCHM/flag_O2,gramschmidt_kernel3,,NsightComputeProfilers,,358015556.8203377,32,301936.0,1,1,263209.0,1,1,2132856.0,312095664.95921075,32
GPU,NCU,PolyBenchGPU,PolyBenchGPU,GRAMSCHM/flag_O2,gramschmidt_kernel2,,NsightComputeProfilers,,966282894.736842,32,2350.0,1,1,2056.0,1,1,5818.0,845394736.8421052,32
GPU,NCU,PolyBenchGPU,PolyBenchGPU,GRAMSCHM/flag_O2,gramschmidt_kernel1,,NsightComputeProfilers,,24982868.889904063,32,3500.0,1,1,878.0,1,1,6629.0,6267131.110095934,32
GPU,NCU,PolyBenchGPU,PolyBenchGPU,GRAMSCHM/flag_O2,gramschmidt_kernel1,,NsightComputeProfilers,,24885844.748858444,32,3488.0,1,1,783.0,1,1,5980.0,5586472.602739725,32
GPU,NCU,PolyBenchGPU,PolyBenchGPU,GRAMSCHM/flag_O2,gramschmidt_kernel2,,NsightComputeProfilers,,967516447.368421,32,2353.0,1,1,2060.0,1,1,5894.0,847039473.6842104,32
GPU,NCU,PolyBenchGPU,PolyBenchGPU,GRAMSCHM/flag_O2,gramschmidt_kernel2,,NsightComputeProfilers,,941105769.2307693,32,2349.0,1,1,2151.0,1,1,5820.0,861778846.1538461,32
GPU,NCU,PolyBenchGPU,PolyBenchGPU,GRAMSCHM/flag_O2,gramschmidt_kernel2,,NsightComputeProfilers,,963815789.4736842,32,2344.0,1,1,2056.0,1,1,5817.0,845394736.8421052,32
GPU,NCU,PolyBenchGPU,PolyBenchGPU,GRAMSCHM/flag_O2,gramschmidt_kernel3,,NsightComputeProfilers,,358641752.479386,32,302028.0,1,1,265255.0,1,1,2126875.0,314975823.61211383,32
GPU,NCU,PolyBenchGPU,PolyBenchGPU,GRAMSCHM/flag_O2,gramschmidt_kernel2,,NsightComputeProfilers,,1143591772.1518986,32,2891.0,1,1,2118.0,1,1,5819.0,837816455.6962025,32
GPU,NCU,PolyBenchGPU,PolyBenchGPU,GRAMSCHM/flag_O2,gramschmidt_kernel3,,NsightComputeProfilers,,394257520.2248471,32,332173.0,1,1,265206.0,1,1,2135760.0,314774108.3975844,32
GPU,NCU,PolyBenchGPU,PolyBenchGPU,GRAMSCHM/flag_O2,gramschmidt_kernel3,,NsightComputeProfilers,,357986269.37101185,32,301602.0,1,1,263173.0,1,1,2383321.0,312372996.4296566,32
GPU,NCU,PolyBenchGPU,PolyBenchGPU,GRAMSCHM/flag_O2,gramschmidt_kernel3,,NsightComputeProfilers,,436171907.6969905,32,366845.0,1,1,265061.0,1,1,2123658.0,315152617.6616064,32
GPU,NCU,PolyBenchGPU,PolyBenchGPU,GRAMSCHM/flag_O2,gramschmidt_kernel3,,NsightComputeProfilers,,433266555.7907469,32,366800.0,1,1,263939.0,1,1,2144565.0,311766470.74387664,32
GPU,NCU,PolyBenchGPU,PolyBenchGPU,GRAMSCHM/flag_O2,gramschmidt_kernel3,,NsightComputeProfilers,,358231736.2879623,32,301591.0,1,1,263169.0,1,1,2124558.0,312593836.7098712,32
GPU,NCU,PolyBenchGPU,PolyBenchGPU,GRAMSCHM/flag_O2,gramschmidt_kernel2,,NsightComputeProfilers,,967105263.1578946,32,2352.0,1,1,2062.0,1,1,5907.0,847861842.1052631,32
GPU,NCU,PolyBenchGPU,PolyBenchGPU,GRAMSCHM/flag_O2,gramschmidt_kernel2,,NsightComputeProfilers,,966282894.736842,32,2350.0,1,1,2144.0,1,1,5884.0,881578947.368421,32
GPU,NCU,PolyBenchGPU,PolyBenchGPU,GRAMSCHM/flag_O2,gramschmidt_kernel3,,NsightComputeProfilers,,358333570.4260081,32,302273.0,1,1,263432.0,1,1,2115828.0,312288987.5194416,32
GPU,NCU,PolyBenchGPU,PolyBenchGPU,GRAMSCHM/flag_O2,gramschmidt_kernel2,,NsightComputeProfilers,,953327922.0779221,32,2349.0,1,1,2130.0,1,1,5846.0,864448051.9480519,32
GPU,NCU,PolyBenchGPU,PolyBenchGPU,GRAMSCHM/flag_O2,gramschmidt_kernel1,,NsightComputeProfilers,,23325562.883784395,32,3282.0,1,1,11.0,1,1,4403.0,78178.30338867409,32
GPU,NCU,PolyBenchGPU,PolyBenchGPU,GRAMSCHM/flag_O2,gramschmidt_kernel2,,NsightComputeProfilers,,930775316.4556961,32,2353.0,1,1,2144.0,1,1,5882.0,848101265.8227848,32
GPU,NCU,PolyBenchGPU,PolyBenchGPU,GRAMSCHM/flag_O2,gramschmidt_kernel3,,NsightComputeProfilers,,359414178.25393206,32,302736.0,1,1,263391.0,1,1,2116045.0,312703014.5885571,32
GPU,NCU,PolyBenchGPU,PolyBenchGPU,GRAMSCHM/flag_O2,gramschmidt_kernel2,,NsightComputeProfilers,,954951298.7012987,32,2353.0,1,1,2058.0,1,1,5821.0,835227272.7272727,32
GPU,NCU,PolyBenchGPU,PolyBenchGPU,GRAMSCHM/flag_O2,gramschmidt_kernel3,,NsightComputeProfilers,,356937975.6901056,32,301644.0,1,1,263160.0,1,1,2123604.0,311399522.8899239,32
GPU,NCU,PolyBenchGPU,PolyBenchGPU,GRAMSCHM/flag_O2,gramschmidt_kernel1,,NsightComputeProfilers,,25671417.215534862,32,3617.0,1,1,1970.0,1,1,6127.0,13981944.129002953,32
GPU,NCU,PolyBenchGPU,PolyBenchGPU,GRAMSCHM/flag_O2,gramschmidt_kernel1,,NsightComputeProfilers,,24861523.52672453,32,3483.0,1,1,779.0,1,1,6075.0,5560472.818638648,32
GPU,NCU,PolyBenchGPU,PolyBenchGPU,GRAMSCHM/flag_O2,gramschmidt_kernel2,,NsightComputeProfilers,,965871710.5263157,32,2349.0,1,1,2130.0,1,1,5855.0,875822368.4210526,32
GPU,NCU,PolyBenchGPU,PolyBenchGPU,GRAMSCHM/flag_O2,gramschmidt_kernel1,,NsightComputeProfilers,,24890075.37688442,32,3487.0,1,1,871.0,1,1,130069.0,6217165.372316126,32
GPU,NCU,PolyBenchGPU,PolyBenchGPU,GRAMSCHM/flag_O2,gramschmidt_kernel3,,NsightComputeProfilers,,433897964.0151515,32,366557.0,1,1,263501.0,1,1,2267901.0,311909327.6515151,32
GPU,NCU,PolyBenchGPU,PolyBenchGPU,GRAMSCHM/flag_O2,gramschmidt_kernel3,,NsightComputeProfilers,,358155354.5641104,32,301584.0,1,1,263168.0,1,1,2132516.0,312533252.26115376,32
GPU,NCU,PolyBenchGPU,PolyBenchGPU,GRAMSCHM/flag_O2,gramschmidt_kernel2,,NsightComputeProfilers,,965460526.3157895,32,2348.0,1,1,2151.0,1,1,5894.0,884457236.8421052,32
GPU,NCU,PolyBenchGPU,PolyBenchGPU,GRAMSCHM/flag_O2,gramschmidt_kernel2,,NsightComputeProfilers,,967105263.1578946,32,2352.0,1,1,2144.0,1,1,5821.0,881578947.368421,32
GPU,NCU,PolyBenchGPU,PolyBenchGPU,GRAMSCHM/flag_O2,gramschmidt_kernel3,,NsightComputeProfilers,,358519770.5777339,32,302040.0,1,1,263309.0,1,1,2376849.0,312546292.779276,32
GPU,NCU,PolyBenchGPU,PolyBenchGPU,GRAMSCHM/flag_O2,gramschmidt_kernel2,,NsightComputeProfilers,,979583333.3333334,32,2351.0,1,1,2087.0,1,1,8096.0,869583333.3333334,32
GPU,NCU,PolyBenchGPU,PolyBenchGPU,GRAMSCHM/flag_O2,gramschmidt_kernel2,,NsightComputeProfilers,,961038961.038961,32,2368.0,1,1,2054.0,1,1,5799.0,833603896.1038961,32
GPU,NCU,PolyBenchGPU,PolyBenchGPU,GRAMSCHM/flag_O2,gramschmidt_kernel1,,NsightComputeProfilers,,24824366.004112408,32,3477.0,1,1,779.0,1,1,5999.0,5561743.203107151,32
GPU,NCU,PolyBenchGPU,PolyBenchGPU,GRAMSCHM/flag_O2,gramschmidt_kernel2,,NsightComputeProfilers,,978333333.3333334,32,2348.0,1,1,2060.0,1,1,5895.0,858333333.3333334,32
GPU,NCU,PolyBenchGPU,PolyBenchGPU,GRAMSCHM/flag_O2,gramschmidt_kernel3,,NsightComputeProfilers,,356931189.8810876,32,301604.0,1,1,263160.0,1,1,2139944.0,311434901.15882754,32
GPU,NCU,PolyBenchGPU,PolyBenchGPU,GRAMSCHM/flag_O2,gramschmidt_kernel2,,NsightComputeProfilers,,980000000.0,32,2352.0,1,1,2100.0,1,1,5884.0,875000000.0,32
GPU,NCU,PolyBenchGPU,PolyBenchGPU,GRAMSCHM/flag_O2,gramschmidt_kernel1,,NsightComputeProfilers,,24972863.34552102,32,3497.0,1,1,857.0,1,1,6061.0,6120029.70749543,32
GPU,NCU,PolyBenchGPU,PolyBenchGPU,GRAMSCHM/flag_O2,gramschmidt_kernel1,,NsightComputeProfilers,,24808615.173674587,32,3474.0,1,1,778.0,1,1,6014.0,5555872.94332724,32
GPU,NCU,PolyBenchGPU,PolyBenchGPU,GRAMSCHM/flag_O2,gramschmidt_kernel2,,NsightComputeProfilers,,931170886.0759493,32,2354.0,1,1,2060.0,1,1,5818.0,814873417.7215189,32
GPU,NCU,PolyBenchGPU,PolyBenchGPU,GRAMSCHM/flag_O2,gramschmidt_kernel1,,NsightComputeProfilers,,25071510.29748284,32,3506.0,1,1,874.0,1,1,6090.0,6250000.000000001,32
GPU,NCU,PolyBenchGPU,PolyBenchGPU,GRAMSCHM/flag_O2,gramschmidt_kernel3,,NsightComputeProfilers,,357146240.71547675,32,301580.0,1,1,263078.0,1,1,2141821.0,311550231.16568136,32
GPU,NCU,PolyBenchGPU,PolyBenchGPU,GRAMSCHM/flag_O2,gramschmidt_kernel1,,NsightComputeProfilers,,25012889.55087076,32,3493.0,1,1,783.0,1,1,6136.0,5606954.628780935,32
GPU,NCU,PolyBenchGPU,PolyBenchGPU,GRAMSCHM/flag_O2,gramschmidt_kernel1,,NsightComputeProfilers,,24952824.794144556,32,3491.0,1,1,787.0,1,1,8785.0,5625285.910338518,32
GPU,NCU,PolyBenchGPU,PolyBenchGPU,GRAMSCHM/flag_O2,gramschmidt_kernel2,,NsightComputeProfilers,,955762987.012987,32,2355.0,1,1,2054.0,1,1,5900.0,833603896.1038961,32
GPU,NCU,PolyBenchGPU,PolyBenchGPU,GRAMSCHM/flag_O2,gramschmidt_kernel1,,NsightComputeProfilers,,24870414.673046254,32,3493.0,1,1,784.0,1,1,7938.0,5582137.16108453,32
GPU,NCU,PolyBenchGPU,PolyBenchGPU,GRAMSCHM/flag_O2,gramschmidt_kernel2,,NsightComputeProfilers,,966282894.736842,32,2350.0,1,1,2145.0,1,1,5886.0,881990131.5789473,32
GPU,NCU,PolyBenchGPU,PolyBenchGPU,GRAMSCHM/flag_O2,gramschmidt_kernel3,,NsightComputeProfilers,,375036777.26737785,32,316123.0,1,1,265314.0,1,1,2117458.0,314758836.0350784,32
GPU,NCU,PolyBenchGPU,PolyBenchGPU,GRAMSCHM/flag_O3,gramschmidt_kernel1,,NsightComputeProfilers,,23842486.869148206,32,3341.0,1,1,7.0,1,1,4316.0,49954.32747202558,32
GPU,NCU,PolyBenchGPU,PolyBenchGPU,GRAMSCHM/flag_O3,gramschmidt_kernel2,,NsightComputeProfilers,,955357142.8571428,32,2354.0,1,1,2054.0,1,1,5816.0,833603896.1038961,32
GPU,NCU,PolyBenchGPU,PolyBenchGPU,GRAMSCHM/flag_O3,gramschmidt_kernel3,,NsightComputeProfilers,,398675247.280858,32,336635.0,1,1,258213.0,1,1,2106860.0,305800441.5052867,32
GPU,NCU,PolyBenchGPU,PolyBenchGPU,GRAMSCHM/flag_O3,gramschmidt_kernel3,,NsightComputeProfilers,,361612572.21039826,32,304472.0,1,1,263146.0,1,1,2165126.0,312530879.4466403,32
GPU,NCU,PolyBenchGPU,PolyBenchGPU,GRAMSCHM/flag_O3,gramschmidt_kernel1,,NsightComputeProfilers,,27060895.96700275,32,3779.0,1,1,778.0,1,1,8260.0,5571150.320806599,32
GPU,NCU,PolyBenchGPU,PolyBenchGPU,GRAMSCHM/flag_O3,gramschmidt_kernel3,,NsightComputeProfilers,,385972311.9914835,32,324859.0,1,1,262302.0,1,1,2134411.0,311646927.9902669,32
GPU,NCU,PolyBenchGPU,PolyBenchGPU,GRAMSCHM/flag_O3,gramschmidt_kernel2,,NsightComputeProfilers,,944310897.4358975,32,2357.0,1,1,2054.0,1,1,5838.0,822916666.6666667,32
GPU,NCU,PolyBenchGPU,PolyBenchGPU,GRAMSCHM/flag_O3,gramschmidt_kernel1,,NsightComputeProfilers,,23820727.81200091,32,3341.0,1,1,103.0,1,1,10188.0,734371.4350901209,32
GPU,NCU,PolyBenchGPU,PolyBenchGPU,GRAMSCHM/flag_O3,gramschmidt_kernel2,,NsightComputeProfilers,,919531250.0,32,2354.0,1,1,2054.0,1,1,5810.0,802343750.0,32
GPU,NCU,PolyBenchGPU,PolyBenchGPU,GRAMSCHM/flag_O3,gramschmidt_kernel2,,NsightComputeProfilers,,907021604.9382716,32,2351.0,1,1,2232.0,1,1,5815.0,861111111.1111112,32
GPU,NCU,PolyBenchGPU,PolyBenchGPU,GRAMSCHM/flag_O3,gramschmidt_kernel3,,NsightComputeProfilers,,357747951.51928985,32,301779.0,1,1,262336.0,1,1,2138452.0,310989719.66162133,32
GPU,NCU,PolyBenchGPU,PolyBenchGPU,GRAMSCHM/flag_O3,gramschmidt_kernel2,,NsightComputeProfilers,,1135156250.0,32,2906.0,1,1,2054.0,1,1,5807.0,802343750.0,32
GPU,NCU,PolyBenchGPU,PolyBenchGPU,GRAMSCHM/flag_O3,gramschmidt_kernel2,,NsightComputeProfilers,,855377906.9767442,32,2354.0,1,1,2054.0,1,1,6119.0,746366279.0697675,32
GPU,NCU,PolyBenchGPU,PolyBenchGPU,GRAMSCHM/flag_O3,gramschmidt_kernel1,,NsightComputeProfilers,,29368848.706797894,32,4106.0,1,1,7.0,1,1,27997.0,50068.66559853513,32
GPU,NCU,PolyBenchGPU,PolyBenchGPU,GRAMSCHM/flag_O3,gramschmidt_kernel2,,NsightComputeProfilers,,1131250000.0,32,2896.0,1,1,2054.0,1,1,6329.0,802343750.0,32
GPU,NCU,PolyBenchGPU,PolyBenchGPU,GRAMSCHM/flag_O3,gramschmidt_kernel2,,NsightComputeProfilers,,908950617.2839507,32,2356.0,1,1,2054.0,1,1,5799.0,792438271.6049383,32
GPU,NCU,PolyBenchGPU,PolyBenchGPU,GRAMSCHM/flag_O3,gramschmidt_kernel2,,NsightComputeProfilers,,969983552.6315789,32,2359.0,1,1,2054.0,1,1,5805.0,844572368.4210526,32
GPU,NCU,PolyBenchGPU,PolyBenchGPU,GRAMSCHM/flag_O3,gramschmidt_kernel3,,NsightComputeProfilers,,361688956.6936618,32,304409.0,1,1,264549.0,1,1,2115704.0,314328590.16767424,32
GPU,NCU,PolyBenchGPU,PolyBenchGPU,GRAMSCHM/flag_O3,gramschmidt_kernel2,,NsightComputeProfilers,,943108974.3589743,32,2354.0,1,1,2054.0,1,1,5843.0,822916666.6666667,32
GPU,NCU,PolyBenchGPU,PolyBenchGPU,GRAMSCHM/flag_O3,gramschmidt_kernel1,,NsightComputeProfilers,,26862035.559607934,32,3771.0,1,1,1002.0,1,1,6077.0,7137565.534533851,32
GPU,NCU,PolyBenchGPU,PolyBenchGPU,GRAMSCHM/flag_O3,gramschmidt_kernel2,,NsightComputeProfilers,,1000822368.4210526,32,2434.0,1,1,2058.0,1,1,5799.0,846217105.2631578,32
GPU,NCU,PolyBenchGPU,PolyBenchGPU,GRAMSCHM/flag_O3,gramschmidt_kernel1,,NsightComputeProfilers,,31477738.556137554,32,4423.0,1,1,779.0,1,1,6050.0,5544010.475973583,32
GPU,NCU,PolyBenchGPU,PolyBenchGPU,GRAMSCHM/flag_O3,gramschmidt_kernel1,,NsightComputeProfilers,,23873513.266239706,32,3340.0,1,1,7.0,1,1,7407.0,50034.30924062214,32
GPU,NCU,PolyBenchGPU,PolyBenchGPU,GRAMSCHM/flag_O3,gramschmidt_kernel1,,NsightComputeProfilers,,27061929.223744288,32,3793.0,1,1,7.0,1,1,5212.0,49942.92237442922,32
GPU,NCU,PolyBenchGPU,PolyBenchGPU,GRAMSCHM/flag_O3,gramschmidt_kernel1,,NsightComputeProfilers,,29164768.84536552,32,4098.0,1,1,27.0,1,1,10711.0,192154.40674106128,32
GPU,NCU,PolyBenchGPU,PolyBenchGPU,GRAMSCHM/flag_O3,gramschmidt_kernel3,,NsightComputeProfilers,,359759611.72077423,32,302129.0,1,1,264402.0,1,1,2131907.0,314836248.28532237,32
GPU,NCU,PolyBenchGPU,PolyBenchGPU,GRAMSCHM/flag_O3,gramschmidt_kernel3,,NsightComputeProfilers,,358562426.5068467,32,302489.0,1,1,264533.0,1,1,2174703.0,313570392.21636385,32
GPU,NCU,PolyBenchGPU,PolyBenchGPU,GRAMSCHM/flag_O3,gramschmidt_kernel3,,NsightComputeProfilers,,362613308.12207824,32,305303.0,1,1,262320.0,1,1,2170813.0,311561704.2301699,32
GPU,NCU,PolyBenchGPU,PolyBenchGPU,GRAMSCHM/flag_O3,gramschmidt_kernel1,,NsightComputeProfilers,,24972832.303820636,32,3493.0,1,1,1073.0,1,1,5149.0,7671299.473804621,32
GPU,NCU,PolyBenchGPU,PolyBenchGPU,GRAMSCHM/flag_O3,gramschmidt_kernel1,,NsightComputeProfilers,,24845960.74851666,32,3484.0,1,1,104.0,1,1,6042.0,741670.4701049749,32
GPU,NCU,PolyBenchGPU,PolyBenchGPU,GRAMSCHM/flag_O3,gramschmidt_kernel1,,NsightComputeProfilers,,23833656.920968477,32,3339.0,1,1,9.0,1,1,6015.0,64241.662859753305,32
GPU,NCU,PolyBenchGPU,PolyBenchGPU,GRAMSCHM/flag_O3,gramschmidt_kernel2,,NsightComputeProfilers,,967927631.5789473,32,2354.0,1,1,2054.0,1,1,5799.0,844572368.4210526,32
GPU,NCU,PolyBenchGPU,PolyBenchGPU,GRAMSCHM/flag_O3,gramschmidt_kernel2,,NsightComputeProfilers,,965460526.3157895,32,2348.0,1,1,2130.0,1,1,5799.0,875822368.4210526,32
GPU,NCU,PolyBenchGPU,PolyBenchGPU,GRAMSCHM/flag_O3,gramschmidt_kernel1,,NsightComputeProfilers,,31884843.64300388,32,4470.0,1,1,779.0,1,1,9196.0,5556665.144944076,32
GPU,NCU,PolyBenchGPU,PolyBenchGPU,GRAMSCHM/flag_O3,gramschmidt_kernel1,,NsightComputeProfilers,,24066993.83702351,32,3374.0,1,1,23.0,1,1,11179.0,164060.71673133987,32
GPU,NCU,PolyBenchGPU,PolyBenchGPU,GRAMSCHM/flag_O3,gramschmidt_kernel1,,NsightComputeProfilers,,23804434.564523485,32,3341.0,1,1,7.0,1,1,4414.0,49874.60100319197,32
GPU,NCU,PolyBenchGPU,PolyBenchGPU,GRAMSCHM/flag_O3,gramschmidt_kernel3,,NsightComputeProfilers,,405035993.3988391,32,341643.0,1,1,263254.0,1,1,2121986.0,312101654.0839941,32
GPU,NCU,PolyBenchGPU,PolyBenchGPU,GRAMSCHM/flag_O3,gramschmidt_kernel3,,NsightComputeProfilers,,363181606.81749165,32,306165.0,1,1,263126.0,1,1,2173653.0,312127524.2939569,32
GPU,NCU,PolyBenchGPU,PolyBenchGPU,GRAMSCHM/flag_O3,gramschmidt_kernel3,,NsightComputeProfilers,,358506251.6626762,32,301868.0,1,1,262397.0,1,1,2154314.0,311629470.22384375,32
GPU,NCU,PolyBenchGPU,PolyBenchGPU,GRAMSCHM/flag_O3,gramschmidt_kernel1,,NsightComputeProfilers,,24015342.34027937,32,3356.0,1,1,8.0,1,1,5392.0,57247.5383558507,32
GPU,NCU,PolyBenchGPU,PolyBenchGPU,GRAMSCHM/flag_O3,gramschmidt_kernel1,,NsightComputeProfilers,,23913479.157123223,32,3341.0,1,1,7.0,1,1,7290.0,50103.069170865776,32
GPU,NCU,PolyBenchGPU,PolyBenchGPU,GRAMSCHM/flag_O3,gramschmidt_kernel1,,NsightComputeProfilers,,23804434.564523485,32,3341.0,1,1,190.0,1,1,6137.0,1353739.1700866392,32
GPU,NCU,PolyBenchGPU,PolyBenchGPU,GRAMSCHM/flag_O3,gramschmidt_kernel3,,NsightComputeProfilers,,361627962.0853081,32,305214.0,1,1,263110.0,1,1,2168327.0,311741706.16113746,32
GPU,NCU,PolyBenchGPU,PolyBenchGPU,GRAMSCHM/flag_O3,gramschmidt_kernel1,,NsightComputeProfilers,,139813914.93254057,32,19565.0,1,1,94.0,1,1,7661.0,671735.6505831237,32
GPU,NCU,PolyBenchGPU,PolyBenchGPU,GRAMSCHM/flag_O3,gramschmidt_kernel3,,NsightComputeProfilers,,358152359.6188162,32,301868.0,1,1,263132.0,1,1,2131497.0,312193894.98462355,32
GPU,NCU,PolyBenchGPU,PolyBenchGPU,GRAMSCHM/flag_O3,gramschmidt_kernel3,,NsightComputeProfilers,,363357284.0632603,32,305848.0,1,1,263086.0,1,1,2278285.0,312554649.48296833,32
GPU,NCU,PolyBenchGPU,PolyBenchGPU,GRAMSCHM/flag_O3,gramschmidt_kernel3,,NsightComputeProfilers,,353543322.0545185,32,297576.0,1,1,258204.0,1,1,2120707.0,306766338.4404821,32
GPU,NCU,PolyBenchGPU,PolyBenchGPU,GRAMSCHM/flag_O3,gramschmidt_kernel3,,NsightComputeProfilers,,358326135.24185586,32,302003.0,1,1,263081.0,1,1,2115782.0,312145236.9200395,32
GPU,NCU,PolyBenchGPU,PolyBenchGPU,GRAMSCHM/flag_O3,gramschmidt_kernel1,,NsightComputeProfilers,,31643216.655227635,32,4426.0,1,1,779.0,1,1,29864.0,5569377.716769618,32
GPU,NCU,PolyBenchGPU,PolyBenchGPU,GRAMSCHM/flag_O3,gramschmidt_kernel3,,NsightComputeProfilers,,391586867.3050616,32,329760.0,1,1,264365.0,1,1,2157997.0,313930926.05259156,32
GPU,NCU,PolyBenchGPU,PolyBenchGPU,GRAMSCHM/flag_O3,gramschmidt_kernel1,,NsightComputeProfilers,,23802736.60205245,32,3340.0,1,1,94.0,1,1,9253.0,669897.377423033,32
GPU,NCU,PolyBenchGPU,PolyBenchGPU,GRAMSCHM/flag_O3,gramschmidt_kernel3,,NsightComputeProfilers,,358761940.09970695,32,301670.0,1,1,262310.0,1,1,2130180.0,311952943.63892376,32
GPU,NCU,PolyBenchGPU,PolyBenchGPU,GRAMSCHM/flag_O3,gramschmidt_kernel2,,NsightComputeProfilers,,981250000.0,32,2355.0,1,1,2054.0,1,1,5816.0,855833333.3333334,32
GPU,NCU,PolyBenchGPU,PolyBenchGPU,GRAMSCHM/flag_O3,gramschmidt_kernel1,,NsightComputeProfilers,,30779753.761969905,32,4320.0,1,1,868.0,1,1,6069.0,6184450.524395805,32
GPU,NCU,PolyBenchGPU,PolyBenchGPU,GRAMSCHM/flag_O3,gramschmidt_kernel1,,NsightComputeProfilers,,23907572.637840312,32,3344.0,1,1,7.0,1,1,8196.0,50045.75611988103,32
GPU,NCU,PolyBenchGPU,PolyBenchGPU,GRAMSCHM/flag_O3,gramschmidt_kernel2,,NsightComputeProfilers,,836292613.6363637,32,2355.0,1,1,2054.0,1,1,6016.0,729403409.0909091,32
GPU,NCU,PolyBenchGPU,PolyBenchGPU,GRAMSCHM/flag_O3,gramschmidt_kernel2,,NsightComputeProfilers,,955357142.8571428,32,2354.0,1,1,2054.0,1,1,6143.0,833603896.1038961,32
GPU,NCU,PolyBenchGPU,PolyBenchGPU,GRAMSCHM/flag_O3,gramschmidt_kernel2,,NsightComputeProfilers,,971217105.2631578,32,2362.0,1,1,2054.0,1,1,5812.0,844572368.4210526,32
GPU,NCU,PolyBenchGPU,PolyBenchGPU,GRAMSCHM/flag_O3,gramschmidt_kernel3,,NsightComputeProfilers,,358504172.3692214,32,301763.0,1,1,262438.0,1,1,2233850.0,311784804.5924574,32
GPU,NCU,PolyBenchGPU,PolyBenchGPU,GRAMSCHM/flag_O3,gramschmidt_kernel2,,NsightComputeProfilers,,955762987.012987,32,2355.0,1,1,2054.0,1,1,5811.0,833603896.1038961,32
GPU,NCU,PolyBenchGPU,PolyBenchGPU,GRAMSCHM/flag_O3,gramschmidt_kernel3,,NsightComputeProfilers,,361890029.6318809,32,304833.0,1,1,262214.0,1,1,2145361.0,311293830.4904456,32
GPU,NCU,PolyBenchGPU,PolyBenchGPU,GRAMSCHM/flag_O3,gramschmidt_kernel3,,NsightComputeProfilers,,358746483.15717435,32,301944.0,1,1,262397.0,1,1,2146795.0,311759799.63500875,32
GPU,NCU,PolyBenchGPU,PolyBenchGPU,GRAMSCHM/flag_O3,gramschmidt_kernel3,,NsightComputeProfilers,,362657063.8330229,32,305247.0,1,1,263165.0,1,1,2154052.0,312660390.4497586,32
GPU,NCU,PolyBenchGPU,PolyBenchGPU,GRAMSCHM/flag_O3,gramschmidt_kernel3,,NsightComputeProfilers,,361983020.29975337,32,305282.0,1,1,263173.0,1,1,2145188.0,312052978.5619427,32
GPU,NCU,PolyBenchGPU,PolyBenchGPU,GRAMSCHM/flag_O3,gramschmidt_kernel3,,NsightComputeProfilers,,358930301.7061215,32,302271.0,1,1,263079.0,1,1,2121903.0,312391942.4706464,32
GPU,NCU,PolyBenchGPU,PolyBenchGPU,GRAMSCHM/flag_O3,gramschmidt_kernel2,,NsightComputeProfilers,,931170886.0759493,32,2354.0,1,1,2054.0,1,1,6033.0,812499999.9999999,32
GPU,NCU,PolyBenchGPU,PolyBenchGPU,GRAMSCHM/flag_O3,gramschmidt_kernel2,,NsightComputeProfilers,,955357142.8571428,32,2354.0,1,1,2054.0,1,1,5799.0,833603896.1038961,32
GPU,NCU,PolyBenchGPU,PolyBenchGPU,GRAMSCHM/flag_O3,gramschmidt_kernel3,,NsightComputeProfilers,,359766650.18447375,32,302676.0,1,1,264415.0,1,1,2114823.0,314288872.61800617,32
GPU,NCU,PolyBenchGPU,PolyBenchGPU,GRAMSCHM/flag_O3,gramschmidt_kernel2,,NsightComputeProfilers,,940304487.1794872,32,2347.0,1,1,2058.0,1,1,5799.0,824519230.7692308,32
GPU,NCU,PolyBenchGPU,PolyBenchGPU,GRAMSCHM/flag_O3,gramschmidt_kernel1,,NsightComputeProfilers,,23922217.153284673,32,3356.0,1,1,7.0,1,1,10949.0,49897.35401459854,32
GPU,NCU,PolyBenchGPU,PolyBenchGPU,GRAMSCHM/flag_O3,gramschmidt_kernel2,,NsightComputeProfilers,,919531250.0,32,2354.0,1,1,2054.0,1,1,5884.0,802343750.0,32
GPU,NCU,PolyBenchGPU,PolyBenchGPU,GRAMSCHM/flag_O3,gramschmidt_kernel3,,NsightComputeProfilers,,363133482.87267613,32,305648.0,1,1,263090.0,1,1,2119993.0,312571284.6443372,32
GPU,NCU,PolyBenchGPU,PolyBenchGPU,GRAMSCHM/flag_O3,gramschmidt_kernel2,,NsightComputeProfilers,,955357142.8571428,32,2354.0,1,1,2054.0,1,1,5800.0,833603896.1038961,32
GPU,NCU,PolyBenchGPU,PolyBenchGPU,GRAMSCHM/flag_O3,gramschmidt_kernel3,,NsightComputeProfilers,,358708677.2929585,32,301740.0,1,1,262342.0,1,1,2147663.0,311872313.310762,32
GPU,NCU,PolyBenchGPU,PolyBenchGPU,GRAMSCHM/flag_O3,gramschmidt_kernel1,,NsightComputeProfilers,,23803070.07532527,32,3337.0,1,1,7.0,1,1,4319.0,49931.52248345126,32
GPU,NCU,PolyBenchGPU,PolyBenchGPU,GRAMSCHM/flag_O3,gramschmidt_kernel1,,NsightComputeProfilers,,25008511.121198367,32,3526.0,1,1,7.0,1,1,5767.0,49648.206990467545,32
GPU,NCU,PolyBenchGPU,PolyBenchGPU,GRAMSCHM/flag_O3,gramschmidt_kernel2,,NsightComputeProfilers,,897103658.5365853,32,2354.0,1,1,2054.0,1,1,5815.0,782774390.2439023,32
GPU,NCU,PolyBenchGPU,PolyBenchGPU,GRAMSCHM/flag_O3,gramschmidt_kernel1,,NsightComputeProfilers,,23850000.000000004,32,3339.0,1,1,7.0,1,1,6202.0,50000.00000000001,32
GPU,NCU,PolyBenchGPU,PolyBenchGPU,GRAMSCHM/flag_O3,gramschmidt_kernel3,,NsightComputeProfilers,,357550394.4324345,32,301681.0,1,1,262310.0,1,1,2140120.0,310888136.68600905,32
GPU,NCU,PolyBenchGPU,PolyBenchGPU,GRAMSCHM/flag_O3,gramschmidt_kernel3,,NsightComputeProfilers,,361718215.8322571,32,304723.0,1,1,262306.0,1,1,2130168.0,311367564.38501865,32
GPU,NCU,PolyBenchGPU,PolyBenchGPU,GRAMSCHM/flag_O3,gramschmidt_kernel2,,NsightComputeProfilers,,936328125.0,32,2397.0,1,1,2058.0,1,1,5800.0,803906250.0,32
GPU,NCU,PolyBenchGPU,PolyBenchGPU,GRAMSCHM/flag_O3,gramschmidt_kernel2,,NsightComputeProfilers,,919531250.0,32,2354.0,1,1,2054.0,1,1,6002.0,802343750.0,32
GPU,NCU,PolyBenchGPU,PolyBenchGPU,GRAMSCHM/flag_O3,gramschmidt_kernel3,,NsightComputeProfilers,,358716375.1565049,32,302550.0,1,1,262397.0,1,1,2129081.0,311109240.42948747,32
GPU,NCU,PolyBenchGPU,PolyBenchGPU,GRAMSCHM/flag_O3,gramschmidt_kernel2,,NsightComputeProfilers,,955357142.8571428,32,2354.0,1,1,2054.0,1,1,9728.0,833603896.1038961,32
GPU,NCU,PolyBenchGPU,PolyBenchGPU,GRAMSCHM/flag_O3,gramschmidt_kernel2,,NsightComputeProfilers,,917578125.0,32,2349.0,1,1,2144.0,1,1,5810.0,837500000.0,32
GPU,NCU,PolyBenchGPU,PolyBenchGPU,GRAMSCHM/flag_O3,gramschmidt_kernel1,,NsightComputeProfilers,,23893691.321273185,32,3339.0,1,1,104.0,1,1,6052.0,744217.9986260592,32
GPU,NCU,PolyBenchGPU,PolyBenchGPU,GRAMSCHM/flag_O3,gramschmidt_kernel2,,NsightComputeProfilers,,955357142.8571428,32,2354.0,1,1,2054.0,1,1,5799.0,833603896.1038961,32
GPU,NCU,PolyBenchGPU,PolyBenchGPU,GRAMSCHM/flag_O3,gramschmidt_kernel3,,NsightComputeProfilers,,358353657.3792894,32,302095.0,1,1,262402.0,1,1,2148550.0,311268694.9590039,32
GPU,NCU,PolyBenchGPU,PolyBenchGPU,GRAMSCHM/flag_O3,gramschmidt_kernel2,,NsightComputeProfilers,,955357142.8571428,32,2354.0,1,1,2054.0,1,1,5994.0,833603896.1038961,32
GPU,NCU,PolyBenchGPU,PolyBenchGPU,GRAMSCHM/flag_O3,gramschmidt_kernel1,,NsightComputeProfilers,,23831602.37388724,32,3341.0,1,1,103.0,1,1,8580.0,734706.6879707829,32
GPU,NCU,PolyBenchGPU,PolyBenchGPU,GRAMSCHM/flag_O3,gramschmidt_kernel1,,NsightComputeProfilers,,23790184.678522572,32,3339.0,1,1,103.0,1,1,5213.0,733869.1290469676,32
GPU,NCU,PolyBenchGPU,PolyBenchGPU,GRAMSCHM/flag_O3,gramschmidt_kernel2,,NsightComputeProfilers,,967927631.5789473,32,2354.0,1,1,2054.0,1,1,5877.0,844572368.4210526,32
GPU,NCU,PolyBenchGPU,PolyBenchGPU,GRAMSCHM/flag_O3,gramschmidt_kernel1,,NsightComputeProfilers,,31805745.554035567,32,4464.0,1,1,779.0,1,1,19409.0,5550330.597355221,32
GPU,NCU,PolyBenchGPU,PolyBenchGPU,GRAMSCHM/flag_O3,gramschmidt_kernel3,,NsightComputeProfilers,,360862615.2620195,32,304314.0,1,1,262301.0,1,1,2172386.0,311042623.2307517,32
GPU,NCU,PolyBenchGPU,PolyBenchGPU,GRAMSCHM/flag_O3,gramschmidt_kernel1,,NsightComputeProfilers,,30212150.710032064,32,4221.0,1,1,852.0,1,1,4404.0,6098259.276225378,32
GPU,NCU,PolyBenchGPU,PolyBenchGPU,GRAMSCHM/flag_O3,gramschmidt_kernel1,,NsightComputeProfilers,,25333980.360812973,32,3550.0,1,1,7.0,1,1,9764.0,49954.32747202558,32
GPU,NCU,PolyBenchGPU,PolyBenchGPU,GRAMSCHM/flag_O3,gramschmidt_kernel2,,NsightComputeProfilers,,981250000.0,32,2355.0,1,1,2054.0,1,1,5799.0,855833333.3333334,32
GPU,NCU,PolyBenchGPU,PolyBenchGPU,GRAMSCHM/flag_O3,gramschmidt_kernel1,,NsightComputeProfilers,,23911798.39633448,32,3340.0,1,1,7.0,1,1,9421.0,50114.547537227954,32
GPU,NCU,PolyBenchGPU,PolyBenchGPU,GRAMSCHM/flag_O3,gramschmidt_kernel2,,NsightComputeProfilers,,946314102.5641026,32,2362.0,1,1,2054.0,1,1,6136.0,822916666.6666667,32
GPU,NCU,PolyBenchGPU,PolyBenchGPU,GRAMSCHM/flag_O3,gramschmidt_kernel3,,NsightComputeProfilers,,361327753.47156173,32,303920.0,1,1,262310.0,1,1,2139227.0,311857998.85866463,32
GPU,NCU,PolyBenchGPU,PolyBenchGPU,JACOBI1D/flag_O1,runJacobiCUDA_kernel1,,NsightComputeProfilers,,177734375.0,32,364.0,1,1,134.0,1,1,2433.0,65429687.49999999,32
GPU,NCU,PolyBenchGPU,PolyBenchGPU,JACOBI1D/flag_O1,runJacobiCUDA_kernel1,,NsightComputeProfilers,,176269531.25,32,361.0,1,1,138.0,1,1,2280.0,67382812.5,32
GPU,NCU,PolyBenchGPU,PolyBenchGPU,JACOBI1D/flag_O1,runJacobiCUDA_kernel1,,NsightComputeProfilers,,176269531.25,32,361.0,1,1,138.0,1,1,2202.0,67382812.5,32
GPU,NCU,PolyBenchGPU,PolyBenchGPU,JACOBI1D/flag_O1,runJacobiCUDA_kernel1,,NsightComputeProfilers,,175961538.46153846,32,366.0,1,1,137.0,1,1,2305.0,65865384.615384616,32
GPU,NCU,PolyBenchGPU,PolyBenchGPU,JACOBI1D/flag_O1,runJacobiCUDA_kernel1,,NsightComputeProfilers,,175480769.23076922,32,365.0,1,1,309.0,1,1,2211.0,148557692.30769232,32
GPU,NCU,PolyBenchGPU,PolyBenchGPU,JACOBI1D/flag_O1,runJacobiCUDA_kernel1,,NsightComputeProfilers,,177734375.0,32,364.0,1,1,140.0,1,1,2212.0,68359375.0,32
GPU,NCU,PolyBenchGPU,PolyBenchGPU,JACOBI1D/flag_O1,runJacobiCUDA_kernel2,,NsightComputeProfilers,,179398148.14814815,32,310.0,1,1,134.0,1,1,2073.0,77546296.2962963,32
GPU,NCU,PolyBenchGPU,PolyBenchGPU,JACOBI1D/flag_O1,runJacobiCUDA_kernel1,,NsightComputeProfilers,,173557692.30769232,32,361.0,1,1,138.0,1,1,2192.0,66346153.84615385,32
GPU,NCU,PolyBenchGPU,PolyBenchGPU,JACOBI1D/flag_O1,runJacobiCUDA_kernel2,,NsightComputeProfilers,,210227272.72727272,32,370.0,1,1,134.0,1,1,2079.0,76136363.63636363,32
GPU,NCU,PolyBenchGPU,PolyBenchGPU,JACOBI1D/flag_O1,runJacobiCUDA_kernel1,,NsightComputeProfilers,,175000000.0,32,364.0,1,1,134.0,1,1,2274.0,64423076.92307692,32
GPU,NCU,PolyBenchGPU,PolyBenchGPU,JACOBI1D/flag_O1,runJacobiCUDA_kernel2,,NsightComputeProfilers,,187500000.0,32,330.0,1,1,134.0,1,1,2074.0,76136363.63636363,32
GPU,NCU,PolyBenchGPU,PolyBenchGPU,JACOBI1D/flag_O1,runJacobiCUDA_kernel2,,NsightComputeProfilers,,178240740.74074075,32,308.0,1,1,141.0,1,1,2196.0,81597222.22222222,32
GPU,NCU,PolyBenchGPU,PolyBenchGPU,JACOBI1D/flag_O1,runJacobiCUDA_kernel1,,NsightComputeProfilers,,186057692.30769232,32,387.0,1,1,197.0,1,1,2291.0,94711538.46153846,32
GPU,NCU,PolyBenchGPU,PolyBenchGPU,JACOBI1D/flag_O1,runJacobiCUDA_kernel1,,NsightComputeProfilers,,175000000.0,32,364.0,1,1,134.0,1,1,2192.0,64423076.92307692,32
GPU,NCU,PolyBenchGPU,PolyBenchGPU,JACOBI1D/flag_O1,runJacobiCUDA_kernel2,,NsightComputeProfilers,,175925925.9259259,32,304.0,1,1,310.0,1,1,2085.0,179398148.14814815,32
GPU,NCU,PolyBenchGPU,PolyBenchGPU,JACOBI1D/flag_O1,runJacobiCUDA_kernel1,,NsightComputeProfilers,,175000000.0,32,364.0,1,1,134.0,1,1,2324.0,64423076.92307692,32
GPU,NCU,PolyBenchGPU,PolyBenchGPU,JACOBI1D/flag_O1,runJacobiCUDA_kernel2,,NsightComputeProfilers,,178819444.44444445,32,309.0,1,1,134.0,1,1,2074.0,77546296.2962963,32
GPU,NCU,PolyBenchGPU,PolyBenchGPU,JACOBI1D/flag_O1,runJacobiCUDA_kernel1,,NsightComputeProfilers,,175000000.0,32,364.0,1,1,134.0,1,1,2206.0,64423076.92307692,32
GPU,NCU,PolyBenchGPU,PolyBenchGPU,JACOBI1D/flag_O1,runJacobiCUDA_kernel1,,NsightComputeProfilers,,177734375.0,32,364.0,1,1,134.0,1,1,2204.0,65429687.49999999,32
GPU,NCU,PolyBenchGPU,PolyBenchGPU,JACOBI1D/flag_O1,runJacobiCUDA_kernel2,,NsightComputeProfilers,,175568181.8181818,32,309.0,1,1,134.0,1,1,2075.0,76136363.63636363,32
GPU,NCU,PolyBenchGPU,PolyBenchGPU,JACOBI1D/flag_O1,runJacobiCUDA_kernel2,,NsightComputeProfilers,,173863636.36363634,32,306.0,1,1,137.0,1,1,2089.0,77840909.0909091,32
GPU,NCU,PolyBenchGPU,PolyBenchGPU,JACOBI1D/flag_O1,runJacobiCUDA_kernel2,,NsightComputeProfilers,,175568181.8181818,32,309.0,1,1,134.0,1,1,2074.0,76136363.63636363,32
GPU,NCU,PolyBenchGPU,PolyBenchGPU,JACOBI1D/flag_O1,runJacobiCUDA_kernel1,,NsightComputeProfilers,,175000000.0,32,364.0,1,1,134.0,1,1,2206.0,64423076.92307692,32
GPU,NCU,PolyBenchGPU,PolyBenchGPU,JACOBI1D/flag_O1,runJacobiCUDA_kernel1,,NsightComputeProfilers,,196828358.2089552,32,422.0,1,1,177.0,1,1,2192.0,82555970.14925373,32
GPU,NCU,PolyBenchGPU,PolyBenchGPU,JACOBI1D/flag_O1,runJacobiCUDA_kernel2,,NsightComputeProfilers,,177083333.33333334,32,306.0,1,1,136.0,1,1,2077.0,78703703.7037037,32
GPU,NCU,PolyBenchGPU,PolyBenchGPU,JACOBI1D/flag_O1,runJacobiCUDA_kernel2,,NsightComputeProfilers,,169642857.14285713,32,304.0,1,1,137.0,1,1,2074.0,76450892.85714287,32
GPU,NCU,PolyBenchGPU,PolyBenchGPU,JACOBI1D/flag_O1,runJacobiCUDA_kernel1,,NsightComputeProfilers,,177734375.0,32,364.0,1,1,134.0,1,1,2192.0,65429687.49999999,32
GPU,NCU,PolyBenchGPU,PolyBenchGPU,JACOBI1D/flag_O1,runJacobiCUDA_kernel2,,NsightComputeProfilers,,173032407.4074074,32,299.0,1,1,168.0,1,1,2080.0,97222222.22222222,32
GPU,NCU,PolyBenchGPU,PolyBenchGPU,JACOBI1D/flag_O1,runJacobiCUDA_kernel1,,NsightComputeProfilers,,146915584.41558442,32,362.0,1,1,171.0,1,1,2336.0,69399350.64935064,32
GPU,NCU,PolyBenchGPU,PolyBenchGPU,JACOBI1D/flag_O1,runJacobiCUDA_kernel2,,NsightComputeProfilers,,177840909.0909091,32,313.0,1,1,134.0,1,1,2168.0,76136363.63636363,32
GPU,NCU,PolyBenchGPU,PolyBenchGPU,JACOBI1D/flag_O1,runJacobiCUDA_kernel1,,NsightComputeProfilers,,177734375.0,32,364.0,1,1,134.0,1,1,2192.0,65429687.49999999,32
GPU,NCU,PolyBenchGPU,PolyBenchGPU,JACOBI1D/flag_O1,runJacobiCUDA_kernel1,,NsightComputeProfilers,,178222656.25,32,365.0,1,1,134.0,1,1,2289.0,65429687.49999999,32
GPU,NCU,PolyBenchGPU,PolyBenchGPU,JACOBI1D/flag_O1,runJacobiCUDA_kernel1,,NsightComputeProfilers,,175781250.0,32,360.0,1,1,312.0,1,1,2221.0,152343750.0,32
GPU,NCU,PolyBenchGPU,PolyBenchGPU,JACOBI1D/flag_O1,runJacobiCUDA_kernel2,,NsightComputeProfilers,,182386363.63636363,32,321.0,1,1,134.0,1,1,2075.0,76136363.63636363,32
GPU,NCU,PolyBenchGPU,PolyBenchGPU,JACOBI1D/flag_O1,runJacobiCUDA_kernel2,,NsightComputeProfilers,,181603773.58490565,32,308.0,1,1,140.0,1,1,2186.0,82547169.81132075,32
GPU,NCU,PolyBenchGPU,PolyBenchGPU,JACOBI1D/flag_O1,runJacobiCUDA_kernel2,,NsightComputeProfilers,,175568181.8181818,32,309.0,1,1,134.0,1,1,2084.0,76136363.63636363,32
GPU,NCU,PolyBenchGPU,PolyBenchGPU,JACOBI1D/flag_O1,runJacobiCUDA_kernel1,,NsightComputeProfilers,,178846153.84615386,32,372.0,1,1,134.0,1,1,2432.0,64423076.92307692,32
GPU,NCU,PolyBenchGPU,PolyBenchGPU,JACOBI1D/flag_O1,runJacobiCUDA_kernel1,,NsightComputeProfilers,,164285714.28571427,32,368.0,1,1,141.0,1,1,2276.0,62946428.57142857,32
GPU,NCU,PolyBenchGPU,PolyBenchGPU,JACOBI1D/flag_O1,runJacobiCUDA_kernel1,,NsightComputeProfilers,,210096153.84615386,32,437.0,1,1,191.0,1,1,2192.0,91826923.07692307,32
GPU,NCU,PolyBenchGPU,PolyBenchGPU,JACOBI1D/flag_O1,runJacobiCUDA_kernel1,,NsightComputeProfilers,,232692307.69230768,32,484.0,1,1,134.0,1,1,2273.0,64423076.92307692,32
GPU,NCU,PolyBenchGPU,PolyBenchGPU,JACOBI1D/flag_O1,runJacobiCUDA_kernel2,,NsightComputeProfilers,,178819444.44444445,32,309.0,1,1,134.0,1,1,2082.0,77546296.2962963,32
GPU,NCU,PolyBenchGPU,PolyBenchGPU,JACOBI1D/flag_O1,runJacobiCUDA_kernel1,,NsightComputeProfilers,,175000000.0,32,364.0,1,1,134.0,1,1,2224.0,64423076.92307692,32
GPU,NCU,PolyBenchGPU,PolyBenchGPU,JACOBI1D/flag_O1,runJacobiCUDA_kernel2,,NsightComputeProfilers,,175347222.2222222,32,303.0,1,1,209.0,1,1,2179.0,120949074.07407407,32
GPU,NCU,PolyBenchGPU,PolyBenchGPU,JACOBI1D/flag_O1,runJacobiCUDA_kernel1,,NsightComputeProfilers,,177734375.0,32,364.0,1,1,134.0,1,1,2279.0,65429687.49999999,32
GPU,NCU,PolyBenchGPU,PolyBenchGPU,JACOBI1D/flag_O1,runJacobiCUDA_kernel2,,NsightComputeProfilers,,176504629.62962964,32,305.0,1,1,141.0,1,1,2092.0,81597222.22222222,32
GPU,NCU,PolyBenchGPU,PolyBenchGPU,JACOBI1D/flag_O1,runJacobiCUDA_kernel1,,NsightComputeProfilers,,177734375.0,32,364.0,1,1,134.0,1,1,2376.0,65429687.49999999,32
GPU,NCU,PolyBenchGPU,PolyBenchGPU,JACOBI1D/flag_O1,runJacobiCUDA_kernel2,,NsightComputeProfilers,,181712962.96296296,32,314.0,1,1,136.0,1,1,2166.0,78703703.7037037,32
GPU,NCU,PolyBenchGPU,PolyBenchGPU,JACOBI1D/flag_O1,runJacobiCUDA_kernel1,,NsightComputeProfilers,,175480769.23076922,32,365.0,1,1,311.0,1,1,2192.0,149519230.76923078,32
GPU,NCU,PolyBenchGPU,PolyBenchGPU,JACOBI1D/flag_O1,runJacobiCUDA_kernel2,,NsightComputeProfilers,,175000000.0,32,308.0,1,1,134.0,1,1,2330.0,76136363.63636363,32
GPU,NCU,PolyBenchGPU,PolyBenchGPU,JACOBI1D/flag_O1,runJacobiCUDA_kernel2,,NsightComputeProfilers,,173863636.36363634,32,306.0,1,1,136.0,1,1,2384.0,77272727.27272727,32
GPU,NCU,PolyBenchGPU,PolyBenchGPU,JACOBI1D/flag_O1,runJacobiCUDA_kernel1,,NsightComputeProfilers,,176757812.5,32,362.0,1,1,138.0,1,1,2288.0,67382812.5,32
GPU,NCU,PolyBenchGPU,PolyBenchGPU,JACOBI1D/flag_O1,runJacobiCUDA_kernel1,,NsightComputeProfilers,,175961538.46153846,32,366.0,1,1,137.0,1,1,2192.0,65865384.615384616,32
GPU,NCU,PolyBenchGPU,PolyBenchGPU,JACOBI1D/flag_O1,runJacobiCUDA_kernel1,,NsightComputeProfilers,,176757812.5,32,362.0,1,1,309.0,1,1,2192.0,150878906.25,32
GPU,NCU,PolyBenchGPU,PolyBenchGPU,JACOBI1D/flag_O1,runJacobiCUDA_kernel2,,NsightComputeProfilers,,160937500.0,32,309.0,1,1,134.0,1,1,2090.0,69791666.66666667,32
GPU,NCU,PolyBenchGPU,PolyBenchGPU,JACOBI1D/flag_O1,runJacobiCUDA_kernel2,,NsightComputeProfilers,,175925925.9259259,32,304.0,1,1,136.0,1,1,2630.0,78703703.7037037,32
GPU,NCU,PolyBenchGPU,PolyBenchGPU,JACOBI1D/flag_O1,runJacobiCUDA_kernel2,,NsightComputeProfilers,,182193396.2264151,32,309.0,1,1,134.0,1,1,2074.0,79009433.96226415,32
GPU,NCU,PolyBenchGPU,PolyBenchGPU,JACOBI1D/flag_O1,runJacobiCUDA_kernel2,,NsightComputeProfilers,,55178571.42857143,32,309.0,1,1,134.0,1,1,2090.0,23928571.42857143,32
GPU,NCU,PolyBenchGPU,PolyBenchGPU,JACOBI1D/flag_O1,runJacobiCUDA_kernel1,,NsightComputeProfilers,,177734375.0,32,364.0,1,1,134.0,1,1,2206.0,65429687.49999999,32
GPU,NCU,PolyBenchGPU,PolyBenchGPU,JACOBI1D/flag_O1,runJacobiCUDA_kernel2,,NsightComputeProfilers,,195023148.14814815,32,337.0,1,1,134.0,1,1,2509.0,77546296.2962963,32
GPU,NCU,PolyBenchGPU,PolyBenchGPU,JACOBI1D/flag_O1,runJacobiCUDA_kernel1,,NsightComputeProfilers,,172348484.84848487,32,364.0,1,1,134.0,1,1,2193.0,63446969.6969697,32
GPU,NCU,PolyBenchGPU,PolyBenchGPU,JACOBI1D/flag_O1,runJacobiCUDA_kernel2,,NsightComputeProfilers,,178819444.44444445,32,309.0,1,1,134.0,1,1,2081.0,77546296.2962963,32
GPU,NCU,PolyBenchGPU,PolyBenchGPU,JACOBI1D/flag_O1,runJacobiCUDA_kernel2,,NsightComputeProfilers,,195601851.85185185,32,338.0,1,1,134.0,1,1,2497.0,77546296.2962963,32
GPU,NCU,PolyBenchGPU,PolyBenchGPU,JACOBI1D/flag_O1,runJacobiCUDA_kernel2,,NsightComputeProfilers,,201967592.5925926,32,349.0,1,1,134.0,1,1,2082.0,77546296.2962963,32
GPU,NCU,PolyBenchGPU,PolyBenchGPU,JACOBI1D/flag_O1,runJacobiCUDA_kernel1,,NsightComputeProfilers,,174519230.76923078,32,363.0,1,1,136.0,1,1,2500.0,65384615.384615384,32
GPU,NCU,PolyBenchGPU,PolyBenchGPU,JACOBI1D/flag_O1,runJacobiCUDA_kernel1,,NsightComputeProfilers,,175781250.0,32,360.0,1,1,136.0,1,1,2201.0,66406249.99999999,32
GPU,NCU,PolyBenchGPU,PolyBenchGPU,JACOBI1D/flag_O1,runJacobiCUDA_kernel1,,NsightComputeProfilers,,175000000.0,32,364.0,1,1,134.0,1,1,2352.0,64423076.92307692,32
GPU,NCU,PolyBenchGPU,PolyBenchGPU,JACOBI1D/flag_O1,runJacobiCUDA_kernel2,,NsightComputeProfilers,,176504629.62962964,32,305.0,1,1,140.0,1,1,2074.0,81018518.51851852,32
GPU,NCU,PolyBenchGPU,PolyBenchGPU,JACOBI1D/flag_O1,runJacobiCUDA_kernel2,,NsightComputeProfilers,,215801886.79245284,32,366.0,1,1,141.0,1,1,2081.0,83136792.4528302,32
GPU,NCU,PolyBenchGPU,PolyBenchGPU,JACOBI1D/flag_O1,runJacobiCUDA_kernel2,,NsightComputeProfilers,,178819444.44444445,32,309.0,1,1,134.0,1,1,2164.0,77546296.2962963,32
GPU,NCU,PolyBenchGPU,PolyBenchGPU,JACOBI1D/flag_O1,runJacobiCUDA_kernel1,,NsightComputeProfilers,,193359375.0,32,396.0,1,1,134.0,1,1,2208.0,65429687.49999999,32
GPU,NCU,PolyBenchGPU,PolyBenchGPU,JACOBI1D/flag_O1,runJacobiCUDA_kernel2,,NsightComputeProfilers,,194886363.63636363,32,343.0,1,1,134.0,1,1,2098.0,76136363.63636363,32
GPU,NCU,PolyBenchGPU,PolyBenchGPU,JACOBI1D/flag_O1,runJacobiCUDA_kernel2,,NsightComputeProfilers,,203125000.0,32,351.0,1,1,209.0,1,1,2103.0,120949074.07407407,32
GPU,NCU,PolyBenchGPU,PolyBenchGPU,JACOBI1D/flag_O1,runJacobiCUDA_kernel1,,NsightComputeProfilers,,179807692.30769232,32,374.0,1,1,138.0,1,1,2275.0,66346153.84615385,32
GPU,NCU,PolyBenchGPU,PolyBenchGPU,JACOBI1D/flag_O1,runJacobiCUDA_kernel1,,NsightComputeProfilers,,177734375.0,32,364.0,1,1,134.0,1,1,2279.0,65429687.49999999,32
GPU,NCU,PolyBenchGPU,PolyBenchGPU,JACOBI1D/flag_O1,runJacobiCUDA_kernel2,,NsightComputeProfilers,,181134259.25925925,32,313.0,1,1,134.0,1,1,2075.0,77546296.2962963,32
GPU,NCU,PolyBenchGPU,PolyBenchGPU,JACOBI1D/flag_O1,runJacobiCUDA_kernel2,,NsightComputeProfilers,,178819444.44444445,32,309.0,1,1,134.0,1,1,2074.0,77546296.2962963,32
GPU,NCU,PolyBenchGPU,PolyBenchGPU,JACOBI1D/flag_O1,runJacobiCUDA_kernel2,,NsightComputeProfilers,,165570175.4385965,32,302.0,1,1,140.0,1,1,2075.0,76754385.96491228,32
GPU,NCU,PolyBenchGPU,PolyBenchGPU,JACOBI1D/flag_O1,runJacobiCUDA_kernel1,,NsightComputeProfilers,,178846153.84615386,32,372.0,1,1,134.0,1,1,2224.0,64423076.92307692,32
GPU,NCU,PolyBenchGPU,PolyBenchGPU,JACOBI1D/flag_O1,runJacobiCUDA_kernel1,,NsightComputeProfilers,,177246093.75,32,363.0,1,1,138.0,1,1,2239.0,67382812.5,32
GPU,NCU,PolyBenchGPU,PolyBenchGPU,JACOBI1D/flag_O1,runJacobiCUDA_kernel2,,NsightComputeProfilers,,181134259.25925925,32,313.0,1,1,134.0,1,1,2314.0,77546296.2962963,32
GPU,NCU,PolyBenchGPU,PolyBenchGPU,JACOBI1D/flag_O1,runJacobiCUDA_kernel1,,NsightComputeProfilers,,177734375.0,32,364.0,1,1,134.0,1,1,2205.0,65429687.49999999,32
GPU,NCU,PolyBenchGPU,PolyBenchGPU,JACOBI1D/flag_O1,runJacobiCUDA_kernel2,,NsightComputeProfilers,,175568181.8181818,32,309.0,1,1,134.0,1,1,2169.0,76136363.63636363,32
GPU,NCU,PolyBenchGPU,PolyBenchGPU,JACOBI1D/flag_O1,runJacobiCUDA_kernel1,,NsightComputeProfilers,,178308823.52941176,32,388.0,1,1,134.0,1,1,2284.0,61580882.35294118,32
GPU,NCU,PolyBenchGPU,PolyBenchGPU,JACOBI1D/flag_O1,runJacobiCUDA_kernel1,,NsightComputeProfilers,,195312500.0,32,400.0,1,1,134.0,1,1,2208.0,65429687.49999999,32
GPU,NCU,PolyBenchGPU,PolyBenchGPU,JACOBI1D/flag_O1,runJacobiCUDA_kernel2,,NsightComputeProfilers,,171316964.2857143,32,307.0,1,1,141.0,1,1,2074.0,78683035.71428572,32
GPU,NCU,PolyBenchGPU,PolyBenchGPU,JACOBI1D/flag_O1,runJacobiCUDA_kernel2,,NsightComputeProfilers,,206597222.2222222,32,357.0,1,1,134.0,1,1,2074.0,77546296.2962963,32
GPU,NCU,PolyBenchGPU,PolyBenchGPU,JACOBI1D/flag_O1,runJacobiCUDA_kernel1,,NsightComputeProfilers,,175480769.23076922,32,365.0,1,1,134.0,1,1,2289.0,64423076.92307692,32
GPU,NCU,PolyBenchGPU,PolyBenchGPU,JACOBI1D/flag_O1,runJacobiCUDA_kernel2,,NsightComputeProfilers,,175568181.8181818,32,309.0,1,1,134.0,1,1,2074.0,76136363.63636363,32
GPU,NCU,PolyBenchGPU,PolyBenchGPU,JACOBI1D/flag_O1,runJacobiCUDA_kernel1,,NsightComputeProfilers,,176923076.92307693,32,368.0,1,1,134.0,1,1,2192.0,64423076.92307692,32
GPU,NCU,PolyBenchGPU,PolyBenchGPU,JACOBI1D/flag_O1,runJacobiCUDA_kernel2,,NsightComputeProfilers,,183449074.07407406,32,317.0,1,1,134.0,1,1,2106.0,77546296.2962963,32
GPU,NCU,PolyBenchGPU,PolyBenchGPU,JACOBI1D/flag_O1,runJacobiCUDA_kernel1,,NsightComputeProfilers,,176269531.25,32,361.0,1,1,136.0,1,1,2295.0,66406249.99999999,32
GPU,NCU,PolyBenchGPU,PolyBenchGPU,JACOBI1D/flag_O1,runJacobiCUDA_kernel2,,NsightComputeProfilers,,166487068.96551722,32,309.0,1,1,134.0,1,1,2082.0,72198275.86206897,32
GPU,NCU,PolyBenchGPU,PolyBenchGPU,JACOBI1D/flag_O1,runJacobiCUDA_kernel2,,NsightComputeProfilers,,218171296.2962963,32,377.0,1,1,145.0,1,1,2086.0,83912037.03703703,32
GPU,NCU,PolyBenchGPU,PolyBenchGPU,JACOBI1D/flag_O1,runJacobiCUDA_kernel1,,NsightComputeProfilers,,175781250.0,32,360.0,1,1,310.0,1,1,2258.0,151367187.5,32
GPU,NCU,PolyBenchGPU,PolyBenchGPU,JACOBI1D/flag_O1,runJacobiCUDA_kernel1,,NsightComputeProfilers,,158420138.8888889,32,365.0,1,1,134.0,1,1,2207.0,58159722.222222224,32
GPU,NCU,PolyBenchGPU,PolyBenchGPU,JACOBI1D/flag_O1,runJacobiCUDA_kernel2,,NsightComputeProfilers,,168859649.12280703,32,308.0,1,1,137.0,1,1,2074.0,75109649.12280701,32
GPU,NCU,PolyBenchGPU,PolyBenchGPU,JACOBI1D/flag_O1,runJacobiCUDA_kernel1,,NsightComputeProfilers,,175000000.0,32,364.0,1,1,134.0,1,1,2416.0,64423076.92307692,32
GPU,NCU,PolyBenchGPU,PolyBenchGPU,JACOBI1D/flag_O1,runJacobiCUDA_kernel2,,NsightComputeProfilers,,178819444.44444445,32,309.0,1,1,134.0,1,1,2232.0,77546296.2962963,32
GPU,NCU,PolyBenchGPU,PolyBenchGPU,JACOBI1D/flag_O1,runJacobiCUDA_kernel2,,NsightComputeProfilers,,195023148.14814815,32,337.0,1,1,134.0,1,1,2074.0,77546296.2962963,32
GPU,NCU,PolyBenchGPU,PolyBenchGPU,JACOBI1D/flag_O1,runJacobiCUDA_kernel2,,NsightComputeProfilers,,177083333.33333334,32,306.0,1,1,137.0,1,1,2074.0,79282407.4074074,32
GPU,NCU,PolyBenchGPU,PolyBenchGPU,JACOBI1D/flag_O2,runJacobiCUDA_kernel1,,NsightComputeProfilers,,176269531.25,32,361.0,1,1,136.0,1,1,2380.0,66406249.99999999,32
GPU,NCU,PolyBenchGPU,PolyBenchGPU,JACOBI1D/flag_O2,runJacobiCUDA_kernel1,,NsightComputeProfilers,,176757812.5,32,362.0,1,1,175.0,1,1,2210.0,85449218.75,32
GPU,NCU,PolyBenchGPU,PolyBenchGPU,JACOBI1D/flag_O2,runJacobiCUDA_kernel1,,NsightComputeProfilers,,146915584.41558442,32,362.0,1,1,137.0,1,1,2290.0,55600649.35064935,32
GPU,NCU,PolyBenchGPU,PolyBenchGPU,JACOBI1D/flag_O2,runJacobiCUDA_kernel1,,NsightComputeProfilers,,175000000.0,32,364.0,1,1,138.0,1,1,2362.0,66346153.84615385,32
GPU,NCU,PolyBenchGPU,PolyBenchGPU,JACOBI1D/flag_O2,runJacobiCUDA_kernel1,,NsightComputeProfilers,,170928030.3030303,32,361.0,1,1,137.0,1,1,2253.0,64867424.24242425,32
GPU,NCU,PolyBenchGPU,PolyBenchGPU,JACOBI1D/flag_O2,runJacobiCUDA_kernel1,,NsightComputeProfilers,,177246093.75,32,363.0,1,1,137.0,1,1,2222.0,66894531.24999999,32
GPU,NCU,PolyBenchGPU,PolyBenchGPU,JACOBI1D/flag_O2,runJacobiCUDA_kernel2,,NsightComputeProfilers,,163665254.23728815,32,309.0,1,1,137.0,1,1,2090.0,72563559.3220339,32
GPU,NCU,PolyBenchGPU,PolyBenchGPU,JACOBI1D/flag_O2,runJacobiCUDA_kernel1,,NsightComputeProfilers,,177579365.0793651,32,358.0,1,1,214.0,1,1,2192.0,106150793.65079366,32
GPU,NCU,PolyBenchGPU,PolyBenchGPU,JACOBI1D/flag_O2,runJacobiCUDA_kernel2,,NsightComputeProfilers,,162076271.18644068,32,306.0,1,1,145.0,1,1,2086.0,76800847.45762712,32
GPU,NCU,PolyBenchGPU,PolyBenchGPU,JACOBI1D/flag_O2,runJacobiCUDA_kernel1,,NsightComputeProfilers,,176757812.5,32,362.0,1,1,141.0,1,1,2285.0,68847656.25,32
GPU,NCU,PolyBenchGPU,PolyBenchGPU,JACOBI1D/flag_O2,runJacobiCUDA_kernel2,,NsightComputeProfilers,,175925925.9259259,32,304.0,1,1,209.0,1,1,2164.0,120949074.07407407,32
GPU,NCU,PolyBenchGPU,PolyBenchGPU,JACOBI1D/flag_O2,runJacobiCUDA_kernel2,,NsightComputeProfilers,,178240740.74074075,32,308.0,1,1,137.0,1,1,2163.0,79282407.4074074,32
GPU,NCU,PolyBenchGPU,PolyBenchGPU,JACOBI1D/flag_O2,runJacobiCUDA_kernel1,,NsightComputeProfilers,,176269531.25,32,361.0,1,1,178.0,1,1,2249.0,86914062.5,32
GPU,NCU,PolyBenchGPU,PolyBenchGPU,JACOBI1D/flag_O2,runJacobiCUDA_kernel1,,NsightComputeProfilers,,176269531.25,32,361.0,1,1,198.0,1,1,2288.0,96679687.5,32
GPU,NCU,PolyBenchGPU,PolyBenchGPU,JACOBI1D/flag_O2,runJacobiCUDA_kernel2,,NsightComputeProfilers,,179834905.66037735,32,305.0,1,1,138.0,1,1,2084.0,81367924.5283019,32
GPU,NCU,PolyBenchGPU,PolyBenchGPU,JACOBI1D/flag_O2,runJacobiCUDA_kernel1,,NsightComputeProfilers,,177246093.75,32,363.0,1,1,145.0,1,1,2190.0,70800781.25,32
GPU,NCU,PolyBenchGPU,PolyBenchGPU,JACOBI1D/flag_O2,runJacobiCUDA_kernel2,,NsightComputeProfilers,,179245283.01886794,32,304.0,1,1,138.0,1,1,2090.0,81367924.5283019,32
GPU,NCU,PolyBenchGPU,PolyBenchGPU,JACOBI1D/flag_O2,runJacobiCUDA_kernel1,,NsightComputeProfilers,,178571428.5714286,32,360.0,1,1,138.0,1,1,2206.0,68452380.95238096,32
GPU,NCU,PolyBenchGPU,PolyBenchGPU,JACOBI1D/flag_O2,runJacobiCUDA_kernel1,,NsightComputeProfilers,,175292968.75,32,359.0,1,1,210.0,1,1,2284.0,102539062.5,32
GPU,NCU,PolyBenchGPU,PolyBenchGPU,JACOBI1D/flag_O2,runJacobiCUDA_kernel2,,NsightComputeProfilers,,175925925.9259259,32,304.0,1,1,214.0,1,1,2122.0,123842592.5925926,32
GPU,NCU,PolyBenchGPU,PolyBenchGPU,JACOBI1D/flag_O2,runJacobiCUDA_kernel2,,NsightComputeProfilers,,169642857.14285713,32,304.0,1,1,218.0,1,1,2168.0,121651785.71428572,32
GPU,NCU,PolyBenchGPU,PolyBenchGPU,JACOBI1D/flag_O2,runJacobiCUDA_kernel2,,NsightComputeProfilers,,168311403.50877193,32,307.0,1,1,153.0,1,1,2106.0,83881578.94736841,32
GPU,NCU,PolyBenchGPU,PolyBenchGPU,JACOBI1D/flag_O2,runJacobiCUDA_kernel1,,NsightComputeProfilers,,178075396.82539684,32,359.0,1,1,210.0,1,1,2222.0,104166666.66666667,32
GPU,NCU,PolyBenchGPU,PolyBenchGPU,JACOBI1D/flag_O2,runJacobiCUDA_kernel1,,NsightComputeProfilers,,174038461.53846154,32,362.0,1,1,136.0,1,1,2277.0,65384615.384615384,32
GPU,NCU,PolyBenchGPU,PolyBenchGPU,JACOBI1D/flag_O2,runJacobiCUDA_kernel2,,NsightComputeProfilers,,181603773.58490565,32,308.0,1,1,137.0,1,1,2085.0,80778301.88679245,32
GPU,NCU,PolyBenchGPU,PolyBenchGPU,JACOBI1D/flag_O2,runJacobiCUDA_kernel2,,NsightComputeProfilers,,178240740.74074075,32,308.0,1,1,145.0,1,1,2095.0,83912037.03703703,32
GPU,NCU,PolyBenchGPU,PolyBenchGPU,JACOBI1D/flag_O2,runJacobiCUDA_kernel1,,NsightComputeProfilers,,175781250.0,32,360.0,1,1,173.0,1,1,2284.0,84472656.25,32
GPU,NCU,PolyBenchGPU,PolyBenchGPU,JACOBI1D/flag_O2,runJacobiCUDA_kernel2,,NsightComputeProfilers,,179834905.66037735,32,305.0,1,1,136.0,1,1,2154.0,80188679.24528302,32
GPU,NCU,PolyBenchGPU,PolyBenchGPU,JACOBI1D/flag_O2,runJacobiCUDA_kernel1,,NsightComputeProfilers,,147615131.57894737,32,359.0,1,1,136.0,1,1,2205.0,55921052.631578945,32
GPU,NCU,PolyBenchGPU,PolyBenchGPU,JACOBI1D/flag_O2,runJacobiCUDA_kernel2,,NsightComputeProfilers,,178819444.44444445,32,309.0,1,1,149.0,1,1,2105.0,86226851.85185185,32
GPU,NCU,PolyBenchGPU,PolyBenchGPU,JACOBI1D/flag_O2,runJacobiCUDA_kernel1,,NsightComputeProfilers,,145032051.2820513,32,362.0,1,1,140.0,1,1,2214.0,56089743.58974359,32
GPU,NCU,PolyBenchGPU,PolyBenchGPU,JACOBI1D/flag_O2,runJacobiCUDA_kernel1,,NsightComputeProfilers,,172348484.84848487,32,364.0,1,1,137.0,1,1,2213.0,64867424.24242425,32
GPU,NCU,PolyBenchGPU,PolyBenchGPU,JACOBI1D/flag_O2,runJacobiCUDA_kernel1,,NsightComputeProfilers,,175292968.75,32,359.0,1,1,140.0,1,1,2219.0,68359375.0,32
GPU,NCU,PolyBenchGPU,PolyBenchGPU,JACOBI1D/flag_O2,runJacobiCUDA_kernel2,,NsightComputeProfilers,,180424528.3018868,32,306.0,1,1,145.0,1,1,2157.0,85495283.01886792,32
GPU,NCU,PolyBenchGPU,PolyBenchGPU,JACOBI1D/flag_O2,runJacobiCUDA_kernel2,,NsightComputeProfilers,,181014150.94339624,32,307.0,1,1,136.0,1,1,2084.0,80188679.24528302,32
GPU,NCU,PolyBenchGPU,PolyBenchGPU,JACOBI1D/flag_O2,runJacobiCUDA_kernel2,,NsightComputeProfilers,,177083333.33333334,32,306.0,1,1,220.0,1,1,2138.0,127314814.81481482,32
GPU,NCU,PolyBenchGPU,PolyBenchGPU,JACOBI1D/flag_O2,runJacobiCUDA_kernel1,,NsightComputeProfilers,,175292968.75,32,359.0,1,1,214.0,1,1,2203.0,104492187.5,32
GPU,NCU,PolyBenchGPU,PolyBenchGPU,JACOBI1D/flag_O2,runJacobiCUDA_kernel1,,NsightComputeProfilers,,178222656.25,32,365.0,1,1,140.0,1,1,2297.0,68359375.0,32
GPU,NCU,PolyBenchGPU,PolyBenchGPU,JACOBI1D/flag_O2,runJacobiCUDA_kernel1,,NsightComputeProfilers,,178222656.25,32,365.0,1,1,137.0,1,1,2201.0,66894531.24999999,32
GPU,NCU,PolyBenchGPU,PolyBenchGPU,JACOBI1D/flag_O2,runJacobiCUDA_kernel1,,NsightComputeProfilers,,174038461.53846154,32,362.0,1,1,224.0,1,1,2288.0,107692307.6923077,32
GPU,NCU,PolyBenchGPU,PolyBenchGPU,JACOBI1D/flag_O2,runJacobiCUDA_kernel2,,NsightComputeProfilers,,182783018.86792454,32,310.0,1,1,137.0,1,1,2084.0,80778301.88679245,32
GPU,NCU,PolyBenchGPU,PolyBenchGPU,JACOBI1D/flag_O2,runJacobiCUDA_kernel1,,NsightComputeProfilers,,177246093.75,32,363.0,1,1,137.0,1,1,2284.0,66894531.24999999,32
GPU,NCU,PolyBenchGPU,PolyBenchGPU,JACOBI1D/flag_O2,runJacobiCUDA_kernel2,,NsightComputeProfilers,,178819444.44444445,32,309.0,1,1,137.0,1,1,2075.0,79282407.4074074,32
GPU,NCU,PolyBenchGPU,PolyBenchGPU,JACOBI1D/flag_O2,runJacobiCUDA_kernel1,,NsightComputeProfilers,,175781250.0,32,360.0,1,1,203.0,1,1,2204.0,99121093.75,32
GPU,NCU,PolyBenchGPU,PolyBenchGPU,JACOBI1D/flag_O2,runJacobiCUDA_kernel2,,NsightComputeProfilers,,175925925.9259259,32,304.0,1,1,223.0,1,1,2098.0,129050925.92592593,32
GPU,NCU,PolyBenchGPU,PolyBenchGPU,JACOBI1D/flag_O2,runJacobiCUDA_kernel1,,NsightComputeProfilers,,178222656.25,32,365.0,1,1,137.0,1,1,2298.0,66894531.24999999,32
GPU,NCU,PolyBenchGPU,PolyBenchGPU,JACOBI1D/flag_O2,runJacobiCUDA_kernel2,,NsightComputeProfilers,,178240740.74074075,32,308.0,1,1,137.0,1,1,2086.0,79282407.4074074,32
GPU,NCU,PolyBenchGPU,PolyBenchGPU,JACOBI1D/flag_O2,runJacobiCUDA_kernel1,,NsightComputeProfilers,,179563492.0634921,32,362.0,1,1,170.0,1,1,2283.0,84325396.82539684,32
GPU,NCU,PolyBenchGPU,PolyBenchGPU,JACOBI1D/flag_O2,runJacobiCUDA_kernel2,,NsightComputeProfilers,,177083333.33333334,32,306.0,1,1,153.0,1,1,2162.0,88541666.66666667,32
GPU,NCU,PolyBenchGPU,PolyBenchGPU,JACOBI1D/flag_O2,runJacobiCUDA_kernel2,,NsightComputeProfilers,,176504629.62962964,32,305.0,1,1,175.0,1,1,2086.0,101273148.14814815,32
GPU,NCU,PolyBenchGPU,PolyBenchGPU,JACOBI1D/flag_O2,runJacobiCUDA_kernel1,,NsightComputeProfilers,,175781250.0,32,360.0,1,1,210.0,1,1,2259.0,102539062.5,32
GPU,NCU,PolyBenchGPU,PolyBenchGPU,JACOBI1D/flag_O2,runJacobiCUDA_kernel1,,NsightComputeProfilers,,164522058.82352942,32,358.0,1,1,223.0,1,1,2256.0,102481617.64705883,32
GPU,NCU,PolyBenchGPU,PolyBenchGPU,JACOBI1D/flag_O2,runJacobiCUDA_kernel1,,NsightComputeProfilers,,177734375.0,32,364.0,1,1,141.0,1,1,2232.0,68847656.25,32
GPU,NCU,PolyBenchGPU,PolyBenchGPU,JACOBI1D/flag_O2,runJacobiCUDA_kernel2,,NsightComputeProfilers,,175347222.2222222,32,303.0,1,1,214.0,1,1,2105.0,123842592.5925926,32
GPU,NCU,PolyBenchGPU,PolyBenchGPU,JACOBI1D/flag_O2,runJacobiCUDA_kernel2,,NsightComputeProfilers,,165409482.75862068,32,307.0,1,1,141.0,1,1,2153.0,75969827.5862069,32
GPU,NCU,PolyBenchGPU,PolyBenchGPU,JACOBI1D/flag_O2,runJacobiCUDA_kernel2,,NsightComputeProfilers,,177662037.03703704,32,307.0,1,1,189.0,1,1,2128.0,109375000.0,32
GPU,NCU,PolyBenchGPU,PolyBenchGPU,JACOBI1D/flag_O2,runJacobiCUDA_kernel2,,NsightComputeProfilers,,167214912.28070176,32,305.0,1,1,214.0,1,1,2156.0,117324561.40350877,32
GPU,NCU,PolyBenchGPU,PolyBenchGPU,JACOBI1D/flag_O2,runJacobiCUDA_kernel1,,NsightComputeProfilers,,176269531.25,32,361.0,1,1,138.0,1,1,2277.0,67382812.5,32
GPU,NCU,PolyBenchGPU,PolyBenchGPU,JACOBI1D/flag_O2,runJacobiCUDA_kernel2,,NsightComputeProfilers,,178066037.73584905,32,302.0,1,1,140.0,1,1,2084.0,82547169.81132075,32
GPU,NCU,PolyBenchGPU,PolyBenchGPU,JACOBI1D/flag_O2,runJacobiCUDA_kernel1,,NsightComputeProfilers,,174038461.53846154,32,362.0,1,1,137.0,1,1,2271.0,65865384.615384616,32
GPU,NCU,PolyBenchGPU,PolyBenchGPU,JACOBI1D/flag_O2,runJacobiCUDA_kernel2,,NsightComputeProfilers,,169084821.42857143,32,303.0,1,1,214.0,1,1,2081.0,119419642.85714287,32
GPU,NCU,PolyBenchGPU,PolyBenchGPU,JACOBI1D/flag_O2,runJacobiCUDA_kernel2,,NsightComputeProfilers,,175925925.9259259,32,304.0,1,1,223.0,1,1,2124.0,129050925.92592593,32
GPU,NCU,PolyBenchGPU,PolyBenchGPU,JACOBI1D/flag_O2,runJacobiCUDA_kernel2,,NsightComputeProfilers,,175347222.2222222,32,303.0,1,1,184.0,1,1,2155.0,106481481.48148148,32
GPU,NCU,PolyBenchGPU,PolyBenchGPU,JACOBI1D/flag_O2,runJacobiCUDA_kernel1,,NsightComputeProfilers,,172596153.84615386,32,359.0,1,1,138.0,1,1,2248.0,66346153.84615385,32
GPU,NCU,PolyBenchGPU,PolyBenchGPU,JACOBI1D/flag_O2,runJacobiCUDA_kernel1,,NsightComputeProfilers,,179563492.0634921,32,362.0,1,1,197.0,1,1,2210.0,97718253.96825397,32
GPU,NCU,PolyBenchGPU,PolyBenchGPU,JACOBI1D/flag_O2,runJacobiCUDA_kernel1,,NsightComputeProfilers,,175781250.0,32,360.0,1,1,214.0,1,1,2208.0,104492187.5,32
GPU,NCU,PolyBenchGPU,PolyBenchGPU,JACOBI1D/flag_O2,runJacobiCUDA_kernel2,,NsightComputeProfilers,,177662037.03703704,32,307.0,1,1,137.0,1,1,2130.0,79282407.4074074,32
GPU,NCU,PolyBenchGPU,PolyBenchGPU,JACOBI1D/flag_O2,runJacobiCUDA_kernel2,,NsightComputeProfilers,,177662037.03703704,32,307.0,1,1,138.0,1,1,2117.0,79861111.1111111,32
GPU,NCU,PolyBenchGPU,PolyBenchGPU,JACOBI1D/flag_O2,runJacobiCUDA_kernel2,,NsightComputeProfilers,,183894230.76923075,32,306.0,1,1,138.0,1,1,2114.0,82932692.3076923,32
GPU,NCU,PolyBenchGPU,PolyBenchGPU,JACOBI1D/flag_O2,runJacobiCUDA_kernel1,,NsightComputeProfilers,,178222656.25,32,365.0,1,1,145.0,1,1,2275.0,70800781.25,32
GPU,NCU,PolyBenchGPU,PolyBenchGPU,JACOBI1D/flag_O2,runJacobiCUDA_kernel2,,NsightComputeProfilers,,181603773.58490565,32,308.0,1,1,158.0,1,1,2153.0,93160377.35849057,32
GPU,NCU,PolyBenchGPU,PolyBenchGPU,JACOBI1D/flag_O2,runJacobiCUDA_kernel2,,NsightComputeProfilers,,175347222.2222222,32,303.0,1,1,214.0,1,1,2083.0,123842592.5925926,32
GPU,NCU,PolyBenchGPU,PolyBenchGPU,JACOBI1D/flag_O2,runJacobiCUDA_kernel1,,NsightComputeProfilers,,170454545.45454547,32,360.0,1,1,225.0,1,1,2251.0,106534090.90909092,32
GPU,NCU,PolyBenchGPU,PolyBenchGPU,JACOBI1D/flag_O2,runJacobiCUDA_kernel1,,NsightComputeProfilers,,174038461.53846154,32,362.0,1,1,144.0,1,1,2212.0,69230769.23076923,32
GPU,NCU,PolyBenchGPU,PolyBenchGPU,JACOBI1D/flag_O2,runJacobiCUDA_kernel2,,NsightComputeProfilers,,174431818.1818182,32,307.0,1,1,311.0,1,1,2090.0,176704545.45454544,32
GPU,NCU,PolyBenchGPU,PolyBenchGPU,JACOBI1D/flag_O2,runJacobiCUDA_kernel2,,NsightComputeProfilers,,177662037.03703704,32,307.0,1,1,141.0,1,1,2092.0,81597222.22222222,32
GPU,NCU,PolyBenchGPU,PolyBenchGPU,JACOBI1D/flag_O2,runJacobiCUDA_kernel2,,NsightComputeProfilers,,177083333.33333334,32,306.0,1,1,136.0,1,1,2126.0,78703703.7037037,32
GPU,NCU,PolyBenchGPU,PolyBenchGPU,JACOBI1D/flag_O2,runJacobiCUDA_kernel1,,NsightComputeProfilers,,176269531.25,32,361.0,1,1,225.0,1,1,2199.0,109863281.25,32
GPU,NCU,PolyBenchGPU,PolyBenchGPU,JACOBI1D/flag_O2,runJacobiCUDA_kernel1,,NsightComputeProfilers,,176269531.25,32,361.0,1,1,182.0,1,1,2237.0,88867187.5,32
GPU,NCU,PolyBenchGPU,PolyBenchGPU,JACOBI1D/flag_O2,runJacobiCUDA_kernel2,,NsightComputeProfilers,,178655660.3773585,32,303.0,1,1,209.0,1,1,2086.0,123231132.0754717,32
GPU,NCU,PolyBenchGPU,PolyBenchGPU,JACOBI1D/flag_O2,runJacobiCUDA_kernel1,,NsightComputeProfilers,,176757812.5,32,362.0,1,1,137.0,1,1,2273.0,66894531.24999999,32
GPU,NCU,PolyBenchGPU,PolyBenchGPU,JACOBI1D/flag_O2,runJacobiCUDA_kernel2,,NsightComputeProfilers,,180424528.3018868,32,306.0,1,1,158.0,1,1,2155.0,93160377.35849057,32
GPU,NCU,PolyBenchGPU,PolyBenchGPU,JACOBI1D/flag_O2,runJacobiCUDA_kernel1,,NsightComputeProfilers,,175781250.0,32,360.0,1,1,175.0,1,1,2285.0,85449218.75,32
GPU,NCU,PolyBenchGPU,PolyBenchGPU,JACOBI1D/flag_O2,runJacobiCUDA_kernel1,,NsightComputeProfilers,,173076923.07692307,32,360.0,1,1,229.0,1,1,2208.0,110096153.84615384,32
GPU,NCU,PolyBenchGPU,PolyBenchGPU,JACOBI1D/flag_O2,runJacobiCUDA_kernel2,,NsightComputeProfilers,,179834905.66037735,32,305.0,1,1,136.0,1,1,2086.0,80188679.24528302,32
GPU,NCU,PolyBenchGPU,PolyBenchGPU,JACOBI1D/flag_O2,runJacobiCUDA_kernel2,,NsightComputeProfilers,,175000000.0,32,308.0,1,1,137.0,1,1,2083.0,77840909.0909091,32
GPU,NCU,PolyBenchGPU,PolyBenchGPU,JACOBI1D/flag_O2,runJacobiCUDA_kernel1,,NsightComputeProfilers,,179067460.31746033,32,361.0,1,1,224.0,1,1,2202.0,111111111.11111112,32
GPU,NCU,PolyBenchGPU,PolyBenchGPU,JACOBI1D/flag_O2,runJacobiCUDA_kernel2,,NsightComputeProfilers,,182193396.2264151,32,309.0,1,1,141.0,1,1,2116.0,83136792.4528302,32
GPU,NCU,PolyBenchGPU,PolyBenchGPU,JACOBI1D/flag_O2,runJacobiCUDA_kernel1,,NsightComputeProfilers,,171401515.15151516,32,362.0,1,1,137.0,1,1,2205.0,64867424.24242425,32
GPU,NCU,PolyBenchGPU,PolyBenchGPU,JACOBI1D/flag_O2,runJacobiCUDA_kernel2,,NsightComputeProfilers,,181603773.58490565,32,308.0,1,1,143.0,1,1,2092.0,84316037.73584905,32
GPU,NCU,PolyBenchGPU,PolyBenchGPU,JACOBI1D/flag_O2,runJacobiCUDA_kernel1,,NsightComputeProfilers,,176269531.25,32,361.0,1,1,225.0,1,1,2208.0,109863281.25,32
GPU,NCU,PolyBenchGPU,PolyBenchGPU,JACOBI1D/flag_O2,runJacobiCUDA_kernel2,,NsightComputeProfilers,,187500000.0,32,318.0,1,1,136.0,1,1,2085.0,80188679.24528302,32
GPU,NCU,PolyBenchGPU,PolyBenchGPU,JACOBI1D/flag_O2,runJacobiCUDA_kernel2,,NsightComputeProfilers,,176504629.62962964,32,305.0,1,1,136.0,1,1,2074.0,78703703.7037037,32
GPU,NCU,PolyBenchGPU,PolyBenchGPU,JACOBI1D/flag_O2,runJacobiCUDA_kernel1,,NsightComputeProfilers,,174519230.76923078,32,363.0,1,1,137.0,1,1,2284.0,65865384.615384616,32
GPU,NCU,PolyBenchGPU,PolyBenchGPU,JACOBI1D/flag_O2,runJacobiCUDA_kernel1,,NsightComputeProfilers,,393269230.7692308,32,818.0,1,1,176.0,1,1,2208.0,84615384.61538461,32
GPU,NCU,PolyBenchGPU,PolyBenchGPU,JACOBI1D/flag_O2,runJacobiCUDA_kernel2,,NsightComputeProfilers,,180424528.3018868,32,306.0,1,1,138.0,1,1,3630.0,81367924.5283019,32
GPU,NCU,PolyBenchGPU,PolyBenchGPU,JACOBI1D/flag_O2,runJacobiCUDA_kernel1,,NsightComputeProfilers,,173557692.30769232,32,361.0,1,1,224.0,1,1,2206.0,107692307.6923077,32
GPU,NCU,PolyBenchGPU,PolyBenchGPU,JACOBI1D/flag_O2,runJacobiCUDA_kernel2,,NsightComputeProfilers,,175925925.9259259,32,304.0,1,1,209.0,1,1,2086.0,120949074.07407407,32
GPU,NCU,PolyBenchGPU,PolyBenchGPU,JACOBI1D/flag_O2,runJacobiCUDA_kernel2,,NsightComputeProfilers,,171316964.2857143,32,307.0,1,1,310.0,1,1,2150.0,172991071.42857143,32
GPU,NCU,PolyBenchGPU,PolyBenchGPU,JACOBI1D/flag_O2,runJacobiCUDA_kernel2,,NsightComputeProfilers,,177476415.09433964,32,301.0,1,1,214.0,1,1,2088.0,126179245.28301887,32
GPU,NCU,PolyBenchGPU,PolyBenchGPU,JACOBI1D/flag_O3,runJacobiCUDA_kernel1,,NsightComputeProfilers,,171875000.0,32,363.0,1,1,136.0,1,1,2225.0,64393939.3939394,32
GPU,NCU,PolyBenchGPU,PolyBenchGPU,JACOBI1D/flag_O3,runJacobiCUDA_kernel1,,NsightComputeProfilers,,173557692.30769232,32,361.0,1,1,138.0,1,1,2279.0,66346153.84615385,32
GPU,NCU,PolyBenchGPU,PolyBenchGPU,JACOBI1D/flag_O3,runJacobiCUDA_kernel1,,NsightComputeProfilers,,177734375.0,32,364.0,1,1,310.0,1,1,2483.0,151367187.5,32
GPU,NCU,PolyBenchGPU,PolyBenchGPU,JACOBI1D/flag_O3,runJacobiCUDA_kernel1,,NsightComputeProfilers,,175961538.46153846,32,366.0,1,1,134.0,1,1,2272.0,64423076.92307692,32
GPU,NCU,PolyBenchGPU,PolyBenchGPU,JACOBI1D/flag_O3,runJacobiCUDA_kernel1,,NsightComputeProfilers,,180175781.25,32,369.0,1,1,136.0,1,1,2288.0,66406249.99999999,32
GPU,NCU,PolyBenchGPU,PolyBenchGPU,JACOBI1D/flag_O3,runJacobiCUDA_kernel1,,NsightComputeProfilers,,176269531.25,32,361.0,1,1,214.0,1,1,2193.0,104492187.5,32
GPU,NCU,PolyBenchGPU,PolyBenchGPU,JACOBI1D/flag_O3,runJacobiCUDA_kernel2,,NsightComputeProfilers,,174768518.5185185,32,302.0,1,1,197.0,1,1,2079.0,114004629.62962963,32
GPU,NCU,PolyBenchGPU,PolyBenchGPU,JACOBI1D/flag_O3,runJacobiCUDA_kernel1,,NsightComputeProfilers,,175292968.75,32,359.0,1,1,138.0,1,1,2541.0,67382812.5,32
GPU,NCU,PolyBenchGPU,PolyBenchGPU,JACOBI1D/flag_O3,runJacobiCUDA_kernel2,,NsightComputeProfilers,,178819444.44444445,32,309.0,1,1,134.0,1,1,2148.0,77546296.2962963,32
GPU,NCU,PolyBenchGPU,PolyBenchGPU,JACOBI1D/flag_O3,runJacobiCUDA_kernel1,,NsightComputeProfilers,,171401515.15151516,32,362.0,1,1,137.0,1,1,2193.0,64867424.24242425,32
GPU,NCU,PolyBenchGPU,PolyBenchGPU,JACOBI1D/flag_O3,runJacobiCUDA_kernel2,,NsightComputeProfilers,,185795454.54545453,32,327.0,1,1,140.0,1,1,2161.0,79545454.54545455,32
GPU,NCU,PolyBenchGPU,PolyBenchGPU,JACOBI1D/flag_O3,runJacobiCUDA_kernel2,,NsightComputeProfilers,,172991071.42857143,32,310.0,1,1,140.0,1,1,2088.0,78125000.0,32
GPU,NCU,PolyBenchGPU,PolyBenchGPU,JACOBI1D/flag_O3,runJacobiCUDA_kernel1,,NsightComputeProfilers,,177734375.0,32,364.0,1,1,137.0,1,1,2206.0,66894531.24999999,32
GPU,NCU,PolyBenchGPU,PolyBenchGPU,JACOBI1D/flag_O3,runJacobiCUDA_kernel1,,NsightComputeProfilers,,236816406.25,32,485.0,1,1,140.0,1,1,2215.0,68359375.0,32
GPU,NCU,PolyBenchGPU,PolyBenchGPU,JACOBI1D/flag_O3,runJacobiCUDA_kernel2,,NsightComputeProfilers,,177662037.03703704,32,307.0,1,1,214.0,1,1,2074.0,123842592.5925926,32
GPU,NCU,PolyBenchGPU,PolyBenchGPU,JACOBI1D/flag_O3,runJacobiCUDA_kernel1,,NsightComputeProfilers,,174038461.53846154,32,362.0,1,1,141.0,1,1,2193.0,67788461.53846154,32
GPU,NCU,PolyBenchGPU,PolyBenchGPU,JACOBI1D/flag_O3,runJacobiCUDA_kernel2,,NsightComputeProfilers,,196759259.25925925,32,340.0,1,1,137.0,1,1,2074.0,79282407.4074074,32
GPU,NCU,PolyBenchGPU,PolyBenchGPU,JACOBI1D/flag_O3,runJacobiCUDA_kernel1,,NsightComputeProfilers,,176269531.25,32,361.0,1,1,137.0,1,1,2203.0,66894531.24999999,32
GPU,NCU,PolyBenchGPU,PolyBenchGPU,JACOBI1D/flag_O3,runJacobiCUDA_kernel1,,NsightComputeProfilers,,192788461.53846154,32,401.0,1,1,134.0,1,1,2207.0,64423076.92307692,32
GPU,NCU,PolyBenchGPU,PolyBenchGPU,JACOBI1D/flag_O3,runJacobiCUDA_kernel2,,NsightComputeProfilers,,179834905.66037735,32,305.0,1,1,138.0,1,1,2074.0,81367924.5283019,32
GPU,NCU,PolyBenchGPU,PolyBenchGPU,JACOBI1D/flag_O3,runJacobiCUDA_kernel2,,NsightComputeProfilers,,178819444.44444445,32,309.0,1,1,134.0,1,1,2078.0,77546296.2962963,32
GPU,NCU,PolyBenchGPU,PolyBenchGPU,JACOBI1D/flag_O3,runJacobiCUDA_kernel2,,NsightComputeProfilers,,178655660.3773585,32,303.0,1,1,220.0,1,1,2314.0,129716981.13207547,32
GPU,NCU,PolyBenchGPU,PolyBenchGPU,JACOBI1D/flag_O3,runJacobiCUDA_kernel1,,NsightComputeProfilers,,178222656.25,32,365.0,1,1,134.0,1,1,3566.0,65429687.49999999,32
GPU,NCU,PolyBenchGPU,PolyBenchGPU,JACOBI1D/flag_O3,runJacobiCUDA_kernel1,,NsightComputeProfilers,,174519230.76923078,32,363.0,1,1,137.0,1,1,2193.0,65865384.615384616,32
GPU,NCU,PolyBenchGPU,PolyBenchGPU,JACOBI1D/flag_O3,runJacobiCUDA_kernel2,,NsightComputeProfilers,,185227272.72727272,32,326.0,1,1,214.0,1,1,2210.0,121590909.09090908,32
GPU,NCU,PolyBenchGPU,PolyBenchGPU,JACOBI1D/flag_O3,runJacobiCUDA_kernel2,,NsightComputeProfilers,,178819444.44444445,32,309.0,1,1,134.0,1,1,2074.0,77546296.2962963,32
GPU,NCU,PolyBenchGPU,PolyBenchGPU,JACOBI1D/flag_O3,runJacobiCUDA_kernel1,,NsightComputeProfilers,,174519230.76923078,32,363.0,1,1,137.0,1,1,2257.0,65865384.615384616,32
GPU,NCU,PolyBenchGPU,PolyBenchGPU,JACOBI1D/flag_O3,runJacobiCUDA_kernel2,,NsightComputeProfilers,,197916666.66666666,32,342.0,1,1,134.0,1,1,2087.0,77546296.2962963,32
GPU,NCU,PolyBenchGPU,PolyBenchGPU,JACOBI1D/flag_O3,runJacobiCUDA_kernel1,,NsightComputeProfilers,,145698051.94805196,32,359.0,1,1,136.0,1,1,2239.0,55194805.1948052,32
GPU,NCU,PolyBenchGPU,PolyBenchGPU,JACOBI1D/flag_O3,runJacobiCUDA_kernel2,,NsightComputeProfilers,,184551886.79245284,32,313.0,1,1,134.0,1,1,2081.0,79009433.96226415,32
GPU,NCU,PolyBenchGPU,PolyBenchGPU,JACOBI1D/flag_O3,runJacobiCUDA_kernel1,,NsightComputeProfilers,,171401515.15151516,32,362.0,1,1,225.0,1,1,2194.0,106534090.90909092,32
GPU,NCU,PolyBenchGPU,PolyBenchGPU,JACOBI1D/flag_O3,runJacobiCUDA_kernel1,,NsightComputeProfilers,,193655303.03030303,32,409.0,1,1,134.0,1,1,2272.0,63446969.6969697,32
GPU,NCU,PolyBenchGPU,PolyBenchGPU,JACOBI1D/flag_O3,runJacobiCUDA_kernel1,,NsightComputeProfilers,,172596153.84615386,32,359.0,1,1,136.0,1,1,4041.0,65384615.384615384,32
GPU,NCU,PolyBenchGPU,PolyBenchGPU,JACOBI1D/flag_O3,runJacobiCUDA_kernel2,,NsightComputeProfilers,,175347222.2222222,32,303.0,1,1,244.0,1,1,2081.0,141203703.7037037,32
GPU,NCU,PolyBenchGPU,PolyBenchGPU,JACOBI1D/flag_O3,runJacobiCUDA_kernel2,,NsightComputeProfilers,,214622641.50943395,32,364.0,1,1,134.0,1,1,2090.0,79009433.96226415,32
GPU,NCU,PolyBenchGPU,PolyBenchGPU,JACOBI1D/flag_O3,runJacobiCUDA_kernel2,,NsightComputeProfilers,,174189814.8148148,32,301.0,1,1,209.0,1,1,2499.0,120949074.07407407,32
GPU,NCU,PolyBenchGPU,PolyBenchGPU,JACOBI1D/flag_O3,runJacobiCUDA_kernel1,,NsightComputeProfilers,,171401515.15151516,32,362.0,1,1,142.0,1,1,2177.0,67234848.48484848,32
GPU,NCU,PolyBenchGPU,PolyBenchGPU,JACOBI1D/flag_O3,runJacobiCUDA_kernel1,,NsightComputeProfilers,,176757812.5,32,362.0,1,1,224.0,1,1,2197.0,109375000.0,32
GPU,NCU,PolyBenchGPU,PolyBenchGPU,JACOBI1D/flag_O3,runJacobiCUDA_kernel1,,NsightComputeProfilers,,172596153.84615386,32,359.0,1,1,138.0,1,1,2218.0,66346153.84615385,32
GPU,NCU,PolyBenchGPU,PolyBenchGPU,JACOBI1D/flag_O3,runJacobiCUDA_kernel1,,NsightComputeProfilers,,175480769.23076922,32,365.0,1,1,134.0,1,1,2202.0,64423076.92307692,32
GPU,NCU,PolyBenchGPU,PolyBenchGPU,JACOBI1D/flag_O3,runJacobiCUDA_kernel2,,NsightComputeProfilers,,224537037.03703704,32,388.0,1,1,136.0,1,1,2193.0,78703703.7037037,32
GPU,NCU,PolyBenchGPU,PolyBenchGPU,JACOBI1D/flag_O3,runJacobiCUDA_kernel1,,NsightComputeProfilers,,202403846.15384614,32,421.0,1,1,141.0,1,1,2193.0,67788461.53846154,32
GPU,NCU,PolyBenchGPU,PolyBenchGPU,JACOBI1D/flag_O3,runJacobiCUDA_kernel2,,NsightComputeProfilers,,178819444.44444445,32,309.0,1,1,134.0,1,1,2085.0,77546296.2962963,32
GPU,NCU,PolyBenchGPU,PolyBenchGPU,JACOBI1D/flag_O3,runJacobiCUDA_kernel1,,NsightComputeProfilers,,175292968.75,32,359.0,1,1,209.0,1,1,2202.0,102050781.25,32
GPU,NCU,PolyBenchGPU,PolyBenchGPU,JACOBI1D/flag_O3,runJacobiCUDA_kernel2,,NsightComputeProfilers,,177083333.33333334,32,306.0,1,1,181.0,1,1,2074.0,104745370.37037037,32
GPU,NCU,PolyBenchGPU,PolyBenchGPU,JACOBI1D/flag_O3,runJacobiCUDA_kernel1,,NsightComputeProfilers,,175480769.23076922,32,365.0,1,1,134.0,1,1,2206.0,64423076.92307692,32
GPU,NCU,PolyBenchGPU,PolyBenchGPU,JACOBI1D/flag_O3,runJacobiCUDA_kernel2,,NsightComputeProfilers,,175568181.8181818,32,309.0,1,1,134.0,1,1,2074.0,76136363.63636363,32
GPU,NCU,PolyBenchGPU,PolyBenchGPU,JACOBI1D/flag_O3,runJacobiCUDA_kernel1,,NsightComputeProfilers,,175292968.75,32,359.0,1,1,138.0,1,1,2193.0,67382812.5,32
GPU,NCU,PolyBenchGPU,PolyBenchGPU,JACOBI1D/flag_O3,runJacobiCUDA_kernel2,,NsightComputeProfilers,,173863636.36363634,32,306.0,1,1,138.0,1,1,2074.0,78409090.9090909,32
GPU,NCU,PolyBenchGPU,PolyBenchGPU,JACOBI1D/flag_O3,runJacobiCUDA_kernel2,,NsightComputeProfilers,,184551886.79245284,32,313.0,1,1,134.0,1,1,2083.0,79009433.96226415,32
GPU,NCU,PolyBenchGPU,PolyBenchGPU,JACOBI1D/flag_O3,runJacobiCUDA_kernel1,,NsightComputeProfilers,,172821969.69696972,32,365.0,1,1,140.0,1,1,2257.0,66287878.78787879,32
GPU,NCU,PolyBenchGPU,PolyBenchGPU,JACOBI1D/flag_O3,runJacobiCUDA_kernel1,,NsightComputeProfilers,,171634615.3846154,32,357.0,1,1,210.0,1,1,2201.0,100961538.46153846,32
GPU,NCU,PolyBenchGPU,PolyBenchGPU,JACOBI1D/flag_O3,runJacobiCUDA_kernel1,,NsightComputeProfilers,,163043478.26086956,32,360.0,1,1,162.0,1,1,2206.0,73369565.21739131,32
GPU,NCU,PolyBenchGPU,PolyBenchGPU,JACOBI1D/flag_O3,runJacobiCUDA_kernel2,,NsightComputeProfilers,,194318181.8181818,32,342.0,1,1,158.0,1,1,2322.0,89772727.27272727,32
GPU,NCU,PolyBenchGPU,PolyBenchGPU,JACOBI1D/flag_O3,runJacobiCUDA_kernel2,,NsightComputeProfilers,,175925925.9259259,32,304.0,1,1,138.0,1,1,2083.0,79861111.1111111,32
GPU,NCU,PolyBenchGPU,PolyBenchGPU,JACOBI1D/flag_O3,runJacobiCUDA_kernel2,,NsightComputeProfilers,,174768518.5185185,32,302.0,1,1,209.0,1,1,2074.0,120949074.07407407,32
GPU,NCU,PolyBenchGPU,PolyBenchGPU,JACOBI1D/flag_O3,runJacobiCUDA_kernel2,,NsightComputeProfilers,,179976851.85185185,32,311.0,1,1,134.0,1,1,2344.0,77546296.2962963,32
GPU,NCU,PolyBenchGPU,PolyBenchGPU,JACOBI1D/flag_O3,runJacobiCUDA_kernel1,,NsightComputeProfilers,,174038461.53846154,32,362.0,1,1,137.0,1,1,2207.0,65865384.615384616,32
GPU,NCU,PolyBenchGPU,PolyBenchGPU,JACOBI1D/flag_O3,runJacobiCUDA_kernel2,,NsightComputeProfilers,,178819444.44444445,32,309.0,1,1,134.0,1,1,2081.0,77546296.2962963,32
GPU,NCU,PolyBenchGPU,PolyBenchGPU,JACOBI1D/flag_O3,runJacobiCUDA_kernel1,,NsightComputeProfilers,,175480769.23076922,32,365.0,1,1,134.0,1,1,2401.0,64423076.92307692,32
GPU,NCU,PolyBenchGPU,PolyBenchGPU,JACOBI1D/flag_O3,runJacobiCUDA_kernel2,,NsightComputeProfilers,,208912037.03703704,32,361.0,1,1,134.0,1,1,2074.0,77546296.2962963,32
GPU,NCU,PolyBenchGPU,PolyBenchGPU,JACOBI1D/flag_O3,runJacobiCUDA_kernel2,,NsightComputeProfilers,,178066037.73584905,32,302.0,1,1,203.0,1,1,2082.0,119693396.2264151,32
GPU,NCU,PolyBenchGPU,PolyBenchGPU,JACOBI1D/flag_O3,runJacobiCUDA_kernel2,,NsightComputeProfilers,,178819444.44444445,32,309.0,1,1,134.0,1,1,2077.0,77546296.2962963,32
GPU,NCU,PolyBenchGPU,PolyBenchGPU,JACOBI1D/flag_O3,runJacobiCUDA_kernel1,,NsightComputeProfilers,,174038461.53846154,32,362.0,1,1,237.0,1,1,2235.0,113942307.6923077,32
GPU,NCU,PolyBenchGPU,PolyBenchGPU,JACOBI1D/flag_O3,runJacobiCUDA_kernel1,,NsightComputeProfilers,,174519230.76923078,32,363.0,1,1,221.0,1,1,2195.0,106250000.0,32
GPU,NCU,PolyBenchGPU,PolyBenchGPU,JACOBI1D/flag_O3,runJacobiCUDA_kernel1,,NsightComputeProfilers,,400390625.0,32,820.0,1,1,138.0,1,1,2602.0,67382812.5,32
GPU,NCU,PolyBenchGPU,PolyBenchGPU,JACOBI1D/flag_O3,runJacobiCUDA_kernel2,,NsightComputeProfilers,,173295454.54545453,32,305.0,1,1,217.0,1,1,2084.0,123295454.54545453,32
GPU,NCU,PolyBenchGPU,PolyBenchGPU,JACOBI1D/flag_O3,runJacobiCUDA_kernel2,,NsightComputeProfilers,,176504629.62962964,32,305.0,1,1,137.0,1,1,2113.0,79282407.4074074,32
GPU,NCU,PolyBenchGPU,PolyBenchGPU,JACOBI1D/flag_O3,runJacobiCUDA_kernel2,,NsightComputeProfilers,,177083333.33333334,32,306.0,1,1,179.0,1,1,2074.0,103587962.96296296,32
GPU,NCU,PolyBenchGPU,PolyBenchGPU,JACOBI1D/flag_O3,runJacobiCUDA_kernel1,,NsightComputeProfilers,,176923076.92307693,32,368.0,1,1,138.0,1,1,2277.0,66346153.84615385,32
GPU,NCU,PolyBenchGPU,PolyBenchGPU,JACOBI1D/flag_O3,runJacobiCUDA_kernel2,,NsightComputeProfilers,,170758928.57142857,32,306.0,1,1,137.0,1,1,2257.0,76450892.85714287,32
GPU,NCU,PolyBenchGPU,PolyBenchGPU,JACOBI1D/flag_O3,runJacobiCUDA_kernel2,,NsightComputeProfilers,,179976851.85185185,32,311.0,1,1,136.0,1,1,2088.0,78703703.7037037,32
GPU,NCU,PolyBenchGPU,PolyBenchGPU,JACOBI1D/flag_O3,runJacobiCUDA_kernel1,,NsightComputeProfilers,,400961538.46153843,32,834.0,1,1,138.0,1,1,2204.0,66346153.84615385,32
GPU,NCU,PolyBenchGPU,PolyBenchGPU,JACOBI1D/flag_O3,runJacobiCUDA_kernel1,,NsightComputeProfilers,,185576923.07692307,32,386.0,1,1,138.0,1,1,2255.0,66346153.84615385,32
GPU,NCU,PolyBenchGPU,PolyBenchGPU,JACOBI1D/flag_O3,runJacobiCUDA_kernel2,,NsightComputeProfilers,,184551886.79245284,32,313.0,1,1,138.0,1,1,2170.0,81367924.5283019,32
GPU,NCU,PolyBenchGPU,PolyBenchGPU,JACOBI1D/flag_O3,runJacobiCUDA_kernel2,,NsightComputeProfilers,,180555555.55555555,32,312.0,1,1,172.0,1,1,2127.0,99537037.03703703,32
GPU,NCU,PolyBenchGPU,PolyBenchGPU,JACOBI1D/flag_O3,runJacobiCUDA_kernel2,,NsightComputeProfilers,,178819444.44444445,32,309.0,1,1,137.0,1,1,2181.0,79282407.4074074,32
GPU,NCU,PolyBenchGPU,PolyBenchGPU,JACOBI1D/flag_O3,runJacobiCUDA_kernel1,,NsightComputeProfilers,,179687500.0,32,368.0,1,1,223.0,1,1,2200.0,108886718.75,32
GPU,NCU,PolyBenchGPU,PolyBenchGPU,JACOBI1D/flag_O3,runJacobiCUDA_kernel1,,NsightComputeProfilers,,176269531.25,32,361.0,1,1,140.0,1,1,2203.0,68359375.0,32
GPU,NCU,PolyBenchGPU,PolyBenchGPU,JACOBI1D/flag_O3,runJacobiCUDA_kernel2,,NsightComputeProfilers,,171336206.89655173,32,318.0,1,1,134.0,1,1,3658.0,72198275.86206897,32
GPU,NCU,PolyBenchGPU,PolyBenchGPU,JACOBI1D/flag_O3,runJacobiCUDA_kernel1,,NsightComputeProfilers,,173076923.07692307,32,360.0,1,1,212.0,1,1,2222.0,101923076.92307693,32
GPU,NCU,PolyBenchGPU,PolyBenchGPU,JACOBI1D/flag_O3,runJacobiCUDA_kernel2,,NsightComputeProfilers,,173295454.54545453,32,305.0,1,1,145.0,1,1,2074.0,82386363.63636363,32
GPU,NCU,PolyBenchGPU,PolyBenchGPU,JACOBI1D/flag_O3,runJacobiCUDA_kernel1,,NsightComputeProfilers,,173557692.30769232,32,361.0,1,1,224.0,1,1,2206.0,107692307.6923077,32
GPU,NCU,PolyBenchGPU,PolyBenchGPU,JACOBI1D/flag_O3,runJacobiCUDA_kernel1,,NsightComputeProfilers,,175480769.23076922,32,365.0,1,1,134.0,1,1,2193.0,64423076.92307692,32
GPU,NCU,PolyBenchGPU,PolyBenchGPU,JACOBI1D/flag_O3,runJacobiCUDA_kernel2,,NsightComputeProfilers,,165948275.86206895,32,308.0,1,1,141.0,1,1,2472.0,75969827.5862069,32
GPU,NCU,PolyBenchGPU,PolyBenchGPU,JACOBI1D/flag_O3,runJacobiCUDA_kernel2,,NsightComputeProfilers,,182193396.2264151,32,309.0,1,1,134.0,1,1,2074.0,79009433.96226415,32
GPU,NCU,PolyBenchGPU,PolyBenchGPU,JACOBI1D/flag_O3,runJacobiCUDA_kernel1,,NsightComputeProfilers,,170673076.92307693,32,355.0,1,1,136.0,1,1,2202.0,65384615.384615384,32
GPU,NCU,PolyBenchGPU,PolyBenchGPU,JACOBI1D/flag_O3,runJacobiCUDA_kernel2,,NsightComputeProfilers,,180424528.3018868,32,306.0,1,1,144.0,1,1,2510.0,84905660.3773585,32
GPU,NCU,PolyBenchGPU,PolyBenchGPU,JACOBI1D/flag_O3,runJacobiCUDA_kernel1,,NsightComputeProfilers,,183712121.21212122,32,388.0,1,1,137.0,1,1,2206.0,64867424.24242425,32
GPU,NCU,PolyBenchGPU,PolyBenchGPU,JACOBI1D/flag_O3,runJacobiCUDA_kernel2,,NsightComputeProfilers,,211226851.85185185,32,365.0,1,1,183.0,1,1,2075.0,105902777.77777778,32
GPU,NCU,PolyBenchGPU,PolyBenchGPU,JACOBI1D/flag_O3,runJacobiCUDA_kernel1,,NsightComputeProfilers,,176757812.5,32,362.0,1,1,173.0,1,1,2193.0,84472656.25,32
GPU,NCU,PolyBenchGPU,PolyBenchGPU,JACOBI1D/flag_O3,runJacobiCUDA_kernel2,,NsightComputeProfilers,,176504629.62962964,32,305.0,1,1,135.0,1,1,2207.0,78125000.0,32
GPU,NCU,PolyBenchGPU,PolyBenchGPU,JACOBI1D/flag_O3,runJacobiCUDA_kernel2,,NsightComputeProfilers,,196933962.26415095,32,334.0,1,1,142.0,1,1,2071.0,83726415.09433962,32
GPU,NCU,PolyBenchGPU,PolyBenchGPU,JACOBI1D/flag_O3,runJacobiCUDA_kernel1,,NsightComputeProfilers,,173076923.07692307,32,360.0,1,1,138.0,1,1,2202.0,66346153.84615385,32
GPU,NCU,PolyBenchGPU,PolyBenchGPU,JACOBI1D/flag_O3,runJacobiCUDA_kernel1,,NsightComputeProfilers,,168376865.67164177,32,361.0,1,1,168.0,1,1,2193.0,78358208.95522387,32
GPU,NCU,PolyBenchGPU,PolyBenchGPU,JACOBI1D/flag_O3,runJacobiCUDA_kernel2,,NsightComputeProfilers,,179976851.85185185,32,311.0,1,1,136.0,1,1,2093.0,78703703.7037037,32
GPU,NCU,PolyBenchGPU,PolyBenchGPU,JACOBI1D/flag_O3,runJacobiCUDA_kernel1,,NsightComputeProfilers,,176269531.25,32,361.0,1,1,309.0,1,1,2208.0,150878906.25,32
GPU,NCU,PolyBenchGPU,PolyBenchGPU,JACOBI1D/flag_O3,runJacobiCUDA_kernel2,,NsightComputeProfilers,,175925925.9259259,32,304.0,1,1,214.0,1,1,2074.0,123842592.5925926,32
GPU,NCU,PolyBenchGPU,PolyBenchGPU,JACOBI1D/flag_O3,runJacobiCUDA_kernel2,,NsightComputeProfilers,,175568181.8181818,32,309.0,1,1,134.0,1,1,2081.0,76136363.63636363,32
GPU,NCU,PolyBenchGPU,PolyBenchGPU,JACOBI1D/flag_O3,runJacobiCUDA_kernel2,,NsightComputeProfilers,,175568181.8181818,32,309.0,1,1,137.0,1,1,2314.0,77840909.0909091,32
GPU,NCU,PolyBenchGPU,PolyBenchGPU,JACOBI2D/flag_O1,runJacobiCUDA_kernel1,,NsightComputeProfilers,,13252066115.702478,32,102624.0,1,1,54673.0,1,1,329760.0,7060046487.603305,32
GPU,NCU,PolyBenchGPU,PolyBenchGPU,JACOBI2D/flag_O1,runJacobiCUDA_kernel1,,NsightComputeProfilers,,13228434917.355371,32,102441.0,1,1,54659.0,1,1,330145.0,7058238636.363636,32
GPU,NCU,PolyBenchGPU,PolyBenchGPU,JACOBI2D/flag_O1,runJacobiCUDA_kernel2,,NsightComputeProfilers,,7237001050.420169,32,55117.0,1,1,54641.0,1,1,251872.0,7174501050.420169,32
GPU,NCU,PolyBenchGPU,PolyBenchGPU,JACOBI2D/flag_O1,runJacobiCUDA_kernel1,,NsightComputeProfilers,,13275414937.759336,32,102380.0,1,1,54770.0,1,1,330584.0,7101919087.1369295,32
GPU,NCU,PolyBenchGPU,PolyBenchGPU,JACOBI2D/flag_O1,runJacobiCUDA_kernel1,,NsightComputeProfilers,,13308739626.556017,32,102637.0,1,1,54682.0,1,1,330400.0,7090508298.755187,32
GPU,NCU,PolyBenchGPU,PolyBenchGPU,JACOBI2D/flag_O1,runJacobiCUDA_kernel2,,NsightComputeProfilers,,7273602320.675106,32,55163.0,1,1,54801.0,1,1,251824.0,7225870253.164557,32
GPU,NCU,PolyBenchGPU,PolyBenchGPU,JACOBI2D/flag_O1,runJacobiCUDA_kernel1,,NsightComputeProfilers,,13360546875.000002,32,102609.0,1,1,54694.0,1,1,330187.0,7121614583.333334,32
GPU,NCU,PolyBenchGPU,PolyBenchGPU,JACOBI2D/flag_O1,runJacobiCUDA_kernel2,,NsightComputeProfilers,,7263713080.1687765,32,55088.0,1,1,54895.0,1,1,251926.0,7238264767.932489,32
GPU,NCU,PolyBenchGPU,PolyBenchGPU,JACOBI2D/flag_O1,runJacobiCUDA_kernel2,,NsightComputeProfilers,,7300715042.372882,32,55135.0,1,1,54735.0,1,1,251829.0,7247748940.677966,32
GPU,NCU,PolyBenchGPU,PolyBenchGPU,JACOBI2D/flag_O1,runJacobiCUDA_kernel2,,NsightComputeProfilers,,7263844936.708861,32,55089.0,1,1,54674.0,1,1,251826.0,7209124472.57384,32
GPU,NCU,PolyBenchGPU,PolyBenchGPU,JACOBI2D/flag_O1,runJacobiCUDA_kernel1,,NsightComputeProfilers,,9068157327.586206,32,100983.0,1,1,54526.0,1,1,330514.0,4896372126.436782,32
GPU,NCU,PolyBenchGPU,PolyBenchGPU,JACOBI2D/flag_O1,runJacobiCUDA_kernel2,,NsightComputeProfilers,,7269778481.012658,32,55134.0,1,1,54753.0,1,1,251890.0,7219541139.240506,32
GPU,NCU,PolyBenchGPU,PolyBenchGPU,JACOBI2D/flag_O1,runJacobiCUDA_kernel1,,NsightComputeProfilers,,13417968750.000002,32,103050.0,1,1,54725.0,1,1,330045.0,7125651041.666667,32
GPU,NCU,PolyBenchGPU,PolyBenchGPU,JACOBI2D/flag_O1,runJacobiCUDA_kernel1,,NsightComputeProfilers,,13276322614.107883,32,102387.0,1,1,54806.0,1,1,330965.0,7106587136.929461,32
GPU,NCU,PolyBenchGPU,PolyBenchGPU,JACOBI2D/flag_O1,runJacobiCUDA_kernel1,,NsightComputeProfilers,,13299457644.628098,32,102991.0,1,1,54744.0,1,1,330154.0,7069214876.033057,32
GPU,NCU,PolyBenchGPU,PolyBenchGPU,JACOBI2D/flag_O1,runJacobiCUDA_kernel2,,NsightComputeProfilers,,7241859243.697479,32,55154.0,1,1,54698.0,1,1,251872.0,7181985294.117647,32
GPU,NCU,PolyBenchGPU,PolyBenchGPU,JACOBI2D/flag_O1,runJacobiCUDA_kernel2,,NsightComputeProfilers,,7304687500.0,32,55165.0,1,1,54694.0,1,1,252143.0,7242319915.254237,32
GPU,NCU,PolyBenchGPU,PolyBenchGPU,JACOBI2D/flag_O1,runJacobiCUDA_kernel1,,NsightComputeProfilers,,13152792008.19672,32,102697.0,1,1,54698.0,1,1,329078.0,7005379098.360656,32
GPU,NCU,PolyBenchGPU,PolyBenchGPU,JACOBI2D/flag_O1,runJacobiCUDA_kernel2,,NsightComputeProfilers,,7304687500.0,32,55165.0,1,1,54889.0,1,1,253141.0,7268140889.830508,32
GPU,NCU,PolyBenchGPU,PolyBenchGPU,JACOBI2D/flag_O1,runJacobiCUDA_kernel2,,NsightComputeProfilers,,7274159663.865546,32,55400.0,1,1,54731.0,1,1,251945.0,7186318277.310925,32
GPU,NCU,PolyBenchGPU,PolyBenchGPU,JACOBI2D/flag_O1,runJacobiCUDA_kernel2,,NsightComputeProfilers,,5290260736.19632,32,55188.0,1,1,54753.0,1,1,251907.0,5248562116.564418,32
GPU,NCU,PolyBenchGPU,PolyBenchGPU,JACOBI2D/flag_O1,runJacobiCUDA_kernel1,,NsightComputeProfilers,,13429490546.218489,32,102279.0,1,1,54807.0,1,1,329871.0,7196297268.907563,32
GPU,NCU,PolyBenchGPU,PolyBenchGPU,JACOBI2D/flag_O1,runJacobiCUDA_kernel2,,NsightComputeProfilers,,7268459915.6118145,32,55124.0,1,1,54635.0,1,1,259018.0,7203982067.510549,32
GPU,NCU,PolyBenchGPU,PolyBenchGPU,JACOBI2D/flag_O1,runJacobiCUDA_kernel1,,NsightComputeProfilers,,13470325630.252102,32,102590.0,1,1,54756.0,1,1,330124.0,7189600840.336135,32
GPU,NCU,PolyBenchGPU,PolyBenchGPU,JACOBI2D/flag_O1,runJacobiCUDA_kernel2,,NsightComputeProfilers,,5116839762.611276,32,55180.0,1,1,54640.0,1,1,252001.0,5066765578.635015,32
GPU,NCU,PolyBenchGPU,PolyBenchGPU,JACOBI2D/flag_O1,runJacobiCUDA_kernel1,,NsightComputeProfilers,,13529931434.599157,32,102611.0,1,1,54779.0,1,1,331396.0,7222969409.282701,32
GPU,NCU,PolyBenchGPU,PolyBenchGPU,JACOBI2D/flag_O1,runJacobiCUDA_kernel2,,NsightComputeProfilers,,7501186708.86076,32,56889.0,1,1,54932.0,1,1,251873.0,7243143459.915612,32
GPU,NCU,PolyBenchGPU,PolyBenchGPU,JACOBI2D/flag_O1,runJacobiCUDA_kernel2,,NsightComputeProfilers,,7308659957.627119,32,55195.0,1,1,54717.0,1,1,251872.0,7245365466.101695,32
GPU,NCU,PolyBenchGPU,PolyBenchGPU,JACOBI2D/flag_O1,runJacobiCUDA_kernel1,,NsightComputeProfilers,,13212809917.355371,32,102320.0,1,1,54775.0,1,1,330257.0,7073217975.206611,32
GPU,NCU,PolyBenchGPU,PolyBenchGPU,JACOBI2D/flag_O1,runJacobiCUDA_kernel1,,NsightComputeProfilers,,13369921875.000002,32,102681.0,1,1,54742.0,1,1,330306.0,7127864583.333334,32
GPU,NCU,PolyBenchGPU,PolyBenchGPU,JACOBI2D/flag_O1,runJacobiCUDA_kernel2,,NsightComputeProfilers,,7011892712.550608,32,55422.0,1,1,54651.0,1,1,251834.0,6914347165.991903,32
GPU,NCU,PolyBenchGPU,PolyBenchGPU,JACOBI2D/flag_O1,runJacobiCUDA_kernel1,,NsightComputeProfilers,,13520877100.840338,32,102975.0,1,1,54742.0,1,1,330382.0,7187762605.042017,32
GPU,NCU,PolyBenchGPU,PolyBenchGPU,JACOBI2D/flag_O1,runJacobiCUDA_kernel1,,NsightComputeProfilers,,13207304526.748972,32,102700.0,1,1,54663.0,1,1,330458.0,7029706790.123457,32
GPU,NCU,PolyBenchGPU,PolyBenchGPU,JACOBI2D/flag_O1,runJacobiCUDA_kernel2,,NsightComputeProfilers,,7303628177.966102,32,55157.0,1,1,54687.0,1,1,251872.0,7241393008.474576,32
GPU,NCU,PolyBenchGPU,PolyBenchGPU,JACOBI2D/flag_O1,runJacobiCUDA_kernel1,,NsightComputeProfilers,,13231224279.835392,32,102886.0,1,1,54695.0,1,1,329171.0,7033822016.460906,32
GPU,NCU,PolyBenchGPU,PolyBenchGPU,JACOBI2D/flag_O1,runJacobiCUDA_kernel1,,NsightComputeProfilers,,13366571576.763485,32,103083.0,1,1,54752.0,1,1,330211.0,7099585062.240664,32
GPU,NCU,PolyBenchGPU,PolyBenchGPU,JACOBI2D/flag_O1,runJacobiCUDA_kernel2,,NsightComputeProfilers,,7301774364.40678,32,55143.0,1,1,54903.0,1,1,252401.0,7269994703.389831,32
GPU,NCU,PolyBenchGPU,PolyBenchGPU,JACOBI2D/flag_O1,runJacobiCUDA_kernel1,,NsightComputeProfilers,,13302994791.666668,32,102167.0,1,1,54804.0,1,1,332907.0,7135937500.000001,32
GPU,NCU,PolyBenchGPU,PolyBenchGPU,JACOBI2D/flag_O1,runJacobiCUDA_kernel2,,NsightComputeProfilers,,7354388297.87234,32,55305.0,1,1,54715.0,1,1,252045.0,7275930851.063829,32
GPU,NCU,PolyBenchGPU,PolyBenchGPU,JACOBI2D/flag_O1,runJacobiCUDA_kernel2,,NsightComputeProfilers,,7368750000.0,32,55413.0,1,1,54674.0,1,1,252068.0,7270478723.404255,32
GPU,NCU,PolyBenchGPU,PolyBenchGPU,JACOBI2D/flag_O2,runJacobiCUDA_kernel1,,NsightComputeProfilers,,12625494071.146244,32,102216.0,1,1,54795.0,1,1,330291.0,6768157114.624506,32
GPU,NCU,PolyBenchGPU,PolyBenchGPU,JACOBI2D/flag_O2,runJacobiCUDA_kernel1,,NsightComputeProfilers,,13209581611.570246,32,102295.0,1,1,54749.0,1,1,330234.0,7069860537.190082,32
GPU,NCU,PolyBenchGPU,PolyBenchGPU,JACOBI2D/flag_O2,runJacobiCUDA_kernel2,,NsightComputeProfilers,,7331781914.893617,32,55135.0,1,1,54744.0,1,1,251881.0,7279787234.042553,32
GPU,NCU,PolyBenchGPU,PolyBenchGPU,JACOBI2D/flag_O2,runJacobiCUDA_kernel1,,NsightComputeProfilers,,13500131302.52101,32,102817.0,1,1,54709.0,1,1,330012.0,7183429621.84874,32
GPU,NCU,PolyBenchGPU,PolyBenchGPU,JACOBI2D/flag_O2,runJacobiCUDA_kernel1,,NsightComputeProfilers,,13426995798.319328,32,102260.0,1,1,54689.0,1,1,330499.0,7180803571.428572,32
GPU,NCU,PolyBenchGPU,PolyBenchGPU,JACOBI2D/flag_O2,runJacobiCUDA_kernel2,,NsightComputeProfilers,,7331648936.170213,32,55134.0,1,1,54781.0,1,1,251968.0,7284707446.808511,32
GPU,NCU,PolyBenchGPU,PolyBenchGPU,JACOBI2D/flag_O2,runJacobiCUDA_kernel1,,NsightComputeProfilers,,13366276041.666668,32,102653.0,1,1,54865.0,1,1,330253.0,7143880208.333334,32
GPU,NCU,PolyBenchGPU,PolyBenchGPU,JACOBI2D/flag_O2,runJacobiCUDA_kernel2,,NsightComputeProfilers,,7299258474.576271,32,55124.0,1,1,54661.0,1,1,251979.0,7237950211.864407,32
GPU,NCU,PolyBenchGPU,PolyBenchGPU,JACOBI2D/flag_O2,runJacobiCUDA_kernel2,,NsightComputeProfilers,,7268328059.071731,32,55123.0,1,1,54660.0,1,1,251965.0,7207278481.012658,32
GPU,NCU,PolyBenchGPU,PolyBenchGPU,JACOBI2D/flag_O2,runJacobiCUDA_kernel2,,NsightComputeProfilers,,7301377118.644068,32,55140.0,1,1,54891.0,1,1,251804.0,7268405720.338984,32
GPU,NCU,PolyBenchGPU,PolyBenchGPU,JACOBI2D/flag_O2,runJacobiCUDA_kernel1,,NsightComputeProfilers,,12640625000.0,32,101125.0,1,1,54566.0,1,1,329440.0,6820750000.0,32
GPU,NCU,PolyBenchGPU,PolyBenchGPU,JACOBI2D/flag_O2,runJacobiCUDA_kernel2,,NsightComputeProfilers,,7304157838.983051,32,55161.0,1,1,54669.0,1,1,251950.0,7239009533.898305,32
GPU,NCU,PolyBenchGPU,PolyBenchGPU,JACOBI2D/flag_O2,runJacobiCUDA_kernel1,,NsightComputeProfilers,,13324479166.666668,32,102332.0,1,1,54616.0,1,1,338454.0,7111458333.333334,32
GPU,NCU,PolyBenchGPU,PolyBenchGPU,JACOBI2D/flag_O2,runJacobiCUDA_kernel1,,NsightComputeProfilers,,13236957644.628098,32,102507.0,1,1,54844.0,1,1,330223.0,7082128099.173553,32
GPU,NCU,PolyBenchGPU,PolyBenchGPU,JACOBI2D/flag_O2,runJacobiCUDA_kernel1,,NsightComputeProfilers,,13361401673.640167,32,102188.0,1,1,54722.0,1,1,330634.0,7155073221.757322,32
GPU,NCU,PolyBenchGPU,PolyBenchGPU,JACOBI2D/flag_O2,runJacobiCUDA_kernel2,,NsightComputeProfilers,,7301774364.40678,32,55143.0,1,1,54676.0,1,1,251876.0,7239936440.677966,32
GPU,NCU,PolyBenchGPU,PolyBenchGPU,JACOBI2D/flag_O2,runJacobiCUDA_kernel2,,NsightComputeProfilers,,7338696808.510638,32,55187.0,1,1,54782.0,1,1,252046.0,7284840425.531915,32
GPU,NCU,PolyBenchGPU,PolyBenchGPU,JACOBI2D/flag_O2,runJacobiCUDA_kernel1,,NsightComputeProfilers,,13265949170.124481,32,102307.0,1,1,54744.0,1,1,330312.0,7098547717.842323,32
GPU,NCU,PolyBenchGPU,PolyBenchGPU,JACOBI2D/flag_O2,runJacobiCUDA_kernel2,,NsightComputeProfilers,,7332978723.404255,32,55144.0,1,1,54666.0,1,1,251942.0,7269414893.617022,32
GPU,NCU,PolyBenchGPU,PolyBenchGPU,JACOBI2D/flag_O2,runJacobiCUDA_kernel2,,NsightComputeProfilers,,7332446808.510638,32,55140.0,1,1,54866.0,1,1,251873.0,7296010638.297873,32
GPU,NCU,PolyBenchGPU,PolyBenchGPU,JACOBI2D/flag_O2,runJacobiCUDA_kernel2,,NsightComputeProfilers,,7324468085.106383,32,55080.0,1,1,54697.0,1,1,252443.0,7273537234.042553,32
GPU,NCU,PolyBenchGPU,PolyBenchGPU,JACOBI2D/flag_O2,runJacobiCUDA_kernel1,,NsightComputeProfilers,,13456276260.504202,32,102483.0,1,1,54682.0,1,1,329997.0,7179884453.781513,32
GPU,NCU,PolyBenchGPU,PolyBenchGPU,JACOBI2D/flag_O2,runJacobiCUDA_kernel2,,NsightComputeProfilers,,7364850427.350428,32,55148.0,1,1,54644.0,1,1,252047.0,7297542735.042735,32
GPU,NCU,PolyBenchGPU,PolyBenchGPU,JACOBI2D/flag_O2,runJacobiCUDA_kernel1,,NsightComputeProfilers,,13262059128.630705,32,102277.0,1,1,54759.0,1,1,330035.0,7100492738.589211,32
GPU,NCU,PolyBenchGPU,PolyBenchGPU,JACOBI2D/flag_O2,runJacobiCUDA_kernel2,,NsightComputeProfilers,,7304555084.745763,32,55164.0,1,1,54759.0,1,1,251970.0,7250926906.779661,32
GPU,NCU,PolyBenchGPU,PolyBenchGPU,JACOBI2D/flag_O2,runJacobiCUDA_kernel1,,NsightComputeProfilers,,13339827405.85774,32,102023.0,1,1,54720.0,1,1,330168.0,7154811715.481172,32
GPU,NCU,PolyBenchGPU,PolyBenchGPU,JACOBI2D/flag_O2,runJacobiCUDA_kernel2,,NsightComputeProfilers,,7301906779.661017,32,55144.0,1,1,54680.0,1,1,251893.0,7240466101.694916,32
GPU,NCU,PolyBenchGPU,PolyBenchGPU,JACOBI2D/flag_O2,runJacobiCUDA_kernel2,,NsightComputeProfilers,,7337101063.829787,32,55175.0,1,1,54705.0,1,1,251975.0,7274601063.829787,32
GPU,NCU,PolyBenchGPU,PolyBenchGPU,JACOBI2D/flag_O2,runJacobiCUDA_kernel1,,NsightComputeProfilers,,13271784232.365145,32,102352.0,1,1,54646.0,1,1,329561.0,7085840248.962656,32
GPU,NCU,PolyBenchGPU,PolyBenchGPU,JACOBI2D/flag_O2,runJacobiCUDA_kernel1,,NsightComputeProfilers,,12827750000.0,32,102622.0,1,1,54755.0,1,1,329841.0,6844375000.0,32
GPU,NCU,PolyBenchGPU,PolyBenchGPU,JACOBI2D/flag_O2,runJacobiCUDA_kernel2,,NsightComputeProfilers,,7336569148.936171,32,55171.0,1,1,54634.0,1,1,251869.0,7265159574.468085,32
GPU,NCU,PolyBenchGPU,PolyBenchGPU,JACOBI2D/flag_O2,runJacobiCUDA_kernel1,,NsightComputeProfilers,,13376171875.000002,32,102729.0,1,1,54656.0,1,1,330611.0,7116666666.666667,32
GPU,NCU,PolyBenchGPU,PolyBenchGPU,JACOBI2D/flag_O2,runJacobiCUDA_kernel1,,NsightComputeProfilers,,13242639462.809916,32,102551.0,1,1,54724.0,1,1,330229.0,7066632231.404958,32
GPU,NCU,PolyBenchGPU,PolyBenchGPU,JACOBI2D/flag_O2,runJacobiCUDA_kernel2,,NsightComputeProfilers,,7333510638.297873,32,55148.0,1,1,54686.0,1,1,252248.0,7272074468.085107,32
GPU,NCU,PolyBenchGPU,PolyBenchGPU,JACOBI2D/flag_O2,runJacobiCUDA_kernel1,,NsightComputeProfilers,,13452337184.873951,32,102453.0,1,1,54713.0,1,1,329995.0,7183954831.932774,32
GPU,NCU,PolyBenchGPU,PolyBenchGPU,JACOBI2D/flag_O2,runJacobiCUDA_kernel1,,NsightComputeProfilers,,13398274058.577406,32,102470.0,1,1,54680.0,1,1,330558.0,7149581589.9581585,32
GPU,NCU,PolyBenchGPU,PolyBenchGPU,JACOBI2D/flag_O2,runJacobiCUDA_kernel2,,NsightComputeProfilers,,7270305907.1729965,32,55138.0,1,1,54717.0,1,1,251869.0,7214794303.797468,32
GPU,NCU,PolyBenchGPU,PolyBenchGPU,JACOBI2D/flag_O2,runJacobiCUDA_kernel1,,NsightComputeProfilers,,13177944214.876032,32,102050.0,1,1,54633.0,1,1,330626.0,7054881198.347107,32
GPU,NCU,PolyBenchGPU,PolyBenchGPU,JACOBI2D/flag_O2,runJacobiCUDA_kernel2,,NsightComputeProfilers,,7302171610.169492,32,55146.0,1,1,54695.0,1,1,251975.0,7242452330.508474,32
GPU,NCU,PolyBenchGPU,PolyBenchGPU,JACOBI2D/flag_O2,runJacobiCUDA_kernel2,,NsightComputeProfilers,,7305084745.762712,32,55168.0,1,1,54797.0,1,1,251967.0,7255958686.440678,32
GPU,NCU,PolyBenchGPU,PolyBenchGPU,JACOBI2D/flag_O3,runJacobiCUDA_kernel1,,NsightComputeProfilers,,13293957468.879667,32,102523.0,1,1,54820.0,1,1,330418.0,7108402489.626556,32
GPU,NCU,PolyBenchGPU,PolyBenchGPU,JACOBI2D/flag_O3,runJacobiCUDA_kernel1,,NsightComputeProfilers,,13144851434.42623,32,102635.0,1,1,54663.0,1,1,329470.0,7000896516.393442,32
GPU,NCU,PolyBenchGPU,PolyBenchGPU,JACOBI2D/flag_O3,runJacobiCUDA_kernel2,,NsightComputeProfilers,,7302171610.169492,32,55146.0,1,1,54692.0,1,1,251812.0,7242055084.745763,32
GPU,NCU,PolyBenchGPU,PolyBenchGPU,JACOBI2D/flag_O3,runJacobiCUDA_kernel1,,NsightComputeProfilers,,11816176470.588236,32,102848.0,1,1,54700.0,1,1,330260.0,6284466911.764706,32
GPU,NCU,PolyBenchGPU,PolyBenchGPU,JACOBI2D/flag_O3,runJacobiCUDA_kernel1,,NsightComputeProfilers,,13415271966.527197,32,102600.0,1,1,54826.0,1,1,330271.0,7168671548.117154,32
GPU,NCU,PolyBenchGPU,PolyBenchGPU,JACOBI2D/flag_O3,runJacobiCUDA_kernel2,,NsightComputeProfilers,,7359909188.034188,32,55111.0,1,1,54672.0,1,1,251867.0,7301282051.282051,32
GPU,NCU,PolyBenchGPU,PolyBenchGPU,JACOBI2D/flag_O3,runJacobiCUDA_kernel1,,NsightComputeProfilers,,13428216527.196651,32,102699.0,1,1,54624.0,1,1,329582.0,7142259414.225941,32
GPU,NCU,PolyBenchGPU,PolyBenchGPU,JACOBI2D/flag_O3,runJacobiCUDA_kernel2,,NsightComputeProfilers,,7300847457.627119,32,55136.0,1,1,54687.0,1,1,251810.0,7241393008.474576,32
GPU,NCU,PolyBenchGPU,PolyBenchGPU,JACOBI2D/flag_O3,runJacobiCUDA_kernel2,,NsightComputeProfilers,,7240283613.445378,32,55142.0,1,1,54755.0,1,1,252600.0,7189469537.815126,32
GPU,NCU,PolyBenchGPU,PolyBenchGPU,JACOBI2D/flag_O3,runJacobiCUDA_kernel2,,NsightComputeProfilers,,7246586134.453782,32,55190.0,1,1,54819.0,1,1,253151.0,7197872899.159664,32
GPU,NCU,PolyBenchGPU,PolyBenchGPU,JACOBI2D/flag_O3,runJacobiCUDA_kernel1,,NsightComputeProfilers,,8618478997.289974,32,101767.0,1,1,54649.0,1,1,331343.0,4628133468.834688,32
GPU,NCU,PolyBenchGPU,PolyBenchGPU,JACOBI2D/flag_O3,runJacobiCUDA_kernel2,,NsightComputeProfilers,,7033163265.306123,32,55140.0,1,1,54833.0,1,1,252097.0,6994005102.040817,32
GPU,NCU,PolyBenchGPU,PolyBenchGPU,JACOBI2D/flag_O3,runJacobiCUDA_kernel1,,NsightComputeProfilers,,8698539402.173912,32,102434.0,1,1,54704.0,1,1,330599.0,4645380434.782609,32
GPU,NCU,PolyBenchGPU,PolyBenchGPU,JACOBI2D/flag_O3,runJacobiCUDA_kernel1,,NsightComputeProfilers,,13348046875.000002,32,102513.0,1,1,54667.0,1,1,330069.0,7118098958.333334,32
GPU,NCU,PolyBenchGPU,PolyBenchGPU,JACOBI2D/flag_O3,runJacobiCUDA_kernel1,,NsightComputeProfilers,,13114668367.34694,32,102819.0,1,1,54699.0,1,1,330419.0,6976913265.306123,32
GPU,NCU,PolyBenchGPU,PolyBenchGPU,JACOBI2D/flag_O3,runJacobiCUDA_kernel2,,NsightComputeProfilers,,7307203389.830508,32,55184.0,1,1,54671.0,1,1,251950.0,7239274364.40678,32
GPU,NCU,PolyBenchGPU,PolyBenchGPU,JACOBI2D/flag_O3,runJacobiCUDA_kernel2,,NsightComputeProfilers,,7365384615.384615,32,55152.0,1,1,54674.0,1,1,251870.0,7301549145.299145,32
GPU,NCU,PolyBenchGPU,PolyBenchGPU,JACOBI2D/flag_O3,runJacobiCUDA_kernel1,,NsightComputeProfilers,,13452144351.464434,32,102882.0,1,1,54657.0,1,1,329745.0,7146574267.782427,32
GPU,NCU,PolyBenchGPU,PolyBenchGPU,JACOBI2D/flag_O3,runJacobiCUDA_kernel2,,NsightComputeProfilers,,7303363347.457627,32,55155.0,1,1,54706.0,1,1,252036.0,7243908898.305085,32
GPU,NCU,PolyBenchGPU,PolyBenchGPU,JACOBI2D/flag_O3,runJacobiCUDA_kernel2,,NsightComputeProfilers,,7332579787.234042,32,55141.0,1,1,54664.0,1,1,251811.0,7269148936.170213,32
GPU,NCU,PolyBenchGPU,PolyBenchGPU,JACOBI2D/flag_O3,runJacobiCUDA_kernel2,,NsightComputeProfilers,,7306144067.79661,32,55176.0,1,1,54814.0,1,1,251810.0,7258209745.762712,32
GPU,NCU,PolyBenchGPU,PolyBenchGPU,JACOBI2D/flag_O3,runJacobiCUDA_kernel1,,NsightComputeProfilers,,11494063620.071684,32,102619.0,1,1,54724.0,1,1,331948.0,6129480286.738351,32
GPU,NCU,PolyBenchGPU,PolyBenchGPU,JACOBI2D/flag_O3,runJacobiCUDA_kernel2,,NsightComputeProfilers,,7366586538.461538,32,55161.0,1,1,54875.0,1,1,251810.0,7328392094.017094,32
GPU,NCU,PolyBenchGPU,PolyBenchGPU,JACOBI2D/flag_O3,runJacobiCUDA_kernel1,,NsightComputeProfilers,,13171106557.377048,32,102840.0,1,1,54710.0,1,1,329958.0,7006915983.606557,32
GPU,NCU,PolyBenchGPU,PolyBenchGPU,JACOBI2D/flag_O3,runJacobiCUDA_kernel2,,NsightComputeProfilers,,7306938559.322034,32,55182.0,1,1,54656.0,1,1,261120.0,7237288135.593221,32
GPU,NCU,PolyBenchGPU,PolyBenchGPU,JACOBI2D/flag_O3,runJacobiCUDA_kernel1,,NsightComputeProfilers,,13383368200.836819,32,102356.0,1,1,54810.0,1,1,330515.0,7166579497.907949,32
GPU,NCU,PolyBenchGPU,PolyBenchGPU,JACOBI2D/flag_O3,runJacobiCUDA_kernel2,,NsightComputeProfilers,,7280854430.379747,32,55218.0,1,1,54860.0,1,1,253529.0,7233649789.029536,32
GPU,NCU,PolyBenchGPU,PolyBenchGPU,JACOBI2D/flag_O3,runJacobiCUDA_kernel2,,NsightComputeProfilers,,7273206751.0548525,32,55160.0,1,1,54681.0,1,1,251858.0,7210047468.35443,32
GPU,NCU,PolyBenchGPU,PolyBenchGPU,JACOBI2D/flag_O3,runJacobiCUDA_kernel1,,NsightComputeProfilers,,13260717975.20661,32,102691.0,1,1,54675.0,1,1,331038.0,7060304752.066115,32
GPU,NCU,PolyBenchGPU,PolyBenchGPU,JACOBI2D/flag_O3,runJacobiCUDA_kernel1,,NsightComputeProfilers,,9326257288.629738,32,102365.0,1,1,54636.0,1,1,329908.0,4977769679.300292,32
GPU,NCU,PolyBenchGPU,PolyBenchGPU,JACOBI2D/flag_O3,runJacobiCUDA_kernel2,,NsightComputeProfilers,,7334574468.085107,32,55156.0,1,1,54719.0,1,1,251922.0,7276462765.957447,32
GPU,NCU,PolyBenchGPU,PolyBenchGPU,JACOBI2D/flag_O3,runJacobiCUDA_kernel1,,NsightComputeProfilers,,13143647119.341564,32,102205.0,1,1,54627.0,1,1,329865.0,7025077160.493828,32
GPU,NCU,PolyBenchGPU,PolyBenchGPU,JACOBI2D/flag_O3,runJacobiCUDA_kernel1,,NsightComputeProfilers,,13384544979.079498,32,102365.0,1,1,54643.0,1,1,329240.0,7144743723.849372,32
GPU,NCU,PolyBenchGPU,PolyBenchGPU,JACOBI2D/flag_O3,runJacobiCUDA_kernel2,,NsightComputeProfilers,,7309057203.389831,32,55198.0,1,1,54741.0,1,1,259946.0,7248543432.20339,32
GPU,NCU,PolyBenchGPU,PolyBenchGPU,JACOBI2D/flag_O3,runJacobiCUDA_kernel1,,NsightComputeProfilers,,13215005165.289255,32,102337.0,1,1,54802.0,1,1,330179.0,7076704545.454545,32
GPU,NCU,PolyBenchGPU,PolyBenchGPU,JACOBI2D/flag_O3,runJacobiCUDA_kernel1,,NsightComputeProfilers,,13471901260.504202,32,102602.0,1,1,54640.0,1,1,330497.0,7174369747.89916,32
GPU,NCU,PolyBenchGPU,PolyBenchGPU,JACOBI2D/flag_O3,runJacobiCUDA_kernel2,,NsightComputeProfilers,,7334973404.25532,32,55159.0,1,1,54841.0,1,1,253433.0,7292686170.212766,32
GPU,NCU,PolyBenchGPU,PolyBenchGPU,JACOBI2D/flag_O3,runJacobiCUDA_kernel1,,NsightComputeProfilers,,13537552521.008404,32,103102.0,1,1,54845.0,1,1,329794.0,7201286764.705883,32
GPU,NCU,PolyBenchGPU,PolyBenchGPU,JACOBI2D/flag_O3,runJacobiCUDA_kernel2,,NsightComputeProfilers,,7302568855.932203,32,55149.0,1,1,54720.0,1,1,251810.0,7245762711.864407,32
GPU,NCU,PolyBenchGPU,PolyBenchGPU,JACOBI2D/flag_O3,runJacobiCUDA_kernel2,,NsightComputeProfilers,,5303173076.923077,32,55153.0,1,1,54686.0,1,1,251939.0,5258269230.769231,32
GPU,NCU,PolyBenchGPU,PolyBenchGPU,LU/flag_O1,lu_kernel1,,NsightComputeProfilers,,81445312.5,32,417.0,1,1,71.0,1,1,1954.0,13867187.5,32
GPU,NCU,PolyBenchGPU,PolyBenchGPU,LU/flag_O1,lu_kernel1,,NsightComputeProfilers,,191885964.9122807,32,350.0,1,1,69.0,1,1,1974.0,37828947.368421055,32
GPU,NCU,PolyBenchGPU,PolyBenchGPU,LU/flag_O1,lu_kernel1,,NsightComputeProfilers,,195312500.0,32,350.0,1,1,70.0,1,1,1978.0,39062500.0,32
GPU,NCU,PolyBenchGPU,PolyBenchGPU,LU/flag_O1,lu_kernel2,,NsightComputeProfilers,,6912113152.804643,32,228708.0,1,1,129798.0,1,1,1156389.0,3922811895.5512576,32
GPU,NCU,PolyBenchGPU,PolyBenchGPU,LU/flag_O1,lu_kernel1,,NsightComputeProfilers,,234100877.19298247,32,427.0,1,1,248.0,1,1,2079.0,135964912.28070176,32
GPU,NCU,PolyBenchGPU,PolyBenchGPU,LU/flag_O1,lu_kernel2,,NsightComputeProfilers,,5011472409.90991,32,213609.0,1,1,121732.0,1,1,1070752.0,2855949699.6997,32
GPU,NCU,PolyBenchGPU,PolyBenchGPU,LU/flag_O1,lu_kernel2,,NsightComputeProfilers,,6641512784.09091,32,224430.0,1,1,128839.0,1,1,1140629.0,3812707149.6212125,32
GPU,NCU,PolyBenchGPU,PolyBenchGPU,LU/flag_O1,lu_kernel1,,NsightComputeProfilers,,192982456.14035088,32,352.0,1,1,70.0,1,1,1918.0,38377192.98245614,32
GPU,NCU,PolyBenchGPU,PolyBenchGPU,LU/flag_O1,lu_kernel2,,NsightComputeProfilers,,8505510355.029586,32,229989.0,1,1,130822.0,1,1,1168717.0,4838091715.976332,32
GPU,NCU,PolyBenchGPU,PolyBenchGPU,LU/flag_O1,lu_kernel2,,NsightComputeProfilers,,8506242387.332521,32,223476.0,1,1,127965.0,1,1,1127418.0,4870774969.549331,32
GPU,NCU,PolyBenchGPU,PolyBenchGPU,LU/flag_O1,lu_kernel1,,NsightComputeProfilers,,189116379.31034482,32,351.0,1,1,72.0,1,1,1924.0,38793103.44827586,32
GPU,NCU,PolyBenchGPU,PolyBenchGPU,LU/flag_O1,lu_kernel1,,NsightComputeProfilers,,192434210.52631578,32,351.0,1,1,70.0,1,1,1929.0,38377192.98245614,32
GPU,NCU,PolyBenchGPU,PolyBenchGPU,LU/flag_O1,lu_kernel1,,NsightComputeProfilers,,221443965.51724136,32,411.0,1,1,70.0,1,1,1931.0,37715517.241379306,32
GPU,NCU,PolyBenchGPU,PolyBenchGPU,LU/flag_O1,lu_kernel1,,NsightComputeProfilers,,196820175.4385965,32,359.0,1,1,70.0,1,1,2023.0,38377192.98245614,32
GPU,NCU,PolyBenchGPU,PolyBenchGPU,LU/flag_O1,lu_kernel2,,NsightComputeProfilers,,8616259282.178217,32,222782.0,1,1,127814.0,1,1,1126756.0,4943301361.386138,32
GPU,NCU,PolyBenchGPU,PolyBenchGPU,LU/flag_O1,lu_kernel1,,NsightComputeProfilers,,194078947.36842105,32,354.0,1,1,69.0,1,1,1931.0,37828947.368421055,32
GPU,NCU,PolyBenchGPU,PolyBenchGPU,LU/flag_O1,lu_kernel2,,NsightComputeProfilers,,8382246376.811595,32,222096.0,1,1,128006.0,1,1,1133584.0,4831144323.671498,32
GPU,NCU,PolyBenchGPU,PolyBenchGPU,LU/flag_O1,lu_kernel2,,NsightComputeProfilers,,6556779454.722492,32,215482.0,1,1,121899.0,1,1,1084334.0,3709195472.2492695,32
GPU,NCU,PolyBenchGPU,PolyBenchGPU,LU/flag_O1,lu_kernel1,,NsightComputeProfilers,,202850877.19298247,32,370.0,1,1,69.0,1,1,1912.0,37828947.368421055,32
GPU,NCU,PolyBenchGPU,PolyBenchGPU,LU/flag_O1,lu_kernel1,,NsightComputeProfilers,,189692982.45614034,32,346.0,1,1,140.0,1,1,1964.0,76754385.96491228,32
GPU,NCU,PolyBenchGPU,PolyBenchGPU,LU/flag_O1,lu_kernel1,,NsightComputeProfilers,,196271929.8245614,32,358.0,1,1,69.0,1,1,3141.0,37828947.368421055,32
GPU,NCU,PolyBenchGPU,PolyBenchGPU,LU/flag_O1,lu_kernel2,,NsightComputeProfilers,,8587820704.05728,32,230291.0,1,1,130950.0,1,1,1173201.0,4883278639.618138,32
GPU,NCU,PolyBenchGPU,PolyBenchGPU,LU/flag_O1,lu_kernel2,,NsightComputeProfilers,,8418690405.244338,32,226025.0,1,1,129862.0,1,1,1156447.0,4836933849.821216,32
GPU,NCU,PolyBenchGPU,PolyBenchGPU,LU/flag_O1,lu_kernel1,,NsightComputeProfilers,,188577586.20689654,32,350.0,1,1,69.0,1,1,1908.0,37176724.137931034,32
GPU,NCU,PolyBenchGPU,PolyBenchGPU,LU/flag_O1,lu_kernel2,,NsightComputeProfilers,,8418584489.281211,32,213630.0,1,1,122013.0,1,1,1085223.0,4808204602.774275,32
GPU,NCU,PolyBenchGPU,PolyBenchGPU,LU/flag_O1,lu_kernel1,,NsightComputeProfilers,,189116379.31034482,32,351.0,1,1,70.0,1,1,1931.0,37715517.241379306,32
GPU,NCU,PolyBenchGPU,PolyBenchGPU,LU/flag_O1,lu_kernel2,,NsightComputeProfilers,,5625513899.765075,32,229881.0,1,1,131082.0,1,1,1169635.0,3207762333.594362,32
GPU,NCU,PolyBenchGPU,PolyBenchGPU,LU/flag_O1,lu_kernel2,,NsightComputeProfilers,,8478855906.921242,32,227369.0,1,1,129861.0,1,1,1153924.0,4842668556.085919,32
GPU,NCU,PolyBenchGPU,PolyBenchGPU,LU/flag_O1,lu_kernel2,,NsightComputeProfilers,,7320645119.418485,32,225593.0,1,1,128911.0,1,1,1140557.0,4183248961.578401,32
GPU,NCU,PolyBenchGPU,PolyBenchGPU,LU/flag_O1,lu_kernel2,,NsightComputeProfilers,,7453195224.719102,32,212267.0,1,1,121650.0,1,1,1081886.0,4271418539.325843,32
GPU,NCU,PolyBenchGPU,PolyBenchGPU,LU/flag_O1,lu_kernel2,,NsightComputeProfilers,,8438209331.651955,32,214128.0,1,1,121836.0,1,1,1086235.0,4801229508.196721,32
GPU,NCU,PolyBenchGPU,PolyBenchGPU,LU/flag_O1,lu_kernel2,,NsightComputeProfilers,,8532070405.727924,32,228796.0,1,1,131590.0,1,1,1170096.0,4907144988.066826,32
GPU,NCU,PolyBenchGPU,PolyBenchGPU,LU/flag_O1,lu_kernel1,,NsightComputeProfilers,,227521929.8245614,32,415.0,1,1,77.0,1,1,1927.0,42214912.28070176,32
GPU,NCU,PolyBenchGPU,PolyBenchGPU,LU/flag_O1,lu_kernel1,,NsightComputeProfilers,,181864754.09836066,32,355.0,1,1,70.0,1,1,2017.0,35860655.73770492,32
GPU,NCU,PolyBenchGPU,PolyBenchGPU,LU/flag_O1,lu_kernel2,,NsightComputeProfilers,,7460165192.507805,32,229415.0,1,1,130630.0,1,1,1165759.0,4247853798.126951,32
GPU,NCU,PolyBenchGPU,PolyBenchGPU,LU/flag_O1,lu_kernel1,,NsightComputeProfilers,,197368421.0526316,32,360.0,1,1,70.0,1,1,1952.0,38377192.98245614,32
GPU,NCU,PolyBenchGPU,PolyBenchGPU,LU/flag_O1,lu_kernel1,,NsightComputeProfilers,,195723684.21052632,32,357.0,1,1,133.0,1,1,1942.0,72916666.66666667,32
GPU,NCU,PolyBenchGPU,PolyBenchGPU,LU/flag_O1,lu_kernel1,,NsightComputeProfilers,,216557017.54385966,32,395.0,1,1,70.0,1,1,1920.0,38377192.98245614,32
GPU,NCU,PolyBenchGPU,PolyBenchGPU,LU/flag_O1,lu_kernel2,,NsightComputeProfilers,,5750706658.291458,32,219723.0,1,1,127558.0,1,1,1126934.0,3338515494.137354,32
GPU,NCU,PolyBenchGPU,PolyBenchGPU,LU/flag_O1,lu_kernel2,,NsightComputeProfilers,,8432890625.0,32,215882.0,1,1,122704.0,1,1,1097658.0,4793125000.0,32
GPU,NCU,PolyBenchGPU,PolyBenchGPU,LU/flag_O1,lu_kernel1,,NsightComputeProfilers,,187500000.0,32,354.0,1,1,70.0,1,1,2167.0,37076271.18644068,32
GPU,NCU,PolyBenchGPU,PolyBenchGPU,LU/flag_O1,lu_kernel1,,NsightComputeProfilers,,192982456.14035088,32,352.0,1,1,70.0,1,1,1964.0,38377192.98245614,32
GPU,NCU,PolyBenchGPU,PolyBenchGPU,LU/flag_O1,lu_kernel2,,NsightComputeProfilers,,6112532952.54833,32,222594.0,1,1,127750.0,1,1,1146495.0,3508073374.340949,32
GPU,NCU,PolyBenchGPU,PolyBenchGPU,LU/flag_O1,lu_kernel1,,NsightComputeProfilers,,214062500.00000003,32,411.0,1,1,70.0,1,1,2505.0,36458333.333333336,32
GPU,NCU,PolyBenchGPU,PolyBenchGPU,LU/flag_O1,lu_kernel1,,NsightComputeProfilers,,192434210.52631578,32,351.0,1,1,69.0,1,1,1973.0,37828947.368421055,32
GPU,NCU,PolyBenchGPU,PolyBenchGPU,LU/flag_O1,lu_kernel2,,NsightComputeProfilers,,6839145674.9049425,32,230233.0,1,1,130758.0,1,1,1167023.0,3884208650.190114,32
GPU,NCU,PolyBenchGPU,PolyBenchGPU,LU/flag_O1,lu_kernel1,,NsightComputeProfilers,,194078947.36842105,32,354.0,1,1,74.0,1,1,1919.0,40570175.43859649,32
GPU,NCU,PolyBenchGPU,PolyBenchGPU,LU/flag_O1,lu_kernel2,,NsightComputeProfilers,,8404946270.543615,32,212746.0,1,1,121972.0,1,1,1085854.0,4818742098.609355,32
GPU,NCU,PolyBenchGPU,PolyBenchGPU,LU/flag_O1,lu_kernel2,,NsightComputeProfilers,,5523041354.945969,32,212615.0,1,1,121712.0,1,1,1085396.0,3161679135.494597,32
GPU,NCU,PolyBenchGPU,PolyBenchGPU,LU/flag_O1,lu_kernel2,,NsightComputeProfilers,,5034946480.406386,32,222021.0,1,1,128212.0,1,1,1130758.0,2907565312.046444,32
GPU,NCU,PolyBenchGPU,PolyBenchGPU,LU/flag_O1,lu_kernel2,,NsightComputeProfilers,,8650158898.305084,32,228641.0,1,1,128838.0,1,1,1142991.0,4874319007.263923,32
GPU,NCU,PolyBenchGPU,PolyBenchGPU,LU/flag_O1,lu_kernel2,,NsightComputeProfilers,,5531983568.075117,32,226236.0,1,1,129156.0,1,1,1142812.0,3158157276.995305,32
GPU,NCU,PolyBenchGPU,PolyBenchGPU,LU/flag_O1,lu_kernel1,,NsightComputeProfilers,,189655172.4137931,32,352.0,1,1,70.0,1,1,1930.0,37715517.241379306,32
GPU,NCU,PolyBenchGPU,PolyBenchGPU,LU/flag_O1,lu_kernel2,,NsightComputeProfilers,,6678665744.466802,32,212435.0,1,1,121032.0,1,1,1073860.0,3805080482.8973846,32
GPU,NCU,PolyBenchGPU,PolyBenchGPU,LU/flag_O1,lu_kernel2,,NsightComputeProfilers,,8405541561.712846,32,213568.0,1,1,122109.0,1,1,1088360.0,4805927267.002519,32
GPU,NCU,PolyBenchGPU,PolyBenchGPU,LU/flag_O1,lu_kernel1,,NsightComputeProfilers,,196271929.8245614,32,358.0,1,1,79.0,1,1,1911.0,43311403.508771926,32
GPU,NCU,PolyBenchGPU,PolyBenchGPU,LU/flag_O1,lu_kernel2,,NsightComputeProfilers,,8546066486.161252,32,227257.0,1,1,129792.0,1,1,1152434.0,4880866425.99278,32
GPU,NCU,PolyBenchGPU,PolyBenchGPU,LU/flag_O1,lu_kernel1,,NsightComputeProfilers,,191885964.9122807,32,350.0,1,1,69.0,1,1,1912.0,37828947.368421055,32
GPU,NCU,PolyBenchGPU,PolyBenchGPU,LU/flag_O1,lu_kernel1,,NsightComputeProfilers,,191885964.9122807,32,350.0,1,1,69.0,1,1,1913.0,37828947.368421055,32
GPU,NCU,PolyBenchGPU,PolyBenchGPU,LU/flag_O1,lu_kernel1,,NsightComputeProfilers,,191885964.9122807,32,350.0,1,1,69.0,1,1,1981.0,37828947.368421055,32
GPU,NCU,PolyBenchGPU,PolyBenchGPU,LU/flag_O1,lu_kernel1,,NsightComputeProfilers,,192434210.52631578,32,351.0,1,1,70.0,1,1,1916.0,38377192.98245614,32
GPU,NCU,PolyBenchGPU,PolyBenchGPU,LU/flag_O1,lu_kernel1,,NsightComputeProfilers,,189692982.45614034,32,346.0,1,1,74.0,1,1,1910.0,40570175.43859649,32
GPU,NCU,PolyBenchGPU,PolyBenchGPU,LU/flag_O1,lu_kernel1,,NsightComputeProfilers,,190732758.62068963,32,354.0,1,1,76.0,1,1,1918.0,40948275.862068966,32
GPU,NCU,PolyBenchGPU,PolyBenchGPU,LU/flag_O1,lu_kernel1,,NsightComputeProfilers,,197737068.96551722,32,367.0,1,1,69.0,1,1,2389.0,37176724.137931034,32
GPU,NCU,PolyBenchGPU,PolyBenchGPU,LU/flag_O1,lu_kernel2,,NsightComputeProfilers,,8091781214.203895,32,226052.0,1,1,130495.0,1,1,1158360.0,4671212772.050401,32
GPU,NCU,PolyBenchGPU,PolyBenchGPU,LU/flag_O1,lu_kernel1,,NsightComputeProfilers,,185911016.94915256,32,351.0,1,1,70.0,1,1,1919.0,37076271.18644068,32
GPU,NCU,PolyBenchGPU,PolyBenchGPU,LU/flag_O1,lu_kernel2,,NsightComputeProfilers,,5907789023.372287,32,226481.0,1,1,130189.0,1,1,1161477.0,3395998539.2320533,32
GPU,NCU,PolyBenchGPU,PolyBenchGPU,LU/flag_O1,lu_kernel1,,NsightComputeProfilers,,196271929.8245614,32,358.0,1,1,69.0,1,1,2008.0,37828947.368421055,32
GPU,NCU,PolyBenchGPU,PolyBenchGPU,LU/flag_O1,lu_kernel2,,NsightComputeProfilers,,8474544437.340154,32,212067.0,1,1,120906.0,1,1,1071692.0,4831601662.404092,32
GPU,NCU,PolyBenchGPU,PolyBenchGPU,LU/flag_O1,lu_kernel1,,NsightComputeProfilers,,188038793.10344827,32,349.0,1,1,73.0,1,1,1921.0,39331896.551724136,32
GPU,NCU,PolyBenchGPU,PolyBenchGPU,LU/flag_O1,lu_kernel1,,NsightComputeProfilers,,192434210.52631578,32,351.0,1,1,70.0,1,1,2042.0,38377192.98245614,32
GPU,NCU,PolyBenchGPU,PolyBenchGPU,LU/flag_O1,lu_kernel1,,NsightComputeProfilers,,224232456.14035088,32,409.0,1,1,72.0,1,1,1914.0,39473684.21052632,32
GPU,NCU,PolyBenchGPU,PolyBenchGPU,LU/flag_O1,lu_kernel2,,NsightComputeProfilers,,6377566561.371841,32,226123.0,1,1,129734.0,1,1,1154499.0,3659013989.169675,32
GPU,NCU,PolyBenchGPU,PolyBenchGPU,LU/flag_O1,lu_kernel2,,NsightComputeProfilers,,7530936804.008908,32,216409.0,1,1,122952.0,1,1,1099406.0,4278674832.962138,32
GPU,NCU,PolyBenchGPU,PolyBenchGPU,LU/flag_O1,lu_kernel1,,NsightComputeProfilers,,189144736.84210527,32,345.0,1,1,70.0,1,1,1916.0,38377192.98245614,32
GPU,NCU,PolyBenchGPU,PolyBenchGPU,LU/flag_O1,lu_kernel2,,NsightComputeProfilers,,8539982164.090369,32,229828.0,1,1,130726.0,1,1,1165488.0,4857535671.8192625,32
GPU,NCU,PolyBenchGPU,PolyBenchGPU,LU/flag_O1,lu_kernel2,,NsightComputeProfilers,,8678644521.41058,32,220507.0,1,1,121791.0,1,1,1081907.0,4793411523.929471,32
GPU,NCU,PolyBenchGPU,PolyBenchGPU,LU/flag_O1,lu_kernel2,,NsightComputeProfilers,,8516959798.994975,32,216944.0,1,1,122890.0,1,1,1097031.0,4824513190.954774,32
GPU,NCU,PolyBenchGPU,PolyBenchGPU,LU/flag_O1,lu_kernel1,,NsightComputeProfilers,,201206140.3508772,32,367.0,1,1,70.0,1,1,1916.0,38377192.98245614,32
GPU,NCU,PolyBenchGPU,PolyBenchGPU,LU/flag_O1,lu_kernel1,,NsightComputeProfilers,,199776785.71428573,32,358.0,1,1,71.0,1,1,1928.0,39620535.71428572,32
GPU,NCU,PolyBenchGPU,PolyBenchGPU,LU/flag_O1,lu_kernel2,,NsightComputeProfilers,,5088557401.812689,32,215592.0,1,1,122642.0,1,1,1096270.0,2894684667.673716,32
GPU,NCU,PolyBenchGPU,PolyBenchGPU,LU/flag_O1,lu_kernel1,,NsightComputeProfilers,,197198275.86206895,32,366.0,1,1,69.0,1,1,1913.0,37176724.137931034,32
GPU,NCU,PolyBenchGPU,PolyBenchGPU,LU/flag_O1,lu_kernel1,,NsightComputeProfilers,,196659482.75862068,32,365.0,1,1,72.0,1,1,1915.0,38793103.44827586,32
GPU,NCU,PolyBenchGPU,PolyBenchGPU,LU/flag_O1,lu_kernel2,,NsightComputeProfilers,,8579931702.668361,32,216077.0,1,1,123014.0,1,1,1103474.0,4884609275.730622,32
GPU,NCU,PolyBenchGPU,PolyBenchGPU,LU/flag_O1,lu_kernel1,,NsightComputeProfilers,,189692982.45614034,32,346.0,1,1,74.0,1,1,1963.0,40570175.43859649,32
GPU,NCU,PolyBenchGPU,PolyBenchGPU,LU/flag_O1,lu_kernel1,,NsightComputeProfilers,,192887931.03448275,32,358.0,1,1,70.0,1,1,1918.0,37715517.241379306,32
GPU,NCU,PolyBenchGPU,PolyBenchGPU,LU/flag_O1,lu_kernel1,,NsightComputeProfilers,,194915254.23728815,32,368.0,1,1,141.0,1,1,1949.0,74682203.38983051,32
GPU,NCU,PolyBenchGPU,PolyBenchGPU,LU/flag_O1,lu_kernel2,,NsightComputeProfilers,,8247911694.51074,32,221176.0,1,1,127823.0,1,1,1128456.0,4766669152.74463,32
GPU,NCU,PolyBenchGPU,PolyBenchGPU,LU/flag_O1,lu_kernel2,,NsightComputeProfilers,,8412633145.363408,32,214825.0,1,1,122777.0,1,1,1096341.0,4807996553.884711,32
GPU,NCU,PolyBenchGPU,PolyBenchGPU,LU/flag_O1,lu_kernel2,,NsightComputeProfilers,,6508451636.188643,32,216393.0,1,1,123146.0,1,1,1096495.0,3703861886.4292593,32
GPU,NCU,PolyBenchGPU,PolyBenchGPU,LU/flag_O1,lu_kernel2,,NsightComputeProfilers,,8528367718.446602,32,224876.0,1,1,128903.0,1,1,1144823.0,4888614987.864078,32
GPU,NCU,PolyBenchGPU,PolyBenchGPU,LU/flag_O1,lu_kernel2,,NsightComputeProfilers,,8409688633.615478,32,222554.0,1,1,127917.0,1,1,1127404.0,4833623035.066505,32
GPU,NCU,PolyBenchGPU,PolyBenchGPU,LU/flag_O1,lu_kernel1,,NsightComputeProfilers,,193229166.6666667,32,371.0,1,1,74.0,1,1,1968.0,38541666.66666667,32
GPU,NCU,PolyBenchGPU,PolyBenchGPU,LU/flag_O1,lu_kernel2,,NsightComputeProfilers,,8459966827.5030155,32,224426.0,1,1,128582.0,1,1,1142097.0,4847029553.6791315,32
GPU,NCU,PolyBenchGPU,PolyBenchGPU,LU/flag_O1,lu_kernel2,,NsightComputeProfilers,,8473751504.211793,32,225334.0,1,1,129216.0,1,1,1144973.0,4859205776.1732855,32
GPU,NCU,PolyBenchGPU,PolyBenchGPU,LU/flag_O1,lu_kernel2,,NsightComputeProfilers,,8577477134.146341,32,225073.0,1,1,128774.0,1,1,1141845.0,4907545731.707317,32
GPU,NCU,PolyBenchGPU,PolyBenchGPU,LU/flag_O1,lu_kernel1,,NsightComputeProfilers,,188577586.20689654,32,350.0,1,1,69.0,1,1,1921.0,37176724.137931034,32
GPU,NCU,PolyBenchGPU,PolyBenchGPU,LU/flag_O1,lu_kernel2,,NsightComputeProfilers,,5547327013.291635,32,227041.0,1,1,130251.0,1,1,1158436.0,3182442337.7638783,32
GPU,NCU,PolyBenchGPU,PolyBenchGPU,LU/flag_O1,lu_kernel1,,NsightComputeProfilers,,191337719.2982456,32,349.0,1,1,71.0,1,1,1993.0,38925438.596491225,32
GPU,NCU,PolyBenchGPU,PolyBenchGPU,LU/flag_O1,lu_kernel2,,NsightComputeProfilers,,8460484886.649874,32,214964.0,1,1,123002.0,1,1,1096130.0,4841073677.581863,32
GPU,NCU,PolyBenchGPU,PolyBenchGPU,LU/flag_O2,lu_kernel1,,NsightComputeProfilers,,189116379.31034482,32,351.0,1,1,69.0,1,1,1922.0,37176724.137931034,32
GPU,NCU,PolyBenchGPU,PolyBenchGPU,LU/flag_O2,lu_kernel1,,NsightComputeProfilers,,190241228.07017544,32,347.0,1,1,135.0,1,1,1984.0,74013157.89473684,32
GPU,NCU,PolyBenchGPU,PolyBenchGPU,LU/flag_O2,lu_kernel1,,NsightComputeProfilers,,191337719.2982456,32,349.0,1,1,72.0,1,1,1928.0,39473684.21052632,32
GPU,NCU,PolyBenchGPU,PolyBenchGPU,LU/flag_O2,lu_kernel2,,NsightComputeProfilers,,8485536570.743405,32,226462.0,1,1,129798.0,1,1,1153792.0,4863534172.661871,32
GPU,NCU,PolyBenchGPU,PolyBenchGPU,LU/flag_O2,lu_kernel1,,NsightComputeProfilers,,192434210.52631578,32,351.0,1,1,74.0,1,1,1932.0,40570175.43859649,32
GPU,NCU,PolyBenchGPU,PolyBenchGPU,LU/flag_O2,lu_kernel2,,NsightComputeProfilers,,8423495518.565941,32,210520.0,1,1,121665.0,1,1,1071947.0,4868157810.49936,32
GPU,NCU,PolyBenchGPU,PolyBenchGPU,LU/flag_O2,lu_kernel2,,NsightComputeProfilers,,8508247578.692493,32,224890.0,1,1,128648.0,1,1,1140460.0,4867130750.605327,32
GPU,NCU,PolyBenchGPU,PolyBenchGPU,LU/flag_O2,lu_kernel1,,NsightComputeProfilers,,191337719.2982456,32,349.0,1,1,73.0,1,1,1975.0,40021929.8245614,32
GPU,NCU,PolyBenchGPU,PolyBenchGPU,LU/flag_O2,lu_kernel2,,NsightComputeProfilers,,8476599526.066351,32,228936.0,1,1,131008.0,1,1,1166421.0,4850710900.473934,32
GPU,NCU,PolyBenchGPU,PolyBenchGPU,LU/flag_O2,lu_kernel2,,NsightComputeProfilers,,8511559802.7127,32,220892.0,1,1,128090.0,1,1,1128315.0,4935650431.565968,32
GPU,NCU,PolyBenchGPU,PolyBenchGPU,LU/flag_O2,lu_kernel1,,NsightComputeProfilers,,190241228.07017544,32,347.0,1,1,97.0,1,1,1991.0,53179824.561403506,32
GPU,NCU,PolyBenchGPU,PolyBenchGPU,LU/flag_O2,lu_kernel1,,NsightComputeProfilers,,185307017.54385966,32,338.0,1,1,186.0,1,1,1935.0,101973684.21052632,32
GPU,NCU,PolyBenchGPU,PolyBenchGPU,LU/flag_O2,lu_kernel1,,NsightComputeProfilers,,188038793.10344827,32,349.0,1,1,73.0,1,1,1930.0,39331896.551724136,32
GPU,NCU,PolyBenchGPU,PolyBenchGPU,LU/flag_O2,lu_kernel1,,NsightComputeProfilers,,186422413.79310343,32,346.0,1,1,74.0,1,1,2010.0,39870689.655172415,32
GPU,NCU,PolyBenchGPU,PolyBenchGPU,LU/flag_O2,lu_kernel2,,NsightComputeProfilers,,8576406056.860321,32,222026.0,1,1,128001.0,1,1,1127743.0,4944414400.494437,32
GPU,NCU,PolyBenchGPU,PolyBenchGPU,LU/flag_O2,lu_kernel1,,NsightComputeProfilers,,173611111.11111113,32,350.0,1,1,69.0,1,1,1922.0,34226190.47619048,32
GPU,NCU,PolyBenchGPU,PolyBenchGPU,LU/flag_O2,lu_kernel2,,NsightComputeProfilers,,8578850855.745721,32,224560.0,1,1,128271.0,1,1,1131577.0,4900328545.232273,32
GPU,NCU,PolyBenchGPU,PolyBenchGPU,LU/flag_O2,lu_kernel2,,NsightComputeProfilers,,8431843354.43038,32,213157.0,1,1,122225.0,1,1,1083541.0,4834849683.544304,32
GPU,NCU,PolyBenchGPU,PolyBenchGPU,LU/flag_O2,lu_kernel1,,NsightComputeProfilers,,191337719.2982456,32,349.0,1,1,244.0,1,1,1946.0,133771929.8245614,32
GPU,NCU,PolyBenchGPU,PolyBenchGPU,LU/flag_O2,lu_kernel1,,NsightComputeProfilers,,190241228.07017544,32,347.0,1,1,72.0,1,1,1925.0,39473684.21052632,32
GPU,NCU,PolyBenchGPU,PolyBenchGPU,LU/flag_O2,lu_kernel1,,NsightComputeProfilers,,192982456.14035088,32,352.0,1,1,69.0,1,1,1982.0,37828947.368421055,32
GPU,NCU,PolyBenchGPU,PolyBenchGPU,LU/flag_O2,lu_kernel2,,NsightComputeProfilers,,8484598214.285714,32,228066.0,1,1,131137.0,1,1,1167997.0,4878608630.952381,32
GPU,NCU,PolyBenchGPU,PolyBenchGPU,LU/flag_O2,lu_kernel2,,NsightComputeProfilers,,7627159827.213822,32,226008.0,1,1,129862.0,1,1,1154819.0,4382491900.647948,32
GPU,NCU,PolyBenchGPU,PolyBenchGPU,LU/flag_O2,lu_kernel1,,NsightComputeProfilers,,183262711.8644068,32,346.0,1,1,71.0,1,1,1919.0,37605932.20338983,32
GPU,NCU,PolyBenchGPU,PolyBenchGPU,LU/flag_O2,lu_kernel2,,NsightComputeProfilers,,8308013420.724094,32,212951.0,1,1,122151.0,1,1,1084513.0,4765566479.400749,32
GPU,NCU,PolyBenchGPU,PolyBenchGPU,LU/flag_O2,lu_kernel1,,NsightComputeProfilers,,190241228.07017544,32,347.0,1,1,70.0,1,1,2019.0,38377192.98245614,32
GPU,NCU,PolyBenchGPU,PolyBenchGPU,LU/flag_O2,lu_kernel2,,NsightComputeProfilers,,8573877245.508982,32,229094.0,1,1,131076.0,1,1,1167399.0,4905538922.155688,32
GPU,NCU,PolyBenchGPU,PolyBenchGPU,LU/flag_O2,lu_kernel2,,NsightComputeProfilers,,8483550659.472423,32,226409.0,1,1,129865.0,1,1,1156577.0,4866044664.268585,32
GPU,NCU,PolyBenchGPU,PolyBenchGPU,LU/flag_O2,lu_kernel2,,NsightComputeProfilers,,8543947688.564477,32,224740.0,1,1,128710.0,1,1,1138733.0,4893172141.119222,32
GPU,NCU,PolyBenchGPU,PolyBenchGPU,LU/flag_O2,lu_kernel2,,NsightComputeProfilers,,8509910485.933504,32,212952.0,1,1,121836.0,1,1,1081942.0,4868765984.654732,32
GPU,NCU,PolyBenchGPU,PolyBenchGPU,LU/flag_O2,lu_kernel2,,NsightComputeProfilers,,8470060355.781448,32,213310.0,1,1,122052.0,1,1,1082896.0,4846410419.313849,32
GPU,NCU,PolyBenchGPU,PolyBenchGPU,LU/flag_O2,lu_kernel2,,NsightComputeProfilers,,8192588876.14679,32,228606.0,1,1,131237.0,1,1,1168246.0,4703160837.155964,32
GPU,NCU,PolyBenchGPU,PolyBenchGPU,LU/flag_O2,lu_kernel1,,NsightComputeProfilers,,191885964.9122807,32,350.0,1,1,71.0,1,1,1921.0,38925438.596491225,32
GPU,NCU,PolyBenchGPU,PolyBenchGPU,LU/flag_O2,lu_kernel1,,NsightComputeProfilers,,192982456.14035088,32,352.0,1,1,70.0,1,1,1921.0,38377192.98245614,32
GPU,NCU,PolyBenchGPU,PolyBenchGPU,LU/flag_O2,lu_kernel2,,NsightComputeProfilers,,8493080357.142858,32,228294.0,1,1,130807.0,1,1,1165466.0,4866331845.238095,32
GPU,NCU,PolyBenchGPU,PolyBenchGPU,LU/flag_O2,lu_kernel1,,NsightComputeProfilers,,192434210.52631578,32,351.0,1,1,74.0,1,1,1996.0,40570175.43859649,32
GPU,NCU,PolyBenchGPU,PolyBenchGPU,LU/flag_O2,lu_kernel1,,NsightComputeProfilers,,189692982.45614034,32,346.0,1,1,158.0,1,1,3530.0,86622807.01754385,32
GPU,NCU,PolyBenchGPU,PolyBenchGPU,LU/flag_O2,lu_kernel1,,NsightComputeProfilers,,186961206.89655173,32,347.0,1,1,246.0,1,1,1921.0,132543103.44827585,32
GPU,NCU,PolyBenchGPU,PolyBenchGPU,LU/flag_O2,lu_kernel2,,NsightComputeProfilers,,8499344135.802469,32,220303.0,1,1,127745.0,1,1,1126764.0,4928433641.975308,32
GPU,NCU,PolyBenchGPU,PolyBenchGPU,LU/flag_O2,lu_kernel2,,NsightComputeProfilers,,8181707317.073171,32,214688.0,1,1,122891.0,1,1,1094676.0,4683346036.585366,32
GPU,NCU,PolyBenchGPU,PolyBenchGPU,LU/flag_O2,lu_kernel1,,NsightComputeProfilers,,194754464.2857143,32,349.0,1,1,72.0,1,1,1955.0,40178571.42857143,32
GPU,NCU,PolyBenchGPU,PolyBenchGPU,LU/flag_O2,lu_kernel1,,NsightComputeProfilers,,194754464.2857143,32,349.0,1,1,72.0,1,1,1972.0,40178571.42857143,32
GPU,NCU,PolyBenchGPU,PolyBenchGPU,LU/flag_O2,lu_kernel2,,NsightComputeProfilers,,8486085485.854858,32,220774.0,1,1,127961.0,1,1,1128782.0,4918550123.00123,32
GPU,NCU,PolyBenchGPU,PolyBenchGPU,LU/flag_O2,lu_kernel1,,NsightComputeProfilers,,191337719.2982456,32,349.0,1,1,70.0,1,1,2005.0,38377192.98245614,32
GPU,NCU,PolyBenchGPU,PolyBenchGPU,LU/flag_O2,lu_kernel1,,NsightComputeProfilers,,194754464.2857143,32,349.0,1,1,74.0,1,1,1909.0,41294642.85714286,32
GPU,NCU,PolyBenchGPU,PolyBenchGPU,LU/flag_O2,lu_kernel2,,NsightComputeProfilers,,8526992002.369668,32,230297.0,1,1,130758.0,1,1,1165637.0,4841454383.886256,32
GPU,NCU,PolyBenchGPU,PolyBenchGPU,LU/flag_O2,lu_kernel1,,NsightComputeProfilers,,171875000.0,32,352.0,1,1,70.0,1,1,1919.0,34179687.5,32
GPU,NCU,PolyBenchGPU,PolyBenchGPU,LU/flag_O2,lu_kernel2,,NsightComputeProfilers,,8540448264.781491,32,212623.0,1,1,121774.0,1,1,1081574.0,4891307840.616966,32
GPU,NCU,PolyBenchGPU,PolyBenchGPU,LU/flag_O2,lu_kernel2,,NsightComputeProfilers,,8407942380.352644,32,213629.0,1,1,121898.0,1,1,1082243.0,4797622795.969773,32
GPU,NCU,PolyBenchGPU,PolyBenchGPU,LU/flag_O2,lu_kernel2,,NsightComputeProfilers,,8588502798.5074625,32,220965.0,1,1,128132.0,1,1,1128959.0,4980254975.124378,32
GPU,NCU,PolyBenchGPU,PolyBenchGPU,LU/flag_O2,lu_kernel2,,NsightComputeProfilers,,8495238814.993955,32,224818.0,1,1,129035.0,1,1,1141459.0,4875869105.199516,32
GPU,NCU,PolyBenchGPU,PolyBenchGPU,LU/flag_O2,lu_kernel2,,NsightComputeProfilers,,8512727272.727272,32,224736.0,1,1,128966.0,1,1,1143943.0,4885075757.575757,32
GPU,NCU,PolyBenchGPU,PolyBenchGPU,LU/flag_O2,lu_kernel1,,NsightComputeProfilers,,191885964.9122807,32,350.0,1,1,73.0,1,1,1928.0,40021929.8245614,32
GPU,NCU,PolyBenchGPU,PolyBenchGPU,LU/flag_O2,lu_kernel2,,NsightComputeProfilers,,8410549363.057324,32,211273.0,1,1,121030.0,1,1,1074316.0,4818073248.407643,32
GPU,NCU,PolyBenchGPU,PolyBenchGPU,LU/flag_O2,lu_kernel2,,NsightComputeProfilers,,8106745426.829268,32,212721.0,1,1,122209.0,1,1,1086521.0,4657355182.926829,32
GPU,NCU,PolyBenchGPU,PolyBenchGPU,LU/flag_O2,lu_kernel1,,NsightComputeProfilers,,191885964.9122807,32,350.0,1,1,76.0,1,1,1922.0,41666666.666666664,32
GPU,NCU,PolyBenchGPU,PolyBenchGPU,LU/flag_O2,lu_kernel2,,NsightComputeProfilers,,8460561899.038461,32,225254.0,1,1,129792.0,1,1,1153077.0,4875000000.0,32
GPU,NCU,PolyBenchGPU,PolyBenchGPU,LU/flag_O2,lu_kernel1,,NsightComputeProfilers,,191337719.2982456,32,349.0,1,1,69.0,1,1,1919.0,37828947.368421055,32
GPU,NCU,PolyBenchGPU,PolyBenchGPU,LU/flag_O2,lu_kernel1,,NsightComputeProfilers,,190789473.6842105,32,348.0,1,1,69.0,1,1,1928.0,37828947.368421055,32
GPU,NCU,PolyBenchGPU,PolyBenchGPU,LU/flag_O2,lu_kernel1,,NsightComputeProfilers,,191337719.2982456,32,349.0,1,1,69.0,1,1,1926.0,37828947.368421055,32
GPU,NCU,PolyBenchGPU,PolyBenchGPU,LU/flag_O2,lu_kernel1,,NsightComputeProfilers,,190241228.07017544,32,347.0,1,1,71.0,1,1,1947.0,38925438.596491225,32
GPU,NCU,PolyBenchGPU,PolyBenchGPU,LU/flag_O2,lu_kernel1,,NsightComputeProfilers,,191337719.2982456,32,349.0,1,1,72.0,1,1,1986.0,39473684.21052632,32
GPU,NCU,PolyBenchGPU,PolyBenchGPU,LU/flag_O2,lu_kernel1,,NsightComputeProfilers,,192982456.14035088,32,352.0,1,1,70.0,1,1,1919.0,38377192.98245614,32
GPU,NCU,PolyBenchGPU,PolyBenchGPU,LU/flag_O2,lu_kernel1,,NsightComputeProfilers,,189116379.31034482,32,351.0,1,1,69.0,1,1,1919.0,37176724.137931034,32
GPU,NCU,PolyBenchGPU,PolyBenchGPU,LU/flag_O2,lu_kernel2,,NsightComputeProfilers,,8440665971.394517,32,226615.0,1,1,130119.0,1,1,1155619.0,4846506257.449345,32
GPU,NCU,PolyBenchGPU,PolyBenchGPU,LU/flag_O2,lu_kernel1,,NsightComputeProfilers,,198464912.28070176,32,362.0,1,1,74.0,1,1,1918.0,40570175.43859649,32
GPU,NCU,PolyBenchGPU,PolyBenchGPU,LU/flag_O2,lu_kernel2,,NsightComputeProfilers,,8381012470.308788,32,225818.0,1,1,130566.0,1,1,1153857.0,4845828384.7980995,32
GPU,NCU,PolyBenchGPU,PolyBenchGPU,LU/flag_O2,lu_kernel1,,NsightComputeProfilers,,415021929.8245614,32,757.0,1,1,73.0,1,1,1924.0,40021929.8245614,32
GPU,NCU,PolyBenchGPU,PolyBenchGPU,LU/flag_O2,lu_kernel2,,NsightComputeProfilers,,8454280931.122449,32,212101.0,1,1,121095.0,1,1,1070815.0,4826809630.10204,32
GPU,NCU,PolyBenchGPU,PolyBenchGPU,LU/flag_O2,lu_kernel1,,NsightComputeProfilers,,188038793.10344827,32,349.0,1,1,74.0,1,1,2014.0,39870689.655172415,32
GPU,NCU,PolyBenchGPU,PolyBenchGPU,LU/flag_O2,lu_kernel1,,NsightComputeProfilers,,189692982.45614034,32,346.0,1,1,160.0,1,1,1926.0,87719298.24561404,32
GPU,NCU,PolyBenchGPU,PolyBenchGPU,LU/flag_O2,lu_kernel1,,NsightComputeProfilers,,191885964.9122807,32,350.0,1,1,81.0,1,1,1928.0,44407894.7368421,32
GPU,NCU,PolyBenchGPU,PolyBenchGPU,LU/flag_O2,lu_kernel2,,NsightComputeProfilers,,8535339135.654262,32,227518.0,1,1,129922.0,1,1,1153745.0,4874024609.843938,32
GPU,NCU,PolyBenchGPU,PolyBenchGPU,LU/flag_O2,lu_kernel2,,NsightComputeProfilers,,8449380489.335007,32,215493.0,1,1,123139.0,1,1,1097009.0,4828223023.839398,32
GPU,NCU,PolyBenchGPU,PolyBenchGPU,LU/flag_O2,lu_kernel1,,NsightComputeProfilers,,190241228.07017544,32,347.0,1,1,157.0,1,1,2011.0,86074561.40350877,32
GPU,NCU,PolyBenchGPU,PolyBenchGPU,LU/flag_O2,lu_kernel2,,NsightComputeProfilers,,8592140718.562874,32,229582.0,1,1,130943.0,1,1,1166621.0,4900561377.245509,32
GPU,NCU,PolyBenchGPU,PolyBenchGPU,LU/flag_O2,lu_kernel2,,NsightComputeProfilers,,8390605246.523388,32,212383.0,1,1,121588.0,1,1,1081110.0,4803571428.571428,32
GPU,NCU,PolyBenchGPU,PolyBenchGPU,LU/flag_O2,lu_kernel2,,NsightComputeProfilers,,8472808953.341741,32,215006.0,1,1,123092.0,1,1,1097802.0,4850725094.577554,32
GPU,NCU,PolyBenchGPU,PolyBenchGPU,LU/flag_O2,lu_kernel1,,NsightComputeProfilers,,191885964.9122807,32,350.0,1,1,109.0,1,1,1991.0,59758771.92982456,32
GPU,NCU,PolyBenchGPU,PolyBenchGPU,LU/flag_O2,lu_kernel1,,NsightComputeProfilers,,199431818.18181816,32,351.0,1,1,70.0,1,1,3697.0,39772727.27272727,32
GPU,NCU,PolyBenchGPU,PolyBenchGPU,LU/flag_O2,lu_kernel2,,NsightComputeProfilers,,8136955205.811138,32,215076.0,1,1,122783.0,1,1,1094981.0,4645240617.4334135,32
GPU,NCU,PolyBenchGPU,PolyBenchGPU,LU/flag_O2,lu_kernel1,,NsightComputeProfilers,,178790983.60655737,32,349.0,1,1,71.0,1,1,1913.0,36372950.81967213,32
GPU,NCU,PolyBenchGPU,PolyBenchGPU,LU/flag_O2,lu_kernel1,,NsightComputeProfilers,,187500000.0,32,348.0,1,1,72.0,1,1,1932.0,38793103.44827586,32
GPU,NCU,PolyBenchGPU,PolyBenchGPU,LU/flag_O2,lu_kernel2,,NsightComputeProfilers,,8515171815.8890295,32,216081.0,1,1,123246.0,1,1,1100595.0,4856793820.933166,32
GPU,NCU,PolyBenchGPU,PolyBenchGPU,LU/flag_O2,lu_kernel1,,NsightComputeProfilers,,188577586.20689654,32,350.0,1,1,73.0,1,1,1928.0,39331896.551724136,32
GPU,NCU,PolyBenchGPU,PolyBenchGPU,LU/flag_O2,lu_kernel1,,NsightComputeProfilers,,190789473.6842105,32,348.0,1,1,74.0,1,1,1932.0,40570175.43859649,32
GPU,NCU,PolyBenchGPU,PolyBenchGPU,LU/flag_O2,lu_kernel1,,NsightComputeProfilers,,158088235.29411766,32,344.0,1,1,72.0,1,1,1989.0,33088235.29411765,32
GPU,NCU,PolyBenchGPU,PolyBenchGPU,LU/flag_O2,lu_kernel2,,NsightComputeProfilers,,8548512638.717632,32,221851.0,1,1,127809.0,1,1,1125499.0,4924822749.691738,32
GPU,NCU,PolyBenchGPU,PolyBenchGPU,LU/flag_O2,lu_kernel2,,NsightComputeProfilers,,8097989195.678271,32,215860.0,1,1,122761.0,1,1,1094661.0,4605379651.860744,32
GPU,NCU,PolyBenchGPU,PolyBenchGPU,LU/flag_O2,lu_kernel2,,NsightComputeProfilers,,8519951011.378002,32,215657.0,1,1,123016.0,1,1,1096037.0,4859987357.774968,32
GPU,NCU,PolyBenchGPU,PolyBenchGPU,LU/flag_O2,lu_kernel2,,NsightComputeProfilers,,8437081303.288672,32,221659.0,1,1,128903.0,1,1,1141917.0,4906478380.024361,32
GPU,NCU,PolyBenchGPU,PolyBenchGPU,LU/flag_O2,lu_kernel2,,NsightComputeProfilers,,8464131773.399014,32,219932.0,1,1,127707.0,1,1,1151254.0,4914832204.433497,32
GPU,NCU,PolyBenchGPU,PolyBenchGPU,LU/flag_O2,lu_kernel1,,NsightComputeProfilers,,186961206.89655173,32,347.0,1,1,245.0,1,1,1920.0,132004310.34482758,32
GPU,NCU,PolyBenchGPU,PolyBenchGPU,LU/flag_O2,lu_kernel2,,NsightComputeProfilers,,8487023305.084745,32,224329.0,1,1,128769.0,1,1,1164507.0,4871708535.108959,32
GPU,NCU,PolyBenchGPU,PolyBenchGPU,LU/flag_O2,lu_kernel2,,NsightComputeProfilers,,8503689759.036144,32,225858.0,1,1,129220.0,1,1,1145088.0,4865210843.373494,32
GPU,NCU,PolyBenchGPU,PolyBenchGPU,LU/flag_O2,lu_kernel2,,NsightComputeProfilers,,8725906774.580336,32,232877.0,1,1,137900.0,1,1,1141130.0,5167116306.954436,32
GPU,NCU,PolyBenchGPU,PolyBenchGPU,LU/flag_O2,lu_kernel1,,NsightComputeProfilers,,189144736.84210527,32,345.0,1,1,144.0,1,1,1947.0,78947368.42105263,32
GPU,NCU,PolyBenchGPU,PolyBenchGPU,LU/flag_O2,lu_kernel2,,NsightComputeProfilers,,8430040083.135391,32,227139.0,1,1,130390.0,1,1,1158174.0,4839296318.289786,32
GPU,NCU,PolyBenchGPU,PolyBenchGPU,LU/flag_O2,lu_kernel1,,NsightComputeProfilers,,192982456.14035088,32,352.0,1,1,70.0,1,1,1931.0,38377192.98245614,32
GPU,NCU,PolyBenchGPU,PolyBenchGPU,LU/flag_O2,lu_kernel2,,NsightComputeProfilers,,8084832134.292566,32,215768.0,1,1,123031.0,1,1,1095494.0,4609974520.383693,32
GPU,NCU,PolyBenchGPU,PolyBenchGPU,LU/flag_O3,lu_kernel1,,NsightComputeProfilers,,184322033.8983051,32,348.0,1,1,73.0,1,1,1916.0,38665254.23728814,32
GPU,NCU,PolyBenchGPU,PolyBenchGPU,LU/flag_O3,lu_kernel1,,NsightComputeProfilers,,185911016.94915256,32,351.0,1,1,69.0,1,1,1947.0,36546610.16949153,32
GPU,NCU,PolyBenchGPU,PolyBenchGPU,LU/flag_O3,lu_kernel1,,NsightComputeProfilers,,185381355.93220338,32,350.0,1,1,73.0,1,1,1999.0,38665254.23728814,32
GPU,NCU,PolyBenchGPU,PolyBenchGPU,LU/flag_O3,lu_kernel2,,NsightComputeProfilers,,8493914277.180407,32,227501.0,1,1,129985.0,1,1,1154845.0,4853083930.704899,32
GPU,NCU,PolyBenchGPU,PolyBenchGPU,LU/flag_O3,lu_kernel1,,NsightComputeProfilers,,186440677.9661017,32,352.0,1,1,70.0,1,1,2093.0,37076271.18644068,32
GPU,NCU,PolyBenchGPU,PolyBenchGPU,LU/flag_O3,lu_kernel2,,NsightComputeProfilers,,8457255747.126437,32,211905.0,1,1,120968.0,1,1,1070677.0,4827905491.698595,32
GPU,NCU,PolyBenchGPU,PolyBenchGPU,LU/flag_O3,lu_kernel2,,NsightComputeProfilers,,8487937273.823884,32,225168.0,1,1,128646.0,1,1,1141388.0,4849442098.914354,32
GPU,NCU,PolyBenchGPU,PolyBenchGPU,LU/flag_O3,lu_kernel1,,NsightComputeProfilers,,221443965.51724136,32,411.0,1,1,74.0,1,1,1934.0,39870689.655172415,32
GPU,NCU,PolyBenchGPU,PolyBenchGPU,LU/flag_O3,lu_kernel2,,NsightComputeProfilers,,3967901662.0498614,32,229186.0,1,1,130822.0,1,1,1166568.0,2264923822.714681,32
GPU,NCU,PolyBenchGPU,PolyBenchGPU,LU/flag_O3,lu_kernel2,,NsightComputeProfilers,,8534906096.0591135,32,221771.0,1,1,128077.0,1,1,1128657.0,4929071736.453202,32
GPU,NCU,PolyBenchGPU,PolyBenchGPU,LU/flag_O3,lu_kernel1,,NsightComputeProfilers,,186440677.9661017,32,352.0,1,1,69.0,1,1,1926.0,36546610.16949153,32
GPU,NCU,PolyBenchGPU,PolyBenchGPU,LU/flag_O3,lu_kernel1,,NsightComputeProfilers,,189655172.4137931,32,352.0,1,1,70.0,1,1,1928.0,37715517.241379306,32
GPU,NCU,PolyBenchGPU,PolyBenchGPU,LU/flag_O3,lu_kernel1,,NsightComputeProfilers,,202586206.8965517,32,376.0,1,1,70.0,1,1,1930.0,37715517.241379306,32
GPU,NCU,PolyBenchGPU,PolyBenchGPU,LU/flag_O3,lu_kernel1,,NsightComputeProfilers,,177419354.83870968,32,352.0,1,1,70.0,1,1,2350.0,35282258.06451613,32
GPU,NCU,PolyBenchGPU,PolyBenchGPU,LU/flag_O3,lu_kernel2,,NsightComputeProfilers,,8499692874.692875,32,221400.0,1,1,128005.0,1,1,1127798.0,4914196867.321868,32
GPU,NCU,PolyBenchGPU,PolyBenchGPU,LU/flag_O3,lu_kernel1,,NsightComputeProfilers,,185911016.94915256,32,351.0,1,1,72.0,1,1,1919.0,38135593.220338985,32
GPU,NCU,PolyBenchGPU,PolyBenchGPU,LU/flag_O3,lu_kernel2,,NsightComputeProfilers,,8453351997.578692,32,223439.0,1,1,128027.0,1,1,1133648.0,4843636501.210653,32
GPU,NCU,PolyBenchGPU,PolyBenchGPU,LU/flag_O3,lu_kernel2,,NsightComputeProfilers,,8435968907.035176,32,214881.0,1,1,122015.0,1,1,1083305.0,4790161746.231156,32
GPU,NCU,PolyBenchGPU,PolyBenchGPU,LU/flag_O3,lu_kernel1,,NsightComputeProfilers,,184322033.8983051,32,348.0,1,1,101.0,1,1,2041.0,53495762.711864404,32
GPU,NCU,PolyBenchGPU,PolyBenchGPU,LU/flag_O3,lu_kernel1,,NsightComputeProfilers,,186970338.98305085,32,353.0,1,1,73.0,1,1,2008.0,38665254.23728814,32
GPU,NCU,PolyBenchGPU,PolyBenchGPU,LU/flag_O3,lu_kernel1,,NsightComputeProfilers,,203399122.80701753,32,371.0,1,1,156.0,1,1,2001.0,85526315.78947368,32
GPU,NCU,PolyBenchGPU,PolyBenchGPU,LU/flag_O3,lu_kernel2,,NsightComputeProfilers,,8528754469.606674,32,228980.0,1,1,131149.0,1,1,1172767.0,4884870381.406436,32
GPU,NCU,PolyBenchGPU,PolyBenchGPU,LU/flag_O3,lu_kernel2,,NsightComputeProfilers,,5071291844.729344,32,227843.0,1,1,129862.0,1,1,1155468.0,2890446937.321937,32
GPU,NCU,PolyBenchGPU,PolyBenchGPU,LU/flag_O3,lu_kernel1,,NsightComputeProfilers,,182812500.00000003,32,351.0,1,1,69.0,1,1,1925.0,35937500.0,32
GPU,NCU,PolyBenchGPU,PolyBenchGPU,LU/flag_O3,lu_kernel2,,NsightComputeProfilers,,8443900126.42225,32,213732.0,1,1,121960.0,1,1,1084867.0,4818268015.17067,32
GPU,NCU,PolyBenchGPU,PolyBenchGPU,LU/flag_O3,lu_kernel1,,NsightComputeProfilers,,186440677.9661017,32,352.0,1,1,70.0,1,1,1922.0,37076271.18644068,32
GPU,NCU,PolyBenchGPU,PolyBenchGPU,LU/flag_O3,lu_kernel2,,NsightComputeProfilers,,8394655477.031801,32,228066.0,1,1,131458.0,1,1,1169815.0,4838707302.709069,32
GPU,NCU,PolyBenchGPU,PolyBenchGPU,LU/flag_O3,lu_kernel2,,NsightComputeProfilers,,8506600536.992841,32,228113.0,1,1,129869.0,1,1,1154455.0,4842966885.441527,32
GPU,NCU,PolyBenchGPU,PolyBenchGPU,LU/flag_O3,lu_kernel2,,NsightComputeProfilers,,8434505988.023952,32,225370.0,1,1,128710.0,1,1,1140217.0,4816991017.964071,32
GPU,NCU,PolyBenchGPU,PolyBenchGPU,LU/flag_O3,lu_kernel2,,NsightComputeProfilers,,8446570025.348542,32,213259.0,1,1,121650.0,1,1,1082524.0,4818203422.053232,32
GPU,NCU,PolyBenchGPU,PolyBenchGPU,LU/flag_O3,lu_kernel2,,NsightComputeProfilers,,8416153724.747475,32,213299.0,1,1,122023.0,1,1,1107894.0,4814670138.888889,32
GPU,NCU,PolyBenchGPU,PolyBenchGPU,LU/flag_O3,lu_kernel2,,NsightComputeProfilers,,8308789289.871944,32,228392.0,1,1,131439.0,1,1,1169927.0,4781686554.132712,32
GPU,NCU,PolyBenchGPU,PolyBenchGPU,LU/flag_O3,lu_kernel1,,NsightComputeProfilers,,179815573.77049178,32,351.0,1,1,76.0,1,1,2149.0,38934426.22950819,32
GPU,NCU,PolyBenchGPU,PolyBenchGPU,LU/flag_O3,lu_kernel1,,NsightComputeProfilers,,186440677.9661017,32,352.0,1,1,73.0,1,1,1932.0,38665254.23728814,32
GPU,NCU,PolyBenchGPU,PolyBenchGPU,LU/flag_O3,lu_kernel2,,NsightComputeProfilers,,8422615521.327014,32,227478.0,1,1,130824.0,1,1,1165951.0,4843898104.265403,32
GPU,NCU,PolyBenchGPU,PolyBenchGPU,LU/flag_O3,lu_kernel1,,NsightComputeProfilers,,185381355.93220338,32,350.0,1,1,72.0,1,1,2083.0,38135593.220338985,32
GPU,NCU,PolyBenchGPU,PolyBenchGPU,LU/flag_O3,lu_kernel1,,NsightComputeProfilers,,210668103.44827586,32,391.0,1,1,69.0,1,1,2072.0,37176724.137931034,32
GPU,NCU,PolyBenchGPU,PolyBenchGPU,LU/flag_O3,lu_kernel1,,NsightComputeProfilers,,186422413.79310343,32,346.0,1,1,158.0,1,1,1994.0,85129310.34482758,32
GPU,NCU,PolyBenchGPU,PolyBenchGPU,LU/flag_O3,lu_kernel2,,NsightComputeProfilers,,8518951113.861385,32,220266.0,1,1,127558.0,1,1,1126212.0,4933400371.287128,32
GPU,NCU,PolyBenchGPU,PolyBenchGPU,LU/flag_O3,lu_kernel2,,NsightComputeProfilers,,8414424280.350438,32,215140.0,1,1,122962.0,1,1,1095621.0,4809214643.304131,32
GPU,NCU,PolyBenchGPU,PolyBenchGPU,LU/flag_O3,lu_kernel1,,NsightComputeProfilers,,189116379.31034482,32,351.0,1,1,70.0,1,1,2166.0,37715517.241379306,32
GPU,NCU,PolyBenchGPU,PolyBenchGPU,LU/flag_O3,lu_kernel1,,NsightComputeProfilers,,195833333.33333334,32,376.0,1,1,77.0,1,1,1919.0,40104166.66666667,32
GPU,NCU,PolyBenchGPU,PolyBenchGPU,LU/flag_O3,lu_kernel2,,NsightComputeProfilers,,8182070035.460993,32,221505.0,1,1,127750.0,1,1,1127725.0,4718897754.1371155,32
GPU,NCU,PolyBenchGPU,PolyBenchGPU,LU/flag_O3,lu_kernel1,,NsightComputeProfilers,,184322033.8983051,32,348.0,1,1,98.0,1,1,2002.0,51906779.66101695,32
GPU,NCU,PolyBenchGPU,PolyBenchGPU,LU/flag_O3,lu_kernel1,,NsightComputeProfilers,,190193965.51724136,32,353.0,1,1,69.0,1,1,1956.0,37176724.137931034,32
GPU,NCU,PolyBenchGPU,PolyBenchGPU,LU/flag_O3,lu_kernel2,,NsightComputeProfilers,,5574102964.118565,32,228672.0,1,1,131018.0,1,1,1165973.0,3193691497.6599064,32
GPU,NCU,PolyBenchGPU,PolyBenchGPU,LU/flag_O3,lu_kernel1,,NsightComputeProfilers,,176229508.19672132,32,344.0,1,1,70.0,1,1,2047.0,35860655.73770492,32
GPU,NCU,PolyBenchGPU,PolyBenchGPU,LU/flag_O3,lu_kernel2,,NsightComputeProfilers,,7928875448.028674,32,212367.0,1,1,121965.0,1,1,1081916.0,4553651433.691756,32
GPU,NCU,PolyBenchGPU,PolyBenchGPU,LU/flag_O3,lu_kernel2,,NsightComputeProfilers,,7250473484.848485,32,214382.0,1,1,121972.0,1,1,1083616.0,4125135281.3852816,32
GPU,NCU,PolyBenchGPU,PolyBenchGPU,LU/flag_O3,lu_kernel2,,NsightComputeProfilers,,8568342558.425585,32,222914.0,1,1,128265.0,1,1,1129548.0,4930235239.852399,32
GPU,NCU,PolyBenchGPU,PolyBenchGPU,LU/flag_O3,lu_kernel2,,NsightComputeProfilers,,8497471316.425121,32,225149.0,1,1,128838.0,1,1,1143247.0,4862545289.855073,32
GPU,NCU,PolyBenchGPU,PolyBenchGPU,LU/flag_O3,lu_kernel2,,NsightComputeProfilers,,8482018998.793727,32,225011.0,1,1,129248.0,1,1,1142888.0,4872135102.533173,32
GPU,NCU,PolyBenchGPU,PolyBenchGPU,LU/flag_O3,lu_kernel1,,NsightComputeProfilers,,198275862.0689655,32,368.0,1,1,74.0,1,1,1927.0,39870689.655172415,32
GPU,NCU,PolyBenchGPU,PolyBenchGPU,LU/flag_O3,lu_kernel2,,NsightComputeProfilers,,8396230916.030535,32,211182.0,1,1,121274.0,1,1,1073838.0,4821644402.035624,32
GPU,NCU,PolyBenchGPU,PolyBenchGPU,LU/flag_O3,lu_kernel2,,NsightComputeProfilers,,8430306603.773584,32,214467.0,1,1,122022.0,1,1,1087821.0,4796462264.150944,32
GPU,NCU,PolyBenchGPU,PolyBenchGPU,LU/flag_O3,lu_kernel1,,NsightComputeProfilers,,189116379.31034482,32,351.0,1,1,69.0,1,1,2392.0,37176724.137931034,32
GPU,NCU,PolyBenchGPU,PolyBenchGPU,LU/flag_O3,lu_kernel2,,NsightComputeProfilers,,8503113745.498199,32,226659.0,1,1,129926.0,1,1,1152432.0,4874174669.867948,32
GPU,NCU,PolyBenchGPU,PolyBenchGPU,LU/flag_O3,lu_kernel1,,NsightComputeProfilers,,195312500.00000003,32,375.0,1,1,69.0,1,1,1925.0,35937500.0,32
GPU,NCU,PolyBenchGPU,PolyBenchGPU,LU/flag_O3,lu_kernel1,,NsightComputeProfilers,,192434210.52631578,32,351.0,1,1,69.0,1,1,1989.0,37828947.368421055,32
GPU,NCU,PolyBenchGPU,PolyBenchGPU,LU/flag_O3,lu_kernel1,,NsightComputeProfilers,,188029661.01694915,32,355.0,1,1,69.0,1,1,1913.0,36546610.16949153,32
GPU,NCU,PolyBenchGPU,PolyBenchGPU,LU/flag_O3,lu_kernel1,,NsightComputeProfilers,,192434210.52631578,32,351.0,1,1,74.0,1,1,1917.0,40570175.43859649,32
GPU,NCU,PolyBenchGPU,PolyBenchGPU,LU/flag_O3,lu_kernel1,,NsightComputeProfilers,,177766393.44262293,32,347.0,1,1,74.0,1,1,1911.0,37909836.06557377,32
GPU,NCU,PolyBenchGPU,PolyBenchGPU,LU/flag_O3,lu_kernel1,,NsightComputeProfilers,,252693965.51724136,32,469.0,1,1,73.0,1,1,1932.0,39331896.551724136,32
GPU,NCU,PolyBenchGPU,PolyBenchGPU,LU/flag_O3,lu_kernel1,,NsightComputeProfilers,,189116379.31034482,32,351.0,1,1,69.0,1,1,1919.0,37176724.137931034,32
GPU,NCU,PolyBenchGPU,PolyBenchGPU,LU/flag_O3,lu_kernel2,,NsightComputeProfilers,,8463180322.966507,32,226407.0,1,1,130139.0,1,1,1154913.0,4864645633.971292,32
GPU,NCU,PolyBenchGPU,PolyBenchGPU,LU/flag_O3,lu_kernel1,,NsightComputeProfilers,,203125000.0,32,377.0,1,1,73.0,1,1,1919.0,39331896.551724136,32
GPU,NCU,PolyBenchGPU,PolyBenchGPU,LU/flag_O3,lu_kernel2,,NsightComputeProfilers,,5794039869.812856,32,227868.0,1,1,130177.0,1,1,1154967.0,3310033563.8730674,32
GPU,NCU,PolyBenchGPU,PolyBenchGPU,LU/flag_O3,lu_kernel1,,NsightComputeProfilers,,183792372.88135594,32,347.0,1,1,72.0,1,1,1913.0,38135593.220338985,32
GPU,NCU,PolyBenchGPU,PolyBenchGPU,LU/flag_O3,lu_kernel2,,NsightComputeProfilers,,7190519815.418024,32,211919.0,1,1,121171.0,1,1,1069722.0,4111393865.363735,32
GPU,NCU,PolyBenchGPU,PolyBenchGPU,LU/flag_O3,lu_kernel1,,NsightComputeProfilers,,188038793.10344827,32,349.0,1,1,74.0,1,1,1926.0,39870689.655172415,32
GPU,NCU,PolyBenchGPU,PolyBenchGPU,LU/flag_O3,lu_kernel1,,NsightComputeProfilers,,189692982.45614034,32,346.0,1,1,72.0,1,1,1916.0,39473684.21052632,32
GPU,NCU,PolyBenchGPU,PolyBenchGPU,LU/flag_O3,lu_kernel1,,NsightComputeProfilers,,206688596.49122807,32,377.0,1,1,245.0,1,1,2129.0,134320175.4385965,32
GPU,NCU,PolyBenchGPU,PolyBenchGPU,LU/flag_O3,lu_kernel2,,NsightComputeProfilers,,8417063020.214031,32,226520.0,1,1,129931.0,1,1,1153565.0,4827994946.492271,32
GPU,NCU,PolyBenchGPU,PolyBenchGPU,LU/flag_O3,lu_kernel2,,NsightComputeProfilers,,8411178035.043805,32,215057.0,1,1,123154.0,1,1,1097917.0,4816724030.037547,32
GPU,NCU,PolyBenchGPU,PolyBenchGPU,LU/flag_O3,lu_kernel1,,NsightComputeProfilers,,187500000.0,32,348.0,1,1,81.0,1,1,2006.0,43642241.37931034,32
GPU,NCU,PolyBenchGPU,PolyBenchGPU,LU/flag_O3,lu_kernel2,,NsightComputeProfilers,,5792720228.384992,32,227260.0,1,1,130887.0,1,1,1169261.0,3336230628.0587277,32
GPU,NCU,PolyBenchGPU,PolyBenchGPU,LU/flag_O3,lu_kernel2,,NsightComputeProfilers,,8394536213.468868,32,211408.0,1,1,121588.0,1,1,1080978.0,4827986022.871664,32
GPU,NCU,PolyBenchGPU,PolyBenchGPU,LU/flag_O3,lu_kernel2,,NsightComputeProfilers,,8736979166.666666,32,221430.0,1,1,123089.0,1,1,1097577.0,4856731376.262627,32
GPU,NCU,PolyBenchGPU,PolyBenchGPU,LU/flag_O3,lu_kernel1,,NsightComputeProfilers,,189655172.4137931,32,352.0,1,1,70.0,1,1,1922.0,37715517.241379306,32
GPU,NCU,PolyBenchGPU,PolyBenchGPU,LU/flag_O3,lu_kernel1,,NsightComputeProfilers,,189692982.45614034,32,346.0,1,1,73.0,1,1,1929.0,40021929.8245614,32
GPU,NCU,PolyBenchGPU,PolyBenchGPU,LU/flag_O3,lu_kernel2,,NsightComputeProfilers,,8477312184.343434,32,214849.0,1,1,122642.0,1,1,1095944.0,4839094065.656566,32
GPU,NCU,PolyBenchGPU,PolyBenchGPU,LU/flag_O3,lu_kernel1,,NsightComputeProfilers,,184851694.91525424,32,349.0,1,1,72.0,1,1,1929.0,38135593.220338985,32
GPU,NCU,PolyBenchGPU,PolyBenchGPU,LU/flag_O3,lu_kernel1,,NsightComputeProfilers,,228283898.30508474,32,431.0,1,1,70.0,1,1,1947.0,37076271.18644068,32
GPU,NCU,PolyBenchGPU,PolyBenchGPU,LU/flag_O3,lu_kernel2,,NsightComputeProfilers,,8507950949.367089,32,215081.0,1,1,123203.0,1,1,1104482.0,4873536392.405064,32
GPU,NCU,PolyBenchGPU,PolyBenchGPU,LU/flag_O3,lu_kernel1,,NsightComputeProfilers,,183792372.88135594,32,347.0,1,1,73.0,1,1,2006.0,38665254.23728814,32
GPU,NCU,PolyBenchGPU,PolyBenchGPU,LU/flag_O3,lu_kernel1,,NsightComputeProfilers,,189116379.31034482,32,351.0,1,1,70.0,1,1,1928.0,37715517.241379306,32
GPU,NCU,PolyBenchGPU,PolyBenchGPU,LU/flag_O3,lu_kernel1,,NsightComputeProfilers,,186979166.6666667,32,359.0,1,1,137.0,1,1,1927.0,71354166.66666667,32
GPU,NCU,PolyBenchGPU,PolyBenchGPU,LU/flag_O3,lu_kernel2,,NsightComputeProfilers,,8618347772.277227,32,222836.0,1,1,127622.0,1,1,1126917.0,4935875618.811881,32
GPU,NCU,PolyBenchGPU,PolyBenchGPU,LU/flag_O3,lu_kernel2,,NsightComputeProfilers,,8378332810.539524,32,213681.0,1,1,122580.0,1,1,1094880.0,4806304893.350063,32
GPU,NCU,PolyBenchGPU,PolyBenchGPU,LU/flag_O3,lu_kernel2,,NsightComputeProfilers,,8230172677.261613,32,215433.0,1,1,123028.0,1,1,1096716.0,4700030562.347188,32
GPU,NCU,PolyBenchGPU,PolyBenchGPU,LU/flag_O3,lu_kernel2,,NsightComputeProfilers,,8518326783.555018,32,225429.0,1,1,129095.0,1,1,1141303.0,4878136336.154777,32
GPU,NCU,PolyBenchGPU,PolyBenchGPU,LU/flag_O3,lu_kernel2,,NsightComputeProfilers,,8471552518.427519,32,220667.0,1,1,127686.0,1,1,1126800.0,4901950245.700246,32
GPU,NCU,PolyBenchGPU,PolyBenchGPU,LU/flag_O3,lu_kernel1,,NsightComputeProfilers,,190677966.1016949,32,360.0,1,1,70.0,1,1,1920.0,37076271.18644068,32
GPU,NCU,PolyBenchGPU,PolyBenchGPU,LU/flag_O3,lu_kernel2,,NsightComputeProfilers,,5855632328.308208,32,223732.0,1,1,128582.0,1,1,1139642.0,3365316164.154104,32
GPU,NCU,PolyBenchGPU,PolyBenchGPU,LU/flag_O3,lu_kernel2,,NsightComputeProfilers,,5332231873.111783,32,225916.0,1,1,129030.0,1,1,1145230.0,3045458836.858006,32
GPU,NCU,PolyBenchGPU,PolyBenchGPU,LU/flag_O3,lu_kernel2,,NsightComputeProfilers,,8521637515.078407,32,226062.0,1,1,128774.0,1,1,1140951.0,4854267189.384801,32
GPU,NCU,PolyBenchGPU,PolyBenchGPU,LU/flag_O3,lu_kernel1,,NsightComputeProfilers,,175403225.80645162,32,348.0,1,1,73.0,1,1,1943.0,36794354.838709675,32
GPU,NCU,PolyBenchGPU,PolyBenchGPU,LU/flag_O3,lu_kernel2,,NsightComputeProfilers,,8463329844.497607,32,226411.0,1,1,130241.0,1,1,1158324.0,4868458433.014354,32
GPU,NCU,PolyBenchGPU,PolyBenchGPU,LU/flag_O3,lu_kernel1,,NsightComputeProfilers,,186961206.89655173,32,347.0,1,1,118.0,1,1,1936.0,63577586.20689655,32
GPU,NCU,PolyBenchGPU,PolyBenchGPU,LU/flag_O3,lu_kernel2,,NsightComputeProfilers,,8425904088.050314,32,214355.0,1,1,122966.0,1,1,1097252.0,4833569182.389937,32
GPU,NCU,PolyBenchGPU,PolyBenchGPU,MVT/flag_O1,mvt_kernel1,,NsightComputeProfilers,,2101807283.1808498,32,2146601.0,1,1,1172470.0,1,1,6787735.0,1148003744.2035344,32
GPU,NCU,PolyBenchGPU,PolyBenchGPU,MVT/flag_O1,mvt_kernel2,,NsightComputeProfilers,,512974413.6460554,32,577404.0,1,1,533014.0,1,1,4296554.0,473537668.7988628,32
GPU,NCU,PolyBenchGPU,PolyBenchGPU,MVT/flag_O2,mvt_kernel1,,NsightComputeProfilers,,2128305676.9903333,32,2212212.0,1,1,1136503.0,1,1,6803142.0,1093396919.8325226,32
GPU,NCU,PolyBenchGPU,PolyBenchGPU,MVT/flag_O2,mvt_kernel2,,NsightComputeProfilers,,506309451.5637349,32,574001.0,1,1,532402.0,1,1,4278454.0,469616193.40634525,32
GPU,NCU,PolyBenchGPU,PolyBenchGPU,MVT/flag_O3,mvt_kernel1,,NsightComputeProfilers,,2165210461.181778,32,2211494.0,1,1,1161783.0,1,1,6994937.0,1137468473.9018736,32
GPU,NCU,PolyBenchGPU,PolyBenchGPU,MVT/flag_O3,mvt_kernel2,,NsightComputeProfilers,,510408668.8847182,32,574369.0,1,1,533356.0,1,1,4280791.0,473962776.5455269,32
GPU,NCU,PolyBenchGPU,PolyBenchGPU,SYR2K/flag_O1,syr2k_kernel,,NsightComputeProfilers,,4157258403.959523,32,53730004.0,1,1,33590625.0,1,1,183881311.0,2599011682.1041527,32
GPU,NCU,PolyBenchGPU,PolyBenchGPU,SYR2K/flag_O2,syr2k_kernel,,NsightComputeProfilers,,3801190078.92482,32,49117701.0,1,1,33592235.0,1,1,188802320.0,2599683368.9531007,32
GPU,NCU,PolyBenchGPU,PolyBenchGPU,SYR2K/flag_O3,syr2k_kernel,,NsightComputeProfilers,,4154530659.191815,32,53688900.0,1,1,33592235.0,1,1,188838403.0,2599419437.132747,32
GPU,NCU,PolyBenchGPU,PolyBenchGPU,SYRK/flag_O1,syrk_kernel,,NsightComputeProfilers,,3233533697.862457,32,21473561.0,1,1,33589575.0,1,1,156275247.0,5057988409.997686,32
GPU,NCU,PolyBenchGPU,PolyBenchGPU,SYRK/flag_O2,syrk_kernel,,NsightComputeProfilers,,3232943182.6943464,32,21468398.0,1,1,33587927.0,1,1,155976630.0,5058032723.982729,32
GPU,NCU,PolyBenchGPU,PolyBenchGPU,SYRK/flag_O3,syrk_kernel,,NsightComputeProfilers,,3233069271.026596,32,21468718.0,1,1,33587393.0,1,1,156170835.0,5058074180.404894,32
GPU,NVBit,PolyBenchGPU,PolyBenchGPU,O3,Unnamed,,NVBitProfilers,,897141.51,4,4716288.0,1,1,524032.0,1,1,167690240.0,99682.39,4
GPU,NVBit,PolyBenchGPU,PolyBenchGPU,O3,Unnamed,,NVBitProfilers,,957424.65,4,134250496.0,1,1,67174400.0,1,1,6445596672.0,479062.86,4
GPU,NVBit,PolyBenchGPU,PolyBenchGPU,O3,Unnamed,,NVBitProfilers,,971417.77,4,5677408.0,1,1,516128.0,1,1,198193152.0,88310.71,4
GPU,NVBit,PolyBenchGPU,PolyBenchGPU,O3,Unnamed,,NVBitProfilers,,974628.36,4,25165824.0,1,1,12607488.0,1,1,1208745984.0,488265.96,4
GPU,NVBit,PolyBenchGPU,PolyBenchGPU,O3,Unnamed,,NVBitProfilers,,217674.63,4,671104.0,1,1,196416.0,1,1,27760640.0,63708.13,4
GPU,NVBit,PolyBenchGPU,PolyBenchGPU,O3,Unnamed,,NVBitProfilers,,560471.99,4,16777216.0,1,1,8390656.0,1,1,805371904.0,280304.41,4
GPU,NVBit,PolyBenchGPU,PolyBenchGPU,O3,Unnamed,,NVBitProfilers,,434625.29,4,2097152.0,1,1,1048832.0,1,1,100671488.0,217365.7,4
GPU,NVBit,PolyBenchGPU,PolyBenchGPU,O3,Unnamed,,NVBitProfilers,,686218.34,4,273154048.0,1,1,136841409.0,1,1,13119854624.0,343773.36,4
GPU,NVBit,PolyBenchGPU,PolyBenchGPU,O3,Unnamed,,NVBitProfilers,,752884.05,4,272826368.0,1,1,136611968.0,1,1,13102026752.0,376990.58,4
GPU,NVBit,PolyBenchGPU,PolyBenchGPU,O3,Unnamed,,NVBitProfilers,,835572.98,4,720672000.0,1,1,196576000.0,1,1,29351936000.0,227917.27,4
GPU,NVBit,PolyBenchGPU,PolyBenchGPU,O3,Unnamed,,NVBitProfilers,,984530.79,4,8396800.0,1,1,4202496.0,1,1,403177472.0,492745.65,4
GPU,NVBit,PolyBenchGPU,PolyBenchGPU,O3,Unnamed,,NVBitProfilers,,604817.53,4,4719104.0,1,1,1572992.0,1,1,201347072.0,201600.38,4
GPU,NVBit,PolyBenchGPU,PolyBenchGPU,O3,Unnamed,,NVBitProfilers,,376662.39,4,3145984.0,1,1,1048704.0,1,1,134230016.0,125559.24,4
GPU,NVBit,PolyBenchGPU,PolyBenchGPU,O3,Unnamed,,NVBitProfilers,,825153.15,4,685375488.0,1,1,272567232.0,1,1,30654167040.0,328155.46,4
GPU,NVBit,PolyBenchGPU,PolyBenchGPU,O3,Unnamed,,NVBitProfilers,,1209021.52,4,5120000.0,1,1,2560000.0,1,1,245760000.0,604510.76,4
GPU,NVBit,PolyBenchGPU,PolyBenchGPU,O3,Unnamed,,NVBitProfilers,,890716.97,4,3832320.0,1,1,1277440.0,1,1,163512320.0,296905.66,4
GPU,NVBit,PolyBenchGPU,PolyBenchGPU,O3,Unnamed,,NVBitProfilers,,1273815.0,4,137468288.0,1,1,45835200.0,1,1,5865711616.0,424720.25,4
GPU,NVBit,PolyBenchGPU,PolyBenchGPU,O3,Unnamed,,NVBitProfilers,,548654.12,4,16779264.0,1,1,8388608.0,1,1,805371904.0,274293.57,4
GPU,NVBit,PolyBenchGPU,PolyBenchGPU,O3,Unnamed,,NVBitProfilers,,1030918.42,4,134250496.0,1,1,33587200.0,1,1,5370806272.0,257918.33,4
GPU,NVBit,PolyBenchGPU,PolyBenchGPU,O3,Unnamed,,NVBitProfilers,,903401.95,4,67141632.0,1,1,33587200.0,1,1,3223322624.0,451921.42,4
